  0
SECTION
  2
HEADER
  9
$ACADVER
  1
AC1027
  9
$ACADMAINTVER
 70
105
  9
$DWGCODEPAGE
  3
ANSI_1252
  9
$LASTSAVEDBY
  1
ezdxf
  9
$REQUIREDVERSIONS
160
0
  9
$INSBASE
 10
0.0
 20
0.0
 30
0.0
  9
$EXTMIN
 10
1e+20
 20
1e+20
 30
1e+20
  9
$EXTMAX
 10
-1e+20
 20
-1e+20
 30
-1e+20
  9
$LIMMIN
 10
0.0
 20
0.0
  9
$LIMMAX
 10
420.0
 20
297.0
  9
$ORTHOMODE
 70
0
  9
$REGENMODE
 70
1
  9
$FILLMODE
 70
1
  9
$QTEXTMODE
 70
0
  9
$MIRRTEXT
 70
1
  9
$LTSCALE
 40
1.0
  9
$ATTMODE
 70
1
  9
$TEXTSIZE
 40
2.5
  9
$TRACEWID
 40
1.0
  9
$TEXTSTYLE
  7
Standard
  9
$CLAYER
  8
0
  9
$CELTYPE
  6
ByLayer
  9
$CECOLOR
 62
256
  9
$CELTSCALE
 40
1.0
  9
$DISPSILH
 70
0
  9
$DIMSCALE
 40
1.0
  9
$DIMASZ
 40
2.5
  9
$DIMEXO
 40
0.625
  9
$DIMDLI
 40
3.75
  9
$DIMRND
 40
0.0
  9
$DIMDLE
 40
0.0
  9
$DIMEXE
 40
1.25
  9
$DIMTP
 40
0.0
  9
$DIMTM
 40
0.0
  9
$DIMTXT
 40
2.5
  9
$DIMCEN
 40
2.5
  9
$DIMTSZ
 40
0.0
  9
$DIMTOL
 70
0
  9
$DIMLIM
 70
0
  9
$DIMTIH
 70
0
  9
$DIMTOH
 70
0
  9
$DIMSE1
 70
0
  9
$DIMSE2
 70
0
  9
$DIMTAD
 70
1
  9
$DIMZIN
 70
8
  9
$DIMBLK
  1

  9
$DIMASO
 70
1
  9
$DIMSHO
 70
1
  9
$DIMPOST
  1

  9
$DIMAPOST
  1

  9
$DIMALT
 70
0
  9
$DIMALTD
 70
3
  9
$DIMALTF
 40
0.03937007874
  9
$DIMLFAC
 40
1.0
  9
$DIMTOFL
 70
1
  9
$DIMTVP
 40
0.0
  9
$DIMTIX
 70
0
  9
$DIMSOXD
 70
0
  9
$DIMSAH
 70
0
  9
$DIMBLK1
  1

  9
$DIMBLK2
  1

  9
$DIMSTYLE
  2
ISO-25
  9
$DIMCLRD
 70
0
  9
$DIMCLRE
 70
0
  9
$DIMCLRT
 70
0
  9
$DIMTFAC
 40
1.0
  9
$DIMGAP
 40
0.625
  9
$DIMJUST
 70
0
  9
$DIMSD1
 70
0
  9
$DIMSD2
 70
0
  9
$DIMTOLJ
 70
0
  9
$DIMTZIN
 70
8
  9
$DIMALTZ
 70
0
  9
$DIMALTTZ
 70
0
  9
$DIMUPT
 70
0
  9
$DIMDEC
 70
2
  9
$DIMTDEC
 70
2
  9
$DIMALTU
 70
2
  9
$DIMALTTD
 70
3
  9
$DIMTXSTY
  7
Standard
  9
$DIMAUNIT
 70
0
  9
$DIMADEC
 70
0
  9
$DIMALTRND
 40
0.0
  9
$DIMAZIN
 70
0
  9
$DIMDSEP
 70
44
  9
$DIMATFIT
 70
3
  9
$DIMFRAC
 70
0
  9
$DIMLDRBLK
  1

  9
$DIMLUNIT
 70
2
  9
$DIMLWD
 70
-2
  9
$DIMLWE
 70
-2
  9
$DIMTMOVE
 70
0
  9
$DIMFXL
 40
1.0
  9
$DIMFXLON
 70
0
  9
$DIMJOGANG
 40
0.785398163397
  9
$DIMTFILL
 70
0
  9
$DIMTFILLCLR
 70
0
  9
$DIMARCSYM
 70
0
  9
$DIMLTYPE
  6

  9
$DIMLTEX1
  6

  9
$DIMLTEX2
  6

  9
$DIMTXTDIRECTION
 70
0
  9
$LUNITS
 70
2
  9
$LUPREC
 70
4
  9
$SKETCHINC
 40
1.0
  9
$FILLETRAD
 40
10.0
  9
$AUNITS
 70
0
  9
$AUPREC
 70
2
  9
$MENU
  1
.
  9
$ELEVATION
 40
0.0
  9
$PELEVATION
 40
0.0
  9
$THICKNESS
 40
0.0
  9
$LIMCHECK
 70
0
  9
$CHAMFERA
 40
0.0
  9
$CHAMFERB
 40
0.0
  9
$CHAMFERC
 40
0.0
  9
$CHAMFERD
 40
0.0
  9
$SKPOLY
 70
0
  9
$TDCREATE
 40
2461315.6663078703
  9
$TDUCREATE
 40
2458532.153996898
  9
$TDUPDATE
 40
2461315.6663078703
  9
$TDUUPDATE
 40
2458532.1544311
  9
$TDINDWG
 40
0.0
  9
$TDUSRTIMER
 40
0.0
  9
$USRTIMER
 70
1
  9
$ANGBASE
 50
0.0
  9
$ANGDIR
 70
0
  9
$PDMODE
 70
0
  9
$PDSIZE
 40
0.0
  9
$PLINEWID
 40
0.0
  9
$SPLFRAME
 70
0
  9
$SPLINETYPE
 70
6
  9
$SPLINESEGS
 70
8
  9
$HANDSEED
  5
119
  9
$SURFTAB1
 70
6
  9
$SURFTAB2
 70
6
  9
$SURFTYPE
 70
6
  9
$SURFU
 70
6
  9
$SURFV
 70
6
  9
$UCSBASE
  2

  9
$UCSNAME
  2

  9
$UCSORG
 10
0.0
 20
0.0
 30
0.0
  9
$UCSXDIR
 10
1.0
 20
0.0
 30
0.0
  9
$UCSYDIR
 10
0.0
 20
1.0
 30
0.0
  9
$UCSORTHOREF
  2

  9
$UCSORTHOVIEW
 70
0
  9
$UCSORGTOP
 10
0.0
 20
0.0
 30
0.0
  9
$UCSORGBOTTOM
 10
0.0
 20
0.0
 30
0.0
  9
$UCSORGLEFT
 10
0.0
 20
0.0
 30
0.0
  9
$UCSORGRIGHT
 10
0.0
 20
0.0
 30
0.0
  9
$UCSORGFRONT
 10
0.0
 20
0.0
 30
0.0
  9
$UCSORGBACK
 10
0.0
 20
0.0
 30
0.0
  9
$PUCSBASE
  2

  9
$PUCSNAME
  2

  9
$PUCSORG
 10
0.0
 20
0.0
 30
0.0
  9
$PUCSXDIR
 10
1.0
 20
0.0
 30
0.0
  9
$PUCSYDIR
 10
0.0
 20
1.0
 30
0.0
  9
$PUCSORTHOREF
  2

  9
$PUCSORTHOVIEW
 70
0
  9
$PUCSORGTOP
 10
0.0
 20
0.0
 30
0.0
  9
$PUCSORGBOTTOM
 10
0.0
 20
0.0
 30
0.0
  9
$PUCSORGLEFT
 10
0.0
 20
0.0
 30
0.0
  9
$PUCSORGRIGHT
 10
0.0
 20
0.0
 30
0.0
  9
$PUCSORGFRONT
 10
0.0
 20
0.0
 30
0.0
  9
$PUCSORGBACK
 10
0.0
 20
0.0
 30
0.0
  9
$USERI1
 70
0
  9
$USERI2
 70
0
  9
$USERI3
 70
0
  9
$USERI4
 70
0
  9
$USERI5
 70
0
  9
$USERR1
 40
0.0
  9
$USERR2
 40
0.0
  9
$USERR3
 40
0.0
  9
$USERR4
 40
0.0
  9
$USERR5
 40
0.0
  9
$WORLDVIEW
 70
1
  9
$SHADEDGE
 70
3
  9
$SHADEDIF
 70
70
  9
$TILEMODE
 70
1
  9
$MAXACTVP
 70
64
  9
$PINSBASE
 10
0.0
 20
0.0
 30
0.0
  9
$PLIMCHECK
 70
0
  9
$PEXTMIN
 10
1e+20
 20
1e+20
 30
1e+20
  9
$PEXTMAX
 10
-1e+20
 20
-1e+20
 30
-1e+20
  9
$PLIMMIN
 10
0.0
 20
0.0
  9
$PLIMMAX
 10
420.0
 20
297.0
  9
$UNITMODE
 70
0
  9
$VISRETAIN
 70
1
  9
$PLINEGEN
 70
0
  9
$PSLTSCALE
 70
1
  9
$TREEDEPTH
 70
3020
  9
$CMLSTYLE
  2
Standard
  9
$CMLJUST
 70
0
  9
$CMLSCALE
 40
20.0
  9
$PROXYGRAPHICS
 70
1
  9
$MEASUREMENT
 70
1
  9
$CELWEIGHT
370
-1
  9
$ENDCAPS
280
0
  9
$JOINSTYLE
280
0
  9
$LWDISPLAY
290
0
  9
$INSUNITS
 70
6
  9
$HYPERLINKBASE
  1

  9
$STYLESHEET
  1

  9
$XEDIT
290
1
  9
$CEPSNTYPE
380
0
  9
$PSTYLEMODE
290
1
  9
$FINGERPRINTGUID
  2
{E7D0BE21-81D7-4A78-8331-E1A305929DCB}
  9
$VERSIONGUID
  2
{A2F86F6A-5BA3-448A-86D3-BDBCD493B143}
  9
$EXTNAMES
290
1
  9
$PSVPSCALE
 40
0.0
  9
$OLESTARTUP
290
0
  9
$SORTENTS
280
127
  9
$INDEXCTL
280
0
  9
$HIDETEXT
280
1
  9
$XCLIPFRAME
280
1
  9
$HALOGAP
280
0
  9
$OBSCOLOR
 70
257
  9
$OBSLTYPE
280
0
  9
$INTERSECTIONDISPLAY
280
0
  9
$INTERSECTIONCOLOR
 70
257
  9
$DIMASSOC
280
2
  9
$PROJECTNAME
  1

  9
$CAMERADISPLAY
290
0
  9
$LENSLENGTH
 40
50.0
  9
$CAMERAHEIGHT
 40
0.0
  9
$STEPSPERSEC
 40
24.0
  9
$STEPSIZE
 40
100.0
  9
$3DDWFPREC
 40
2.0
  9
$PSOLWIDTH
 40
0.005
  9
$PSOLHEIGHT
 40
0.08
  9
$LOFTANG1
 40
1.570796326795
  9
$LOFTANG2
 40
1.570796326795
  9
$LOFTMAG1
 40
0.0
  9
$LOFTMAG2
 40
0.0
  9
$LOFTPARAM
 70
7
  9
$LOFTNORMALS
280
1
  9
$LATITUDE
 40
37.795
  9
$LONGITUDE
 40
-122.394
  9
$NORTHDIRECTION
 40
0.0
  9
$TIMEZONE
 70
-8000
  9
$LIGHTGLYPHDISPLAY
280
1
  9
$TILEMODELIGHTSYNCH
280
1
  9
$CMATERIAL
347
20
  9
$SOLIDHIST
280
0
  9
$SHOWHIST
280
1
  9
$DWFFRAME
280
2
  9
$DGNFRAME
280
2
  9
$REALWORLDSCALE
290
1
  9
$INTERFERECOLOR
 62
256
  9
$CSHADOW
280
0
  9
$SHADOWPLANELOCATION
 40
0.0
  0
ENDSEC
  0
SECTION
  2
CLASSES
  0
CLASS
  1
ACDBDICTIONARYWDFLT
  2
AcDbDictionaryWithDefault
  3
ObjectDBX Classes
 90
0
 91
0
280
0
281
0
  0
CLASS
  1
SUN
  2
AcDbSun
  3
SCENEOE
 90
1153
 91
0
280
0
281
0
  0
CLASS
  1
VISUALSTYLE
  2
AcDbVisualStyle
  3
ObjectDBX Classes
 90
4095
 91
0
280
0
281
0
  0
CLASS
  1
MATERIAL
  2
AcDbMaterial
  3
ObjectDBX Classes
 90
1153
 91
0
280
0
281
0
  0
CLASS
  1
SCALE
  2
AcDbScale
  3
ObjectDBX Classes
 90
1153
 91
0
280
0
281
0
  0
CLASS
  1
TABLESTYLE
  2
AcDbTableStyle
  3
ObjectDBX Classes
 90
4095
 91
0
280
0
281
0
  0
CLASS
  1
MLEADERSTYLE
  2
AcDbMLeaderStyle
  3
ACDB_MLEADERSTYLE_CLASS
 90
4095
 91
0
280
0
281
0
  0
CLASS
  1
DICTIONARYVAR
  2
AcDbDictionaryVar
  3
ObjectDBX Classes
 90
0
 91
0
280
0
281
0
  0
CLASS
  1
CELLSTYLEMAP
  2
AcDbCellStyleMap
  3
ObjectDBX Classes
 90
1152
 91
0
280
0
281
0
  0
CLASS
  1
MENTALRAYRENDERSETTINGS
  2
AcDbMentalRayRenderSettings
  3
SCENEOE
 90
1024
 91
0
280
0
281
0
  0
CLASS
  1
ACDBDETAILVIEWSTYLE
  2
AcDbDetailViewStyle
  3
ObjectDBX Classes
 90
1025
 91
0
280
0
281
0
  0
CLASS
  1
ACDBSECTIONVIEWSTYLE
  2
AcDbSectionViewStyle
  3
ObjectDBX Classes
 90
1025
 91
0
280
0
281
0
  0
CLASS
  1
RASTERVARIABLES
  2
AcDbRasterVariables
  3
ISM
 90
0
 91
0
280
0
281
0
  0
CLASS
  1
LAYOUT
  2
AcDbLayout
  3
ObjectDBX Classes
 90
0
 91
0
280
0
281
0
  0
CLASS
  1
ACDBPLACEHOLDER
  2
AcDbPlaceHolder
  3
ObjectDBX Classes
 90
0
 91
0
280
0
281
0
  0
ENDSEC
  0
SECTION
  2
TABLES
  0
TABLE
  2
VPORT
  5
8
330
0
100
AcDbSymbolTable
 70
1
  0
VPORT
  5
23
330
8
100
AcDbSymbolTableRecord
100
AcDbViewportTableRecord
  2
*Active
 70
0
 10
0.0
 20
0.0
 11
1.0
 21
1.0
 12
0.0
 22
0.0
 13
0.0
 23
0.0
 14
0.5
 24
0.5
 15
0.5
 25
0.5
 16
0.0
 26
0.0
 36
1.0
 17
0.0
 27
0.0
 37
0.0
 40
1000.0
 41
1.34
 42
50.0
 43
0.0
 44
0.0
 50
0.0
 51
0.0
 71
0
 72
1000
 73
1
 74
3
 75
0
 76
0
 77
0
 78
0
281
0
 65
0
146
0.0
  0
ENDTAB
  0
TABLE
  2
LTYPE
  5
2
330
0
100
AcDbSymbolTable
 70
3
  0
LTYPE
  5
24
330
2
100
AcDbSymbolTableRecord
100
AcDbLinetypeTableRecord
  2
ByBlock
 70
0
  3

 72
65
 73
0
 40
0.0
  0
LTYPE
  5
25
330
2
100
AcDbSymbolTableRecord
100
AcDbLinetypeTableRecord
  2
ByLayer
 70
0
  3

 72
65
 73
0
 40
0.0
  0
LTYPE
  5
26
330
2
100
AcDbSymbolTableRecord
100
AcDbLinetypeTableRecord
  2
Continuous
 70
0
  3

 72
65
 73
0
 40
0.0
  0
ENDTAB
  0
TABLE
  2
LAYER
  5
1
330
0
100
AcDbSymbolTable
 70
8
  0
LAYER
  5
27
330
1
100
AcDbSymbolTableRecord
100
AcDbLayerTableRecord
  2
0
 70
0
 62
7
  6
Continuous
370
-3
390
13
347
21
  0
LAYER
  5
28
330
1
100
AcDbSymbolTableRecord
100
AcDbLayerTableRecord
  2
Defpoints
 70
0
 62
7
  6
Continuous
290
0
370
-3
390
13
347
21
  0
LAYER
  5
2F
330
1
100
AcDbSymbolTableRecord
100
AcDbLayerTableRecord
  2
ISO_WHOLE
 70
0
 62
7
  6
Continuous
370
-3
390
13
347
21
  0
LAYER
  5
30
330
1
100
AcDbSymbolTableRecord
100
AcDbLayerTableRecord
  2
ISO_HALF
 70
0
 62
8
  6
Continuous
370
-3
390
13
347
21
  0
LAYER
  5
31
330
1
100
AcDbSymbolTableRecord
100
AcDbLayerTableRecord
  2
ISO_LABELS
 70
0
 62
7
  6
Continuous
370
-3
390
13
347
21
  0
LAYER
  5
32
330
1
100
AcDbSymbolTableRecord
100
AcDbLayerTableRecord
  2
CHANNEL_ISLANDS_24
 70
0
 62
30
  6
Continuous
370
-3
390
13
347
21
  0
LAYER
  5
33
330
1
100
AcDbSymbolTableRecord
100
AcDbLayerTableRecord
  2
OS_GRID_100KM
 70
0
 62
5
  6
Continuous
370
-3
390
13
347
21
  0
LAYER
  5
34
330
1
100
AcDbSymbolTableRecord
100
AcDbLayerTableRecord
  2
COASTLINE
 70
0
 62
9
  6
Continuous
370
-3
390
13
347
21
  0
ENDTAB
  0
TABLE
  2
STYLE
  5
5
330
0
100
AcDbSymbolTable
 70
1
  0
STYLE
  5
29
330
5
100
AcDbSymbolTableRecord
100
AcDbTextStyleTableRecord
  2
Standard
 70
0
 40
0.0
 41
1.0
 50
0.0
 71
0
 42
2.5
  3
txt
  4

  0
ENDTAB
  0
TABLE
  2
VIEW
  5
7
330
0
100
AcDbSymbolTable
 70
0
  0
ENDTAB
  0
TABLE
  2
UCS
  5
6
330
0
100
AcDbSymbolTable
 70
0
  0
ENDTAB
  0
TABLE
  2
APPID
  5
3
330
0
100
AcDbSymbolTable
 70
3
  0
APPID
  5
2A
330
3
100
AcDbSymbolTableRecord
100
AcDbRegAppTableRecord
  2
ACAD
 70
0
  0
APPID
  5
116
330
3
100
AcDbSymbolTableRecord
100
AcDbRegAppTableRecord
  2
HATCHBACKGROUNDCOLOR
 70
0
  0
APPID
  5
117
330
3
100
AcDbSymbolTableRecord
100
AcDbRegAppTableRecord
  2
EZDXF
 70
0
  0
ENDTAB
  0
TABLE
  2
DIMSTYLE
  5
4
330
0
100
AcDbSymbolTable
 70
1
100
AcDbDimStyleTable
  0
DIMSTYLE
105
2B
330
4
100
AcDbSymbolTableRecord
100
AcDbDimStyleTableRecord
  2
Standard
 70
0
 40
1.0
 41
2.5
 42
0.625
 43
3.75
 44
1.25
 45
0.0
 46
0.0
 47
0.0
 48
0.0
 49
2.5
140
2.5
141
2.5
142
0.0
143
0.03937007874
144
1.0
145
0.0
146
1.0
147
0.625
148
0.0
 69
0
 70
0
 71
0
 72
0
 73
0
 74
0
 75
0
 76
0
 77
1
 78
8
 79
3
170
0
171
3
172
1
173
0
174
0
175
0
176
0
177
0
178
0
179
2
271
2
272
2
273
2
274
3
275
0
276
0
277
2
278
44
279
0
280
0
281
0
282
0
283
0
284
8
285
0
286
0
288
0
289
3
290
0
371
-2
372
-2
  0
ENDTAB
  0
TABLE
  2
BLOCK_RECORD
  5
9
330
0
100
AcDbSymbolTable
 70
2
  0
BLOCK_RECORD
  5
17
330
9
100
AcDbSymbolTableRecord
100
AcDbBlockTableRecord
  2
*Model_Space
340
1A
 70
0
280
1
281
0
  0
BLOCK_RECORD
  5
1B
330
9
100
AcDbSymbolTableRecord
100
AcDbBlockTableRecord
  2
*Paper_Space
340
1E
 70
0
280
1
281
0
  0
ENDTAB
  0
ENDSEC
  0
SECTION
  2
BLOCKS
  0
BLOCK
  5
18
330
17
100
AcDbEntity
  8
0
100
AcDbBlockBegin
  2
*Model_Space
 70
0
 10
0.0
 20
0.0
 30
0.0
  3
*Model_Space
  1

  0
ENDBLK
  5
19
330
17
100
AcDbEntity
  8
0
100
AcDbBlockEnd
  0
BLOCK
  5
1C
330
1B
100
AcDbEntity
  8
0
100
AcDbBlockBegin
  2
*Paper_Space
 70
0
 10
0.0
 20
0.0
 30
0.0
  3
*Paper_Space
  1

  0
ENDBLK
  5
1D
330
1B
100
AcDbEntity
  8
0
100
AcDbBlockEnd
  0
ENDSEC
  0
SECTION
  2
ENTITIES
  0
LWPOLYLINE
  5
35
330
17
100
AcDbEntity
  8
ISO_WHOLE
100
AcDbPolyline
 90
963
 70
1
 10
399029.8
 20
68909.8
 10
398251.0
 20
69501.3
 10
397480.0
 20
70103.0
 10
396716.5
 20
70714.8
 10
395960.7
 20
71336.6
 10
395212.4
 20
71968.2
 10
394471.7
 20
72609.3
 10
393738.6
 20
73259.9
 10
393012.9
 20
73919.7
 10
392294.6
 20
74588.7
 10
391583.8
 20
75266.6
 10
390880.3
 20
75953.3
 10
390184.2
 20
76648.6
 10
389495.4
 20
77352.3
 10
388813.9
 20
78064.3
 10
388139.7
 20
78784.4
 10
387472.6
 20
79512.5
 10
386812.7
 20
80248.4
 10
386160.0
 20
80991.9
 10
385514.4
 20
81742.8
 10
384875.9
 20
82501.0
 10
384244.4
 20
83266.4
 10
383619.9
 20
84038.7
 10
383002.4
 20
84817.8
 10
382391.8
 20
85603.5
 10
381788.2
 20
86395.7
 10
381191.4
 20
87194.2
 10
380601.4
 20
87998.9
 10
380018.3
 20
88809.5
 10
379442.0
 20
89625.8
 10
378872.3
 20
90447.9
 10
378309.4
 20
91275.4
 10
377753.2
 20
92108.2
 10
377203.6
 20
92946.1
 10
376660.6
 20
93789.0
 10
376124.2
 20
94636.8
 10
375594.4
 20
95489.2
 10
375071.0
 20
96346.0
 10
374554.1
 20
97207.2
 10
374043.6
 20
98072.5
 10
373539.6
 20
98941.8
 10
373041.9
 20
99814.9
 10
372550.5
 20
100691.7
 10
372065.5
 20
101571.9
 10
371586.7
 20
102455.5
 10
371114.2
 20
103342.2
 10
370647.8
 20
104232.0
 10
370187.7
 20
105124.5
 10
369733.6
 20
106019.7
 10
369285.7
 20
106917.5
 10
368843.8
 20
107817.5
 10
368408.0
 20
108719.7
 10
367978.2
 20
109623.9
 10
367554.3
 20
110529.9
 10
367136.4
 20
111437.7
 10
366724.3
 20
112346.9
 10
366318.2
 20
113257.4
 10
365917.8
 20
114169.1
 10
365523.3
 20
115081.9
 10
365134.5
 20
115995.5
 10
364751.4
 20
116909.7
 10
364374.1
 20
117824.5
 10
364002.4
 20
118739.6
 10
363636.3
 20
119654.9
 10
363275.9
 20
120570.2
 10
362921.0
 20
121485.4
 10
362571.6
 20
122400.4
 10
362227.8
 20
123315.4
 10
361889.4
 20
124230.3
 10
361556.5
 20
125145.1
 10
361229.1
 20
126059.8
 10
360907.0
 20
126974.5
 10
360590.4
 20
127889.2
 10
360279.1
 20
128804.0
 10
359973.2
 20
129718.7
 10
359672.6
 20
130633.5
 10
359377.3
 20
131548.4
 10
359087.3
 20
132463.4
 10
358802.6
 20
133378.5
 10
358523.0
 20
134293.7
 10
358248.7
 20
135209.1
 10
357979.5
 20
136124.6
 10
357715.6
 20
137040.4
 10
357456.7
 20
137956.3
 10
357203.0
 20
138872.5
 10
356954.3
 20
139789.0
 10
356710.7
 20
140705.7
 10
356472.1
 20
141622.7
 10
356238.6
 20
142540.0
 10
356010.0
 20
143457.7
 10
355786.4
 20
144375.7
 10
355567.8
 20
145294.1
 10
355354.1
 20
146212.9
 10
355145.2
 20
147132.0
 10
354941.3
 20
148051.7
 10
354742.2
 20
148971.8
 10
354547.9
 20
149892.3
 10
354358.4
 20
150813.4
 10
354173.7
 20
151735.0
 10
353993.8
 20
152657.1
 10
353818.5
 20
153579.7
 10
353648.0
 20
154503.0
 10
353482.2
 20
155426.8
 10
353321.0
 20
156351.3
 10
353164.5
 20
157276.4
 10
353012.5
 20
158202.1
 10
352865.2
 20
159128.5
 10
352722.4
 20
160055.7
 10
352584.1
 20
160983.5
 10
352450.4
 20
161912.1
 10
352321.2
 20
162841.4
 10
352196.4
 20
163771.5
 10
352076.1
 20
164702.4
 10
351960.2
 20
165634.2
 10
351848.6
 20
166566.7
 10
351741.5
 20
167500.1
 10
351638.7
 20
168434.4
 10
351540.3
 20
169369.6
 10
351446.1
 20
170305.8
 10
351356.2
 20
171242.8
 10
351270.6
 20
172180.8
 10
351189.2
 20
173119.8
 10
351112.0
 20
174059.8
 10
351038.9
 20
175000.8
 10
350970.1
 20
175942.9
 10
350905.3
 20
176885.9
 10
350844.7
 20
177830.0
 10
350788.0
 20
178775.0
 10
350735.3
 20
179721.0
 10
350686.6
 20
180667.9
 10
350641.8
 20
181615.8
 10
350600.8
 20
182564.6
 10
350563.6
 20
183514.3
 10
350530.3
 20
184464.9
 10
350500.6
 20
185416.3
 10
350474.7
 20
186368.6
 10
350452.3
 20
187321.7
 10
350433.6
 20
188275.7
 10
350418.5
 20
189230.4
 10
350406.9
 20
190186.0
 10
350398.7
 20
191142.3
 10
350394.0
 20
192099.4
 10
350392.7
 20
193057.2
 10
350394.7
 20
194015.7
 10
350400.1
 20
194975.0
 10
350408.7
 20
195934.9
 10
350420.5
 20
196895.5
 10
350435.5
 20
197856.8
 10
350453.7
 20
198818.7
 10
350474.9
 20
199781.2
 10
350499.2
 20
200744.3
 10
350526.6
 20
201708.1
 10
350556.9
 20
202672.4
 10
350590.1
 20
203637.2
 10
350626.2
 20
204602.7
 10
350665.2
 20
205568.6
 10
350706.9
 20
206535.1
 10
350751.5
 20
207502.0
 10
350798.7
 20
208469.5
 10
350848.6
 20
209437.4
 10
350901.2
 20
210405.7
 10
350956.3
 20
211374.5
 10
351014.0
 20
212343.7
 10
351074.2
 20
213313.3
 10
351136.9
 20
214283.3
 10
351201.9
 20
215253.6
 10
351269.4
 20
216224.3
 10
351339.2
 20
217195.3
 10
351411.3
 20
218166.7
 10
351485.7
 20
219138.3
 10
351562.2
 20
220110.3
 10
351641.0
 20
221082.5
 10
351721.8
 20
222055.0
 10
351804.8
 20
223027.7
 10
351889.8
 20
224000.6
 10
351976.8
 20
224973.7
 10
352065.7
 20
225947.1
 10
352156.6
 20
226920.6
 10
352249.3
 20
227894.2
 10
352343.9
 20
228868.0
 10
352440.3
 20
229842.0
 10
352538.4
 20
230816.0
 10
352638.2
 20
231790.1
 10
352739.7
 20
232764.3
 10
352842.9
 20
233738.6
 10
352947.9
 20
234712.9
 10
353054.8
 20
235687.2
 10
353163.5
 20
236661.5
 10
353274.1
 20
237635.8
 10
353386.7
 20
238610.0
 10
353501.4
 20
239584.2
 10
353618.1
 20
240558.3
 10
353736.9
 20
241532.4
 10
353858.0
 20
242506.3
 10
353981.2
 20
243480.0
 10
354106.7
 20
244453.6
 10
354234.6
 20
245427.0
 10
354364.8
 20
246400.3
 10
354497.4
 20
247373.3
 10
354632.5
 20
248346.1
 10
354770.1
 20
249318.6
 10
354910.3
 20
250290.8
 10
355053.2
 20
251262.8
 10
355198.7
 20
252234.4
 10
355346.9
 20
253205.7
 10
355497.9
 20
254176.7
 10
355651.7
 20
255147.3
 10
355808.3
 20
256117.5
 10
355967.9
 20
257087.3
 10
356130.5
 20
258056.6
 10
356296.1
 20
259025.6
 10
356464.7
 20
259994.0
 10
356636.5
 20
260962.0
 10
356811.4
 20
261929.4
 10
356989.6
 20
262896.3
 10
357171.0
 20
263862.7
 10
357355.7
 20
264828.5
 10
357543.8
 20
265793.7
 10
357735.3
 20
266758.4
 10
357930.3
 20
267722.4
 10
358128.8
 20
268685.7
 10
358330.9
 20
269648.4
 10
358536.6
 20
270610.4
 10
358745.9
 20
271571.7
 10
358958.9
 20
272532.3
 10
359175.8
 20
273492.2
 10
359396.4
 20
274451.2
 10
359620.9
 20
275409.5
 10
359849.3
 20
276367.1
 10
360081.6
 20
277323.7
 10
360318.0
 20
278279.6
 10
360558.4
 20
279234.6
 10
360803.0
 20
280188.7
 10
361051.7
 20
281141.9
 10
361304.6
 20
282094.2
 10
361561.8
 20
283045.6
 10
361823.2
 20
283996.0
 10
362089.1
 20
284945.5
 10
362359.3
 20
285893.9
 10
362634.0
 20
286841.3
 10
362913.3
 20
287787.7
 10
363197.0
 20
288733.1
 10
363485.4
 20
289677.4
 10
363778.4
 20
290620.6
 10
364076.1
 20
291562.6
 10
364378.4
 20
292503.4
 10
364685.5
 20
293442.9
 10
364997.1
 20
294381.2
 10
365313.5
 20
295318.0
 10
365634.6
 20
296253.3
 10
365960.3
 20
297187.1
 10
366290.7
 20
298119.4
 10
366625.8
 20
299050.0
 10
366965.6
 20
299978.9
 10
367310.2
 20
300906.1
 10
367659.4
 20
301831.5
 10
368013.4
 20
302754.9
 10
368372.0
 20
303676.4
 10
368735.4
 20
304596.0
 10
369103.6
 20
305513.4
 10
369476.4
 20
306428.8
 10
369854.0
 20
307341.9
 10
370236.4
 20
308252.9
 10
370623.5
 20
309161.5
 10
371015.3
 20
310067.7
 10
371411.9
 20
310971.5
 10
371813.3
 20
311872.9
 10
372219.4
 20
312771.7
 10
372630.3
 20
313667.9
 10
373046.0
 20
314561.4
 10
373466.5
 20
315452.2
 10
373891.7
 20
316340.2
 10
374321.8
 20
317225.4
 10
374756.6
 20
318107.6
 10
375196.2
 20
318986.9
 10
375640.7
 20
319863.2
 10
376090.0
 20
320736.4
 10
376544.0
 20
321606.4
 10
377002.9
 20
322473.2
 10
377466.6
 20
323336.7
 10
377935.2
 20
324196.9
 10
378408.6
 20
325053.7
 10
378886.8
 20
325907.1
 10
379369.9
 20
326756.9
 10
379857.8
 20
327603.2
 10
380350.5
 20
328445.9
 10
380848.2
 20
329284.8
 10
381350.7
 20
330120.0
 10
381858.0
 20
330951.4
 10
382370.2
 20
331778.9
 10
382887.4
 20
332602.4
 10
383409.3
 20
333422.0
 10
383936.2
 20
334237.5
 10
384468.0
 20
335048.9
 10
385004.6
 20
335856.1
 10
385546.2
 20
336659.1
 10
386092.7
 20
337457.8
 10
386644.1
 20
338252.1
 10
387200.4
 20
339042.0
 10
387761.6
 20
339827.4
 10
388327.7
 20
340608.3
 10
388898.8
 20
341384.5
 10
389474.9
 20
342156.0
 10
390056.2
 20
342922.6
 10
390642.8
 20
343684.1
 10
391234.9
 20
344440.3
 10
391832.6
 20
345191.0
 10
392436.1
 20
345936.0
 10
393045.5
 20
346675.2
 10
393661.0
 20
347408.4
 10
394282.7
 20
348135.4
 10
394910.7
 20
348855.9
 10
395545.3
 20
349569.9
 10
396186.5
 20
350277.2
 10
396834.5
 20
350977.5
 10
397489.4
 20
351670.6
 10
398151.5
 20
352356.5
 10
398820.8
 20
353034.9
 10
399497.5
 20
353705.6
 10
400181.7
 20
354368.4
 10
400873.6
 20
355023.2
 10
401573.4
 20
355669.8
 10
402281.1
 20
356308.0
 10
402997.0
 20
356937.6
 10
403721.1
 20
357558.4
 10
404453.7
 20
358170.3
 10
405194.9
 20
358773.0
 10
405944.7
 20
359366.5
 10
406703.5
 20
359950.4
 10
407471.2
 20
360524.6
 10
408248.1
 20
361089.0
 10
409034.4
 20
361643.3
 10
409830.0
 20
362187.4
 10
410635.3
 20
362721.1
 10
411449.9
 20
363244.4
 10
412273.7
 20
363757.5
 10
413106.3
 20
364260.5
 10
413947.6
 20
364753.4
 10
414797.2
 20
365236.3
 10
415655.0
 20
365709.4
 10
416520.6
 20
366172.7
 10
417393.8
 20
366626.3
 10
418274.4
 20
367070.3
 10
419162.1
 20
367504.8
 10
420056.6
 20
367930.0
 10
420957.8
 20
368345.9
 10
421865.2
 20
368752.5
 10
422778.8
 20
369150.1
 10
423698.1
 20
369538.6
 10
424623.1
 20
369918.3
 10
425553.3
 20
370289.1
 10
426488.7
 20
370651.2
 10
427428.8
 20
371004.7
 10
428373.5
 20
371349.6
 10
429322.5
 20
371686.1
 10
430275.5
 20
372014.3
 10
431232.3
 20
372334.2
 10
432192.7
 20
372646.0
 10
433156.3
 20
372949.7
 10
434123.0
 20
373245.5
 10
435092.5
 20
373533.5
 10
436064.5
 20
373813.6
 10
437038.9
 20
374086.0
 10
438015.8
 20
374350.7
 10
438995.0
 20
374607.7
 10
439976.5
 20
374857.1
 10
440960.1
 20
375098.9
 10
441945.9
 20
375333.1
 10
442933.7
 20
375559.7
 10
443923.5
 20
375778.8
 10
444915.1
 20
375990.5
 10
445908.6
 20
376194.7
 10
446903.9
 20
376391.4
 10
447900.8
 20
376580.8
 10
448899.4
 20
376762.8
 10
449899.5
 20
376937.5
 10
450901.1
 20
377104.9
 10
451904.1
 20
377265.1
 10
452908.5
 20
377418.0
 10
453914.1
 20
377563.7
 10
454920.9
 20
377702.3
 10
455928.8
 20
377833.7
 10
456937.8
 20
377958.0
 10
457947.7
 20
378075.3
 10
458958.6
 20
378185.5
 10
459970.3
 20
378288.7
 10
460982.7
 20
378384.9
 10
461995.9
 20
378474.2
 10
463009.7
 20
378556.5
 10
464024.0
 20
378632.0
 10
465038.9
 20
378700.7
 10
466054.1
 20
378762.5
 10
467069.7
 20
378817.6
 10
468085.5
 20
378865.7
 10
469101.0
 20
378906.5
 10
470115.9
 20
378939.4
 10
471129.6
 20
378964.0
 10
472141.8
 20
378979.7
 10
473152.0
 20
378986.1
 10
474159.7
 20
378982.6
 10
475164.7
 20
378968.7
 10
476166.3
 20
378944.0
 10
477164.1
 20
378907.9
 10
478157.8
 20
378860.0
 10
479146.9
 20
378799.7
 10
480130.9
 20
378726.6
 10
481109.5
 20
378640.1
 10
482082.1
 20
378539.8
 10
483048.3
 20
378425.1
 10
484007.8
 20
378295.6
 10
484960.0
 20
378150.7
 10
485904.6
 20
377989.9
 10
486841.0
 20
377812.8
 10
487768.8
 20
377618.8
 10
488687.7
 20
377407.5
 10
489597.2
 20
377178.4
 10
490496.8
 20
376930.9
 10
491386.1
 20
376664.5
 10
492264.6
 20
376378.8
 10
493132.0
 20
376073.2
 10
493987.8
 20
375747.3
 10
494831.5
 20
375400.5
 10
495662.8
 20
375032.5
 10
496481.8
 20
374643.4
 10
497288.8
 20
374233.9
 10
498084.3
 20
373804.4
 10
498868.5
 20
373355.5
 10
499641.9
 20
372887.8
 10
500404.8
 20
372401.8
 10
501157.5
 20
371898.1
 10
501900.5
 20
371377.1
 10
502634.1
 20
370839.5
 10
503358.6
 20
370285.9
 10
504074.4
 20
369716.6
 10
504781.9
 20
369132.4
 10
505481.5
 20
368533.8
 10
506173.4
 20
367921.2
 10
506858.1
 20
367295.3
 10
507535.9
 20
366656.6
 10
508207.2
 20
366005.6
 10
508872.3
 20
365342.9
 10
509531.7
 20
364669.1
 10
510185.6
 20
363984.7
 10
510834.4
 20
363290.2
 10
511478.6
 20
362586.2
 10
512118.3
 20
361873.2
 10
512754.1
 20
361151.8
 10
513386.3
 20
360422.6
 10
514015.2
 20
359686.1
 10
514641.2
 20
358942.8
 10
515264.7
 20
358193.2
 10
515885.9
 20
357438.1
 10
516505.4
 20
356677.8
 10
517123.4
 20
355912.8
 10
517739.9
 20
355143.5
 10
518355.3
 20
354370.1
 10
518969.6
 20
353592.8
 10
519582.8
 20
352811.9
 10
520195.3
 20
352027.7
 10
520807.1
 20
351240.5
 10
521418.3
 20
350450.4
 10
522029.1
 20
349657.8
 10
522639.6
 20
348862.9
 10
523249.9
 20
348066.0
 10
523860.2
 20
347267.3
 10
524470.6
 20
346467.0
 10
525081.3
 20
345665.6
 10
525692.4
 20
344863.1
 10
526303.9
 20
344059.9
 10
526916.1
 20
343256.2
 10
527529.1
 20
342452.3
 10
528143.1
 20
341648.5
 10
528758.0
 20
340844.9
 10
529374.2
 20
340041.9
 10
529991.7
 20
339239.8
 10
530610.6
 20
338438.7
 10
531231.1
 20
337639.0
 10
531853.4
 20
336840.8
 10
532477.5
 20
336044.5
 10
533103.6
 20
335250.4
 10
533731.8
 20
334458.6
 10
534362.3
 20
333669.5
 10
534995.1
 20
332883.1
 10
535630.1
 20
332099.4
 10
536267.2
 20
331318.3
 10
536906.2
 20
330539.7
 10
537547.0
 20
329763.3
 10
538189.4
 20
328989.2
 10
538833.4
 20
328217.2
 10
539478.9
 20
327447.1
 10
540125.6
 20
326679.0
 10
540773.4
 20
325912.5
 10
541422.3
 20
325147.7
 10
542072.1
 20
324384.4
 10
542722.6
 20
323622.5
 10
543373.8
 20
322861.9
 10
544025.4
 20
322102.5
 10
544677.4
 20
321344.0
 10
545329.7
 20
320586.5
 10
545982.0
 20
319829.8
 10
546634.3
 20
319073.8
 10
547286.5
 20
318318.4
 10
547938.4
 20
317563.4
 10
548589.8
 20
316808.8
 10
549240.7
 20
316054.3
 10
549890.9
 20
315300.0
 10
550540.3
 20
314545.7
 10
551188.8
 20
313791.2
 10
551836.2
 20
313036.5
 10
552482.4
 20
312281.4
 10
553127.2
 20
311525.8
 10
553770.6
 20
310769.6
 10
554412.4
 20
310012.7
 10
555052.4
 20
309255.0
 10
555690.6
 20
308496.3
 10
556326.8
 20
307736.5
 10
556960.8
 20
306975.6
 10
557592.7
 20
306213.3
 10
558222.1
 20
305449.6
 10
558849.0
 20
304684.4
 10
559473.3
 20
303917.5
 10
560094.8
 20
303148.8
 10
560713.4
 20
302378.2
 10
561328.9
 20
301605.7
 10
561941.3
 20
300831.0
 10
562550.4
 20
300054.0
 10
563156.0
 20
299274.7
 10
563758.1
 20
298492.9
 10
564356.5
 20
297708.5
 10
564951.0
 20
296921.4
 10
565541.7
 20
296131.5
 10
566128.2
 20
295338.6
 10
566710.5
 20
294542.6
 10
567288.5
 20
293743.4
 10
567861.9
 20
292941.0
 10
568430.8
 20
292135.1
 10
568994.9
 20
291325.7
 10
569554.2
 20
290512.6
 10
570108.5
 20
289695.8
 10
570657.6
 20
288875.1
 10
571201.4
 20
288050.3
 10
571739.9
 20
287221.5
 10
572272.8
 20
286388.4
 10
572800.1
 20
285550.9
 10
573321.6
 20
284708.9
 10
573837.2
 20
283862.4
 10
574347.0
 20
283011.4
 10
574850.9
 20
282156.0
 10
575349.2
 20
281296.3
 10
575841.7
 20
280432.3
 10
576328.7
 20
279564.2
 10
576810.2
 20
278692.2
 10
577286.3
 20
277816.2
 10
577757.0
 20
276936.4
 10
578222.4
 20
276052.9
 10
578682.6
 20
275165.8
 10
579137.6
 20
274275.2
 10
579587.5
 20
273381.1
 10
580032.5
 20
272483.8
 10
580472.5
 20
271583.2
 10
580907.6
 20
270679.5
 10
581337.9
 20
269772.9
 10
581763.5
 20
268863.3
 10
582184.5
 20
267950.8
 10
582600.8
 20
267035.7
 10
583012.6
 20
266118.0
 10
583420.0
 20
265197.7
 10
583823.1
 20
264275.1
 10
584221.8
 20
263350.1
 10
584616.3
 20
262422.9
 10
585006.6
 20
261493.6
 10
585392.9
 20
260562.3
 10
585775.1
 20
259629.1
 10
586153.4
 20
258694.0
 10
586527.7
 20
257757.3
 10
586898.3
 20
256818.9
 10
587265.2
 20
255879.0
 10
587628.4
 20
254937.7
 10
587988.0
 20
253995.1
 10
588344.1
 20
253051.3
 10
588696.7
 20
252106.3
 10
589045.9
 20
251160.3
 10
589391.9
 20
250213.5
 10
589734.6
 20
249265.8
 10
590074.1
 20
248317.4
 10
590410.5
 20
247368.3
 10
590744.0
 20
246418.8
 10
591074.4
 20
245468.8
 10
591402.0
 20
244518.6
 10
591726.7
 20
243568.1
 10
592048.7
 20
242617.5
 10
592368.1
 20
241666.8
 10
592684.8
 20
240716.3
 10
592999.0
 20
239765.9
 10
593310.8
 20
238815.9
 10
593620.2
 20
237866.2
 10
593927.2
 20
236917.0
 10
594232.0
 20
235968.3
 10
594534.6
 20
235020.4
 10
594835.1
 20
234073.2
 10
595133.6
 20
233126.9
 10
595430.2
 20
232181.6
 10
595724.8
 20
231237.4
 10
596017.6
 20
230294.4
 10
596308.3
 20
229352.5
 10
596596.6
 20
228411.7
 10
596881.9
 20
227471.8
 10
597163.9
 20
226532.9
 10
597442.2
 20
225594.8
 10
597716.3
 20
224657.4
 10
597985.8
 20
223720.6
 10
598250.2
 20
222784.3
 10
598509.2
 20
221848.5
 10
598762.3
 20
220913.0
 10
599009.1
 20
219977.8
 10
599249.2
 20
219042.8
 10
599482.1
 20
218107.8
 10
599707.4
 20
217172.9
 10
599924.7
 20
216237.8
 10
600133.6
 20
215302.6
 10
600333.6
 20
214367.1
 10
600524.4
 20
213431.2
 10
600705.4
 20
212494.8
 10
600876.3
 20
211557.9
 10
601036.6
 20
210620.3
 10
601185.9
 20
209682.1
 10
601323.8
 20
208743.0
 10
601449.9
 20
207802.9
 10
601563.7
 20
206861.9
 10
601664.9
 20
205919.8
 10
601752.9
 20
204976.5
 10
601827.3
 20
204032.0
 10
601887.8
 20
203086.0
 10
601933.9
 20
202138.7
 10
601965.4
 20
201189.7
 10
601982.5
 20
200239.3
 10
601986.0
 20
199287.3
 10
601976.4
 20
198333.8
 10
601954.4
 20
197378.7
 10
601920.6
 20
196422.2
 10
601875.7
 20
195464.2
 10
601820.1
 20
194504.6
 10
601754.7
 20
193543.6
 10
601679.9
 20
192581.1
 10
601596.4
 20
191617.2
 10
601504.8
 20
190651.8
 10
601405.8
 20
189685.0
 10
601299.9
 20
188716.7
 10
601187.9
 20
187747.0
 10
601070.2
 20
186775.8
 10
600947.6
 20
185803.3
 10
600820.6
 20
184829.4
 10
600689.9
 20
183854.1
 10
600556.1
 20
182877.3
 10
600419.8
 20
181899.3
 10
600281.6
 20
180919.8
 10
600142.2
 20
179939.0
 10
600002.2
 20
178956.9
 10
599862.1
 20
177973.4
 10
599722.7
 20
176988.6
 10
599584.5
 20
176002.4
 10
599448.2
 20
175015.0
 10
599314.4
 20
174026.3
 10
599183.5
 20
173036.2
 10
599055.7
 20
172045.0
 10
598930.7
 20
171052.6
 10
598808.3
 20
170059.1
 10
598688.4
 20
169064.5
 10
598570.8
 20
168069.1
 10
598455.4
 20
167072.7
 10
598341.8
 20
166075.6
 10
598230.1
 20
165077.7
 10
598119.9
 20
164079.1
 10
598011.2
 20
163080.0
 10
597903.7
 20
162080.3
 10
597797.3
 20
161080.2
 10
597691.8
 20
160079.6
 10
597587.0
 20
159078.8
 10
597482.7
 20
158077.7
 10
597378.9
 20
157076.5
 10
597275.2
 20
156075.1
 10
597171.5
 20
155073.7
 10
597067.7
 20
154072.3
 10
596963.6
 20
153071.1
 10
596858.9
 20
152070.0
 10
596753.6
 20
151069.1
 10
596647.5
 20
150068.6
 10
596540.3
 20
149068.5
 10
596431.9
 20
148068.8
 10
596322.1
 20
147069.6
 10
596210.8
 20
146071.1
 10
596097.7
 20
145073.2
 10
595982.8
 20
144076.0
 10
595865.7
 20
143079.6
 10
595746.4
 20
142084.1
 10
595624.7
 20
141089.6
 10
595500.4
 20
140096.1
 10
595373.3
 20
139103.7
 10
595243.2
 20
138112.4
 10
595110.1
 20
137122.3
 10
594973.6
 20
136133.6
 10
594833.6
 20
135146.2
 10
594690.0
 20
134160.2
 10
594542.6
 20
133175.8
 10
594391.1
 20
132192.9
 10
594235.5
 20
131211.7
 10
594075.5
 20
130232.2
 10
593911.0
 20
129254.5
 10
593741.8
 20
128278.6
 10
593567.7
 20
127304.7
 10
593388.6
 20
126332.8
 10
593204.2
 20
125362.9
 10
593014.5
 20
124395.2
 10
592819.1
 20
123429.7
 10
592618.0
 20
122466.4
 10
592411.0
 20
121505.6
 10
592197.8
 20
120547.1
 10
591978.4
 20
119591.1
 10
591752.6
 20
118637.7
 10
591520.1
 20
117686.9
 10
591280.8
 20
116738.8
 10
591034.5
 20
115793.5
 10
590781.1
 20
114851.0
 10
590520.3
 20
113911.4
 10
590252.2
 20
112974.8
 10
589976.5
 20
112041.3
 10
589693.4
 20
111110.9
 10
589402.8
 20
110183.8
 10
589104.6
 20
109259.9
 10
588798.9
 20
108339.4
 10
588485.7
 20
107422.4
 10
588164.8
 20
106508.9
 10
587836.3
 20
105599.1
 10
587500.1
 20
104692.9
 10
587156.3
 20
103790.5
 10
586804.8
 20
102892.0
 10
586445.6
 20
101997.4
 10
586078.6
 20
101106.8
 10
585703.8
 20
100220.3
 10
585321.3
 20
99338.0
 10
584930.9
 20
98460.0
 10
584532.7
 20
97586.2
 10
584126.7
 20
96716.9
 10
583712.7
 20
95852.1
 10
583290.9
 20
94991.8
 10
582861.1
 20
94136.2
 10
582423.3
 20
93285.4
 10
581977.6
 20
92439.3
 10
581523.9
 20
91598.1
 10
581062.1
 20
90761.9
 10
580592.3
 20
89930.7
 10
580114.3
 20
89104.7
 10
579628.3
 20
88283.8
 10
579134.2
 20
87468.3
 10
578631.9
 20
86658.1
 10
578121.5
 20
85853.3
 10
577602.8
 20
85054.1
 10
577075.9
 20
84260.5
 10
576540.8
 20
83472.5
 10
575997.4
 20
82690.3
 10
575445.7
 20
81914.0
 10
574885.7
 20
81143.5
 10
574317.4
 20
80379.1
 10
573740.6
 20
79620.7
 10
573155.5
 20
78868.5
 10
572562.0
 20
78122.6
 10
571960.1
 20
77382.9
 10
571349.6
 20
76649.6
 10
570730.7
 20
75922.9
 10
570103.3
 20
75202.6
 10
569467.4
 20
74489.0
 10
568822.9
 20
73782.1
 10
568169.8
 20
73082.0
 10
567508.1
 20
72388.8
 10
566837.8
 20
71702.5
 10
566158.8
 20
71023.2
 10
565471.2
 20
70351.1
 10
564774.8
 20
69686.1
 10
564069.8
 20
69028.4
 10
563356.0
 20
68378.0
 10
562633.4
 20
67735.1
 10
561902.0
 20
67099.7
 10
561161.8
 20
66471.8
 10
560412.7
 20
65851.6
 10
559655.0
 20
65239.0
 10
558888.9
 20
64633.8
 10
558114.7
 20
64035.7
 10
557332.6
 20
63444.7
 10
556543.0
 20
62860.4
 10
555746.2
 20
62282.7
 10
554942.4
 20
61711.4
 10
554132.0
 20
61146.3
 10
553315.2
 20
60587.2
 10
552492.3
 20
60033.9
 10
551663.5
 20
59486.2
 10
550829.3
 20
58943.9
 10
549989.9
 20
58406.8
 10
549145.5
 20
57874.7
 10
548296.4
 20
57347.5
 10
547443.0
 20
56824.8
 10
546585.6
 20
56306.6
 10
545724.3
 20
55792.5
 10
544859.6
 20
55282.5
 10
543991.6
 20
54776.4
 10
543120.7
 20
54273.8
 10
542247.2
 20
53774.7
 10
541371.4
 20
53278.8
 10
540493.5
 20
52785.9
 10
539613.8
 20
52295.9
 10
538732.7
 20
51808.5
 10
537850.4
 20
51323.5
 10
536967.1
 20
50840.8
 10
536083.3
 20
50360.1
 10
535199.1
 20
49881.3
 10
534315.0
 20
49404.1
 10
533430.9
 20
48928.4
 10
532547.1
 20
48454.7
 10
531663.3
 20
47983.3
 10
530779.4
 20
47514.6
 10
529895.3
 20
47049.2
 10
529011.0
 20
46587.4
 10
528126.2
 20
46129.7
 10
527241.0
 20
45676.6
 10
526355.1
 20
45228.5
 10
525468.5
 20
44785.8
 10
524581.1
 20
44348.9
 10
523692.8
 20
43918.4
 10
522803.4
 20
43494.7
 10
521912.8
 20
43078.1
 10
521021.0
 20
42669.2
 10
520127.8
 20
42268.4
 10
519233.1
 20
41876.2
 10
518336.9
 20
41492.9
 10
517438.9
 20
41119.0
 10
516539.1
 20
40755.0
 10
515637.4
 20
40401.3
 10
514733.7
 20
40058.3
 10
513827.8
 20
39726.6
 10
512919.7
 20
39406.5
 10
512009.3
 20
39098.4
 10
511096.3
 20
38802.9
 10
510180.8
 20
38520.4
 10
509262.7
 20
38251.3
 10
508341.7
 20
37995.9
 10
507418.1
 20
37754.4
 10
506491.8
 20
37526.5
 10
505562.9
 20
37312.1
 10
504631.6
 20
37111.1
 10
503697.8
 20
36923.3
 10
502761.8
 20
36748.7
 10
501823.5
 20
36587.0
 10
500883.2
 20
36438.2
 10
499940.7
 20
36302.0
 10
498996.3
 20
36178.4
 10
498050.0
 20
36067.3
 10
497102.0
 20
35968.4
 10
496152.2
 20
35881.7
 10
495200.8
 20
35807.1
 10
494247.8
 20
35744.3
 10
493293.4
 20
35693.2
 10
492337.6
 20
35653.8
 10
491380.5
 20
35625.9
 10
490422.3
 20
35609.3
 10
489462.9
 20
35603.8
 10
488502.5
 20
35609.5
 10
487541.1
 20
35626.1
 10
486578.8
 20
35653.5
 10
485615.8
 20
35691.6
 10
484652.1
 20
35740.1
 10
483687.8
 20
35799.1
 10
482723.0
 20
35868.3
 10
481757.7
 20
35947.7
 10
480792.0
 20
36037.0
 10
479826.1
 20
36136.2
 10
478860.0
 20
36245.0
 10
477893.8
 20
36363.5
 10
476927.6
 20
36491.4
 10
475961.5
 20
36628.6
 10
474995.5
 20
36774.9
 10
474029.7
 20
36930.3
 10
473064.3
 20
37094.6
 10
472099.3
 20
37267.6
 10
471134.7
 20
37449.3
 10
470170.8
 20
37639.4
 10
469207.5
 20
37837.9
 10
468244.9
 20
38044.6
 10
467283.2
 20
38259.4
 10
466322.4
 20
38482.1
 10
465362.6
 20
38712.6
 10
464403.9
 20
38950.8
 10
463446.3
 20
39196.6
 10
462490.0
 20
39449.7
 10
461535.1
 20
39710.1
 10
460581.6
 20
39977.6
 10
459629.5
 20
40252.1
 10
458679.1
 20
40533.5
 10
457730.3
 20
40821.6
 10
456783.3
 20
41116.2
 10
455838.2
 20
41417.4
 10
454895.0
 20
41724.8
 10
453953.8
 20
42038.4
 10
453014.7
 20
42358.0
 10
452077.8
 20
42683.5
 10
451143.1
 20
43014.8
 10
450210.8
 20
43351.7
 10
449280.6
 20
43694.1
 10
448352.6
 20
44041.8
 10
447426.7
 20
44394.6
 10
446502.9
 20
44752.5
 10
445580.9
 20
45115.1
 10
444660.9
 20
45482.4
 10
443742.7
 20
45854.3
 10
442826.3
 20
46230.5
 10
441911.6
 20
46610.9
 10
440998.6
 20
46995.3
 10
440087.1
 20
47383.7
 10
439177.1
 20
47775.7
 10
438268.6
 20
48171.3
 10
437361.5
 20
48570.4
 10
436455.7
 20
48972.7
 10
435551.2
 20
49378.1
 10
434647.9
 20
49786.4
 10
433745.7
 20
50197.5
 10
432844.6
 20
50611.3
 10
431944.5
 20
51027.5
 10
431045.4
 20
51446.0
 10
430147.1
 20
51866.7
 10
429249.6
 20
52289.3
 10
428352.9
 20
52713.8
 10
427456.9
 20
53140.0
 10
426561.6
 20
53567.7
 10
425666.7
 20
53996.8
 10
424772.4
 20
54427.1
 10
423878.6
 20
54858.4
 10
422985.1
 20
55290.6
 10
422091.9
 20
55723.6
 10
421199.2
 20
56157.4
 10
420307.2
 20
56592.6
 10
419416.2
 20
57029.3
 10
418526.4
 20
57468.0
 10
417638.2
 20
57909.0
 10
416751.8
 20
58352.6
 10
415867.5
 20
58799.3
 10
414985.5
 20
59249.3
 10
414106.1
 20
59703.1
 10
413229.6
 20
60160.9
 10
412356.3
 20
60623.2
 10
411486.3
 20
61090.3
 10
410620.1
 20
61562.5
 10
409757.8
 20
62040.1
 10
408899.7
 20
62523.6
 10
408046.1
 20
63013.3
 10
407197.2
 20
63509.6
 10
406353.4
 20
64012.7
 10
405514.9
 20
64523.1
 10
404682.0
 20
65041.1
 10
403854.9
 20
65567.1
 10
403033.9
 20
66101.4
 10
402219.2
 20
66644.3
 10
401411.3
 20
67196.3
 10
400610.2
 20
67757.6
 10
399816.3
 20
68328.7
 10
399029.8
 20
68909.8
  0
TEXT
  5
36
330
17
100
AcDbEntity
  8
ISO_LABELS
100
AcDbText
 10
479146.9
 20
378799.7
 30
0.0
 40
6000.0
  1
22
 72
1
 11
479146.9
 21
378799.7
 31
0.0
100
AcDbText
 73
2
  0
LWPOLYLINE
  5
37
330
17
100
AcDbEntity
  8
ISO_WHOLE
100
AcDbPolyline
 90
1000
 70
0
 10
696905.7
 20
209966.0
 10
695831.2
 20
210564.4
 10
694787.1
 20
211175.6
 10
693773.1
 20
211799.4
 10
692788.7
 20
212435.7
 10
691833.6
 20
213084.2
 10
690907.5
 20
213744.7
 10
690009.8
 20
214417.1
 10
689140.3
 20
215101.1
 10
688298.6
 20
215796.6
 10
687484.2
 20
216503.3
 10
686696.9
 20
217221.2
 10
685936.1
 20
217949.8
 10
685201.6
 20
218689.2
 10
684493.0
 20
219439.0
 10
683809.8
 20
220199.2
 10
683151.7
 20
220969.4
 10
682518.3
 20
221749.5
 10
681909.3
 20
222539.3
 10
681324.2
 20
223338.7
 10
680762.7
 20
224147.3
 10
680224.3
 20
224965.1
 10
679708.8
 20
225791.8
 10
679215.6
 20
226627.3
 10
678744.6
 20
227471.2
 10
678295.1
 20
228323.5
 10
677867.0
 20
229184.0
 10
677459.7
 20
230052.4
 10
677073.0
 20
230928.6
 10
676706.4
 20
231812.3
 10
676359.5
 20
232703.4
 10
676032.0
 20
233601.7
 10
675723.5
 20
234507.0
 10
675433.6
 20
235419.0
 10
675162.0
 20
236337.7
 10
674908.1
 20
237262.7
 10
674671.8
 20
238194.0
 10
674452.5
 20
239131.2
 10
674249.9
 20
240074.3
 10
674063.6
 20
241023.0
 10
673893.3
 20
241977.1
 10
673738.5
 20
242936.4
 10
673598.9
 20
243900.8
 10
673474.1
 20
244870.0
 10
673363.7
 20
245843.8
 10
673267.3
 20
246822.2
 10
673184.5
 20
247804.7
 10
673115.1
 20
248791.3
 10
673058.5
 20
249781.8
 10
673014.4
 20
250776.0
 10
672982.4
 20
251773.7
 10
672962.2
 20
252774.6
 10
672953.3
 20
253778.6
 10
672955.4
 20
254785.5
 10
672968.1
 20
255795.2
 10
672991.1
 20
256807.3
 10
673023.8
 20
257821.7
 10
673066.0
 20
258838.3
 10
673117.3
 20
259856.8
 10
673177.2
 20
260877.0
 10
673245.5
 20
261898.7
 10
673321.6
 20
262921.8
 10
673405.4
 20
263946.0
 10
673496.2
 20
264971.2
 10
673593.8
 20
265997.1
 10
673697.2
 20
267023.4
 10
673805.2
 20
268049.7
 10
673916.4
 20
269075.5
 10
674029.6
 20
270100.5
 10
674143.6
 20
271124.1
 10
674257.1
 20
272146.1
 10
674368.9
 20
273165.8
 10
674477.8
 20
274183.0
 10
674582.3
 20
275197.3
 10
674681.4
 20
276208.0
 10
674773.8
 20
277215.0
 10
674858.2
 20
278217.6
 10
674933.3
 20
279215.6
 10
674997.9
 20
280208.4
 10
675050.8
 20
281195.7
 10
675090.7
 20
282177.0
 10
675116.3
 20
283151.9
 10
675126.5
 20
284120.0
 10
675119.8
 20
285080.9
 10
675095.2
 20
286034.1
 10
675051.3
 20
286979.1
 10
674986.9
 20
287915.7
 10
674900.7
 20
288843.3
 10
674791.5
 20
289761.5
 10
674658.0
 20
290670.0
 10
674499.1
 20
291568.2
 10
674313.3
 20
292455.8
 10
674099.5
 20
293332.3
 10
673856.4
 20
294197.3
 10
673582.8
 20
295050.4
 10
673277.4
 20
295891.1
 10
672939.3
 20
296719.2
 10
672569.3
 20
297535.1
 10
672168.6
 20
298339.2
 10
671738.7
 20
299132.1
 10
671280.7
 20
299914.5
 10
670796.0
 20
300686.8
 10
670285.8
 20
301449.7
 10
669751.5
 20
302203.6
 10
669194.4
 20
302949.2
 10
668615.8
 20
303687.0
 10
668017.0
 20
304417.6
 10
667399.2
 20
305141.6
 10
666763.7
 20
305859.4
 10
666112.0
 20
306571.7
 10
665445.2
 20
307279.0
 10
664764.7
 20
307981.9
 10
664071.7
 20
308680.9
 10
663367.6
 20
309376.7
 10
662653.7
 20
310069.7
 10
661931.2
 20
310760.6
 10
661201.5
 20
311449.8
 10
660465.9
 20
312138.0
 10
659725.6
 20
312825.7
 10
658982.0
 20
313513.5
 10
658236.3
 20
314202.0
 10
657489.9
 20
314891.6
 10
656744.1
 20
315583.0
 10
656000.1
 20
316276.8
 10
655259.1
 20
316973.3
 10
654521.9
 20
317672.9
 10
653789.4
 20
318375.8
 10
653062.3
 20
319082.3
 10
652341.4
 20
319792.7
 10
651627.5
 20
320507.1
 10
650921.4
 20
321225.8
 10
650223.8
 20
321949.1
 10
649535.6
 20
322677.2
 10
648857.6
 20
323410.4
 10
648190.4
 20
324148.9
 10
647535.0
 20
324893.0
 10
646892.1
 20
325642.9
 10
646262.5
 20
326398.9
 10
645646.9
 20
327161.3
 10
645046.2
 20
327930.2
 10
644461.2
 20
328705.9
 10
643892.7
 20
329488.7
 10
643341.3
 20
330278.8
 10
642808.0
 20
331076.5
 10
642293.5
 20
331882.0
 10
641798.5
 20
332695.5
 10
641324.0
 20
333517.4
 10
640870.6
 20
334347.9
 10
640439.2
 20
335187.2
 10
640030.5
 20
336035.6
 10
639645.3
 20
336893.3
 10
639284.5
 20
337760.5
 10
638948.8
 20
338637.6
 10
638638.9
 20
339524.8
 10
638355.8
 20
340422.3
 10
638100.0
 20
341330.3
 10
637870.9
 20
342248.5
 10
637667.4
 20
343176.6
 10
637488.2
 20
344114.1
 10
637332.2
 20
345060.4
 10
637198.1
 20
346015.1
 10
637084.7
 20
346977.8
 10
636990.9
 20
347948.0
 10
636915.5
 20
348925.2
 10
636857.2
 20
349909.0
 10
636814.8
 20
350898.8
 10
636787.2
 20
351894.3
 10
636773.1
 20
352894.9
 10
636771.3
 20
353900.2
 10
636780.7
 20
354909.7
 10
636800.0
 20
355923.0
 10
636828.0
 20
356939.6
 10
636863.6
 20
357959.0
 10
636905.5
 20
358980.8
 10
636952.5
 20
360004.5
 10
637003.4
 20
361029.5
 10
637057.1
 20
362055.6
 10
637112.3
 20
363082.2
 10
637167.8
 20
364108.8
 10
637222.5
 20
365134.9
 10
637275.0
 20
366160.2
 10
637324.3
 20
367184.1
 10
637369.1
 20
368206.1
 10
637408.2
 20
369225.9
 10
637440.4
 20
370242.9
 10
637464.5
 20
371256.7
 10
637479.4
 20
372266.8
 10
637483.7
 20
373272.7
 10
637476.8
 20
374274.2
 10
637458.6
 20
375271.2
 10
637429.3
 20
376263.9
 10
637389.0
 20
377252.3
 10
637338.0
 20
378236.6
 10
637276.3
 20
379216.7
 10
637204.1
 20
380192.9
 10
637121.6
 20
381165.1
 10
637028.9
 20
382133.5
 10
636926.2
 20
383098.1
 10
636813.6
 20
384059.1
 10
636691.2
 20
385016.5
 10
636559.3
 20
385970.3
 10
636418.0
 20
386920.8
 10
636267.4
 20
387867.9
 10
636107.7
 20
388811.7
 10
635939.0
 20
389752.4
 10
635761.6
 20
390690.0
 10
635575.5
 20
391624.6
 10
635380.8
 20
392556.3
 10
635177.9
 20
393485.1
 10
634966.7
 20
394411.2
 10
634747.5
 20
395334.6
 10
634520.4
 20
396255.5
 10
634285.6
 20
397173.8
 10
634043.2
 20
398089.7
 10
633793.4
 20
399003.3
 10
633536.2
 20
399914.7
 10
633272.0
 20
400823.8
 10
633000.8
 20
401730.9
 10
632722.8
 20
402636.0
 10
632438.1
 20
403539.2
 10
632146.9
 20
404440.6
 10
631849.4
 20
405340.2
 10
631545.7
 20
406238.2
 10
631235.9
 20
407134.5
 10
630920.2
 20
408029.4
 10
630598.7
 20
408922.9
 10
630271.7
 20
409815.0
 10
629939.2
 20
410705.9
 10
629601.5
 20
411595.7
 10
629258.6
 20
412484.4
 10
628910.8
 20
413372.0
 10
628558.1
 20
414258.8
 10
628200.7
 20
415144.7
 10
627838.8
 20
416030.0
 10
627472.6
 20
416914.5
 10
627102.1
 20
417798.5
 10
626727.6
 20
418682.0
 10
626349.2
 20
419565.1
 10
625967.0
 20
420447.8
 10
625581.3
 20
421330.4
 10
625192.1
 20
422212.7
 10
624799.5
 20
423095.1
 10
624403.9
 20
423977.4
 10
624005.3
 20
424859.8
 10
623603.8
 20
425742.4
 10
623199.6
 20
426625.3
 10
622792.9
 20
427508.5
 10
622383.9
 20
428392.2
 10
621972.6
 20
429276.3
 10
621559.2
 20
430161.1
 10
621143.9
 20
431046.5
 10
620726.6
 20
431932.4
 10
620307.1
 20
432818.7
 10
619885.4
 20
433705.2
 10
619461.3
 20
434591.8
 10
619035.0
 20
435478.3
 10
618606.1
 20
436364.6
 10
618174.7
 20
437250.6
 10
617740.6
 20
438136.0
 10
617303.8
 20
439020.9
 10
616864.2
 20
439905.0
 10
616421.6
 20
440788.1
 10
615976.1
 20
441670.2
 10
615527.5
 20
442551.1
 10
615075.7
 20
443430.7
 10
614620.7
 20
444308.8
 10
614162.3
 20
445185.2
 10
613700.5
 20
446059.9
 10
613235.2
 20
446932.7
 10
612766.3
 20
447803.4
 10
612293.7
 20
448671.9
 10
611817.4
 20
449538.1
 10
611337.1
 20
450401.8
 10
610853.0
 20
451262.9
 10
610364.8
 20
452121.2
 10
609872.4
 20
452976.6
 10
609375.9
 20
453829.0
 10
608875.1
 20
454678.2
 10
608369.9
 20
455524.0
 10
607860.2
 20
456366.4
 10
607345.9
 20
457205.1
 10
606827.1
 20
458040.1
 10
606303.5
 20
458871.2
 10
605775.1
 20
459698.2
 10
605241.7
 20
460521.1
 10
604703.5
 20
461339.6
 10
604160.1
 20
462153.6
 10
603611.5
 20
462963.0
 10
603057.8
 20
463767.7
 10
602498.6
 20
464567.5
 10
601934.1
 20
465362.2
 10
601364.1
 20
466151.8
 10
600788.4
 20
466936.0
 10
600207.1
 20
467714.8
 10
599620.0
 20
468487.9
 10
599027.1
 20
469255.3
 10
598428.2
 20
470016.8
 10
597823.3
 20
470772.2
 10
597212.3
 20
471521.5
 10
596595.0
 20
472264.5
 10
595971.5
 20
473001.0
 10
595341.6
 20
473730.9
 10
594705.3
 20
474454.0
 10
594062.4
 20
475170.3
 10
593412.9
 20
475879.5
 10
592756.6
 20
476581.5
 10
592093.6
 20
477276.2
 10
591423.6
 20
477963.5
 10
590746.7
 20
478643.2
 10
590062.7
 20
479315.1
 10
589371.5
 20
479979.1
 10
588673.1
 20
480635.1
 10
587967.5
 20
481283.0
 10
587254.8
 20
481922.9
 10
586535.0
 20
482554.8
 10
585808.4
 20
483178.7
 10
585075.0
 20
483794.6
 10
584334.8
 20
484402.7
 10
583588.1
 20
485002.8
 10
582834.8
 20
485595.0
 10
582075.2
 20
486179.4
 10
581309.3
 20
486755.9
 10
580537.1
 20
487324.7
 10
579758.9
 20
487885.7
 10
578974.8
 20
488439.0
 10
578184.7
 20
488984.6
 10
577388.8
 20
489522.5
 10
576587.3
 20
490052.8
 10
575780.2
 20
490575.4
 10
574967.7
 20
491090.5
 10
574149.8
 20
491598.0
 10
573326.6
 20
492097.9
 10
572498.2
 20
492590.4
 10
571664.8
 20
493075.3
 10
570826.4
 20
493552.9
 10
569983.2
 20
494023.0
 10
569135.3
 20
494485.7
 10
568282.7
 20
494941.0
 10
567425.5
 20
495389.0
 10
566563.9
 20
495829.7
 10
565698.0
 20
496263.1
 10
564827.8
 20
496689.3
 10
563953.5
 20
497108.2
 10
563075.2
 20
497520.0
 10
562192.9
 20
497924.6
 10
561306.8
 20
498322.0
 10
560417.0
 20
498712.3
 10
559523.6
 20
499095.6
 10
558626.6
 20
499471.8
 10
557726.3
 20
499841.0
 10
556822.6
 20
500203.1
 10
555915.7
 20
500558.3
 10
555005.7
 20
500906.6
 10
554092.8
 20
501247.9
 10
553176.9
 20
501582.4
 10
552258.2
 20
501910.0
 10
551336.8
 20
502230.8
 10
550412.9
 20
502544.8
 10
549486.4
 20
502852.0
 10
548557.6
 20
503152.5
 10
547626.4
 20
503446.2
 10
546693.1
 20
503733.3
 10
545757.8
 20
504013.7
 10
544820.4
 20
504287.4
 10
543881.2
 20
504554.6
 10
542940.2
 20
504815.2
 10
541997.5
 20
505069.3
 10
541053.3
 20
505316.8
 10
540107.6
 20
505557.8
 10
539160.6
 20
505792.4
 10
538212.3
 20
506020.6
 10
537262.8
 20
506242.3
 10
536312.3
 20
506457.7
 10
535360.9
 20
506666.7
 10
534408.5
 20
506869.4
 10
533455.2
 20
507065.6
 10
532501.0
 20
507255.5
 10
531546.0
 20
507439.0
 10
530590.2
 20
507616.1
 10
529633.6
 20
507786.7
 10
528676.2
 20
507950.9
 10
527718.2
 20
508108.7
 10
526759.4
 20
508260.0
 10
525800.0
 20
508404.8
 10
524840.0
 20
508543.2
 10
523879.3
 20
508675.1
 10
522918.1
 20
508800.4
 10
521956.4
 20
508919.3
 10
520994.1
 20
509031.6
 10
520031.4
 20
509137.4
 10
519068.2
 20
509236.7
 10
518104.6
 20
509329.4
 10
517140.7
 20
509415.5
 10
516176.3
 20
509495.0
 10
515211.6
 20
509568.0
 10
514246.7
 20
509634.3
 10
513281.4
 20
509694.0
 10
512316.0
 20
509747.1
 10
511350.3
 20
509793.6
 10
510384.4
 20
509833.4
 10
509418.4
 20
509866.5
 10
508452.3
 20
509893.0
 10
507486.1
 20
509912.8
 10
506519.8
 20
509925.9
 10
505553.5
 20
509932.3
 10
504587.2
 20
509931.9
 10
503621.0
 20
509924.9
 10
502654.8
 20
509911.1
 10
501688.7
 20
509890.5
 10
500722.7
 20
509863.2
 10
499756.9
 20
509829.1
 10
498791.2
 20
509788.2
 10
497825.8
 20
509740.6
 10
496860.6
 20
509686.1
 10
495895.7
 20
509624.8
 10
494931.1
 20
509556.6
 10
493966.8
 20
509481.7
 10
493002.9
 20
509399.8
 10
492039.4
 20
509311.1
 10
491076.3
 20
509215.6
 10
490113.6
 20
509113.1
 10
489151.5
 20
509003.7
 10
488189.9
 20
508887.5
 10
487228.8
 20
508764.3
 10
486268.2
 20
508634.1
 10
485308.3
 20
508497.1
 10
484349.0
 20
508353.0
 10
483390.4
 20
508202.0
 10
482432.5
 20
508044.1
 10
481475.3
 20
507879.1
 10
480518.9
 20
507707.1
 10
479563.2
 20
507528.2
 10
478608.4
 20
507342.2
 10
477654.4
 20
507149.1
 10
476701.2
 20
506949.0
 10
475749.1
 20
506741.9
 10
474797.9
 20
506527.6
 10
473847.9
 20
506306.1
 10
472899.2
 20
506077.5
 10
471951.7
 20
505841.6
 10
471005.8
 20
505598.4
 10
470061.3
 20
505347.8
 10
469118.5
 20
505089.9
 10
468177.5
 20
504824.5
 10
467238.3
 20
504551.7
 10
466301.0
 20
504271.3
 10
465365.8
 20
503983.4
 10
464432.7
 20
503687.9
 10
463501.8
 20
503384.7
 10
462573.3
 20
503073.8
 10
461647.2
 20
502755.2
 10
460723.7
 20
502428.8
 10
459802.8
 20
502094.5
 10
458884.6
 20
501752.4
 10
457969.3
 20
501402.4
 10
457056.9
 20
501044.4
 10
456147.5
 20
500678.4
 10
455241.3
 20
500304.4
 10
454338.3
 20
499922.2
 10
453438.7
 20
499531.9
 10
452542.5
 20
499133.5
 10
451649.8
 20
498726.8
 10
450760.8
 20
498311.8
 10
449875.5
 20
497888.5
 10
448994.0
 20
497456.9
 10
448116.5
 20
497016.8
 10
447242.9
 20
496568.4
 10
446373.2
 20
496111.9
 10
445507.3
 20
495647.5
 10
444644.9
 20
495175.3
 10
443786.1
 20
494695.7
 10
442930.7
 20
494208.9
 10
442078.6
 20
493715.1
 10
441229.8
 20
493214.4
 10
440384.0
 20
492707.3
 10
439541.2
 20
492193.7
 10
438701.2
 20
491674.1
 10
437864.1
 20
491148.5
 10
437029.5
 20
490617.3
 10
436197.6
 20
490080.6
 10
435368.1
 20
489538.8
 10
434540.9
 20
488991.9
 10
433715.9
 20
488440.2
 10
432893.0
 20
487884.0
 10
432072.1
 20
487323.5
 10
431253.2
 20
486758.8
 10
430436.0
 20
486190.3
 10
429620.5
 20
485618.2
 10
428806.5
 20
485042.6
 10
427994.0
 20
484463.7
 10
427182.9
 20
483882.0
 10
426373.0
 20
483297.4
 10
425564.2
 20
482710.3
 10
424756.5
 20
482120.9
 10
423949.7
 20
481529.4
 10
423143.6
 20
480936.1
 10
422338.3
 20
480341.1
 10
421533.5
 20
479744.7
 10
420729.3
 20
479147.1
 10
419925.7
 20
478548.1
 10
419122.9
 20
477947.8
 10
418321.0
 20
477346.1
 10
417520.1
 20
476742.9
 10
416720.4
 20
476138.1
 10
415922.1
 20
475531.6
 10
415125.3
 20
474923.3
 10
414330.0
 20
474313.2
 10
413536.6
 20
473701.2
 10
412745.0
 20
473087.3
 10
411955.5
 20
472471.2
 10
411168.2
 20
471853.1
 10
410383.2
 20
471232.7
 10
409600.7
 20
470610.0
 10
408820.7
 20
469984.9
 10
408043.6
 20
469357.4
 10
407269.4
 20
468727.3
 10
406498.1
 20
468094.7
 10
405730.1
 20
467459.3
 10
404965.4
 20
466821.2
 10
404204.2
 20
466180.2
 10
403446.6
 20
465536.3
 10
402692.7
 20
464889.4
 10
401942.7
 20
464239.4
 10
401196.8
 20
463586.3
 10
400455.0
 20
462929.9
 10
399717.6
 20
462270.2
 10
398984.6
 20
461607.1
 10
398256.3
 20
460940.6
 10
397532.6
 20
460270.4
 10
396813.9
 20
459596.7
 10
396100.2
 20
458919.2
 10
395391.5
 20
458238.0
 10
394687.8
 20
457553.2
 10
393988.5
 20
456864.9
 10
393293.4
 20
456173.2
 10
392602.3
 20
455478.3
 10
391914.8
 20
454780.3
 10
391230.7
 20
454079.3
 10
390549.5
 20
453375.5
 10
389871.0
 20
452669.1
 10
389195.0
 20
451960.1
 10
388521.1
 20
451248.7
 10
387848.9
 20
450535.0
 10
387178.3
 20
449819.2
 10
386508.9
 20
449101.4
 10
385840.3
 20
448381.8
 10
385172.4
 20
447660.4
 10
384504.7
 20
446937.4
 10
383837.0
 20
446213.0
 10
383169.0
 20
445487.2
 10
382500.4
 20
444760.3
 10
381830.9
 20
444032.3
 10
381160.1
 20
443303.5
 10
380487.8
 20
442573.8
 10
379813.6
 20
441843.6
 10
379137.4
 20
441112.8
 10
378458.7
 20
440381.6
 10
377777.2
 20
439650.3
 10
377092.7
 20
438918.8
 10
376404.8
 20
438187.4
 10
375713.3
 20
437456.2
 10
375017.9
 20
436725.3
 10
374318.2
 20
435994.9
 10
373614.0
 20
435265.0
 10
372905.6
 20
434535.7
 10
372193.6
 20
433806.9
 10
371478.3
 20
433078.5
 10
370760.2
 20
432350.6
 10
370039.8
 20
431623.0
 10
369317.5
 20
430895.7
 10
368593.9
 20
430168.7
 10
367869.3
 20
429441.9
 10
367144.3
 20
428715.2
 10
366419.2
 20
427988.7
 10
365694.6
 20
427262.2
 10
364970.9
 20
426535.7
 10
364248.6
 20
425809.1
 10
363528.1
 20
425082.5
 10
362809.9
 20
424355.7
 10
362094.5
 20
423628.8
 10
361382.3
 20
422901.6
 10
360673.7
 20
422174.0
 10
359969.4
 20
421446.2
 10
359269.6
 20
420717.9
 10
358574.9
 20
419989.2
 10
357885.8
 20
419260.0
 10
357202.6
 20
418530.3
 10
356525.9
 20
417799.9
 10
355856.1
 20
417068.9
 10
355193.7
 20
416337.3
 10
354539.1
 20
415604.8
 10
353892.8
 20
414871.6
 10
353255.3
 20
414137.5
 10
352627.1
 20
413402.5
 10
352008.5
 20
412666.5
 10
351400.0
 20
411929.6
 10
350801.6
 20
411191.9
 10
350213.4
 20
410453.7
 10
349635.4
 20
409715.0
 10
349067.4
 20
408976.3
 10
348509.4
 20
408237.7
 10
347961.5
 20
407499.4
 10
347423.6
 20
406761.6
 10
346895.7
 20
406024.7
 10
346377.7
 20
405288.7
 10
345869.6
 20
404554.0
 10
345371.4
 20
403820.8
 10
344883.1
 20
403089.2
 10
344404.6
 20
402359.6
 10
343935.9
 20
401632.1
 10
343477.0
 20
400907.0
 10
343027.8
 20
400184.5
 10
342588.4
 20
399464.8
 10
342158.4
 20
398748.1
 10
341737.4
 20
398034.3
 10
341324.7
 20
397323.3
 10
340919.5
 20
396615.1
 10
340521.4
 20
395909.6
 10
340129.6
 20
395206.7
 10
339743.5
 20
394506.3
 10
339362.4
 20
393808.4
 10
338985.8
 20
393112.9
 10
338612.9
 20
392419.7
 10
338243.1
 20
391728.8
 10
337875.8
 20
391040.0
 10
337510.4
 20
390353.3
 10
337146.3
 20
389668.4
 10
336783.1
 20
388984.8
 10
336420.4
 20
388302.2
 10
336057.8
 20
387620.1
 10
335694.9
 20
386938.1
 10
335331.1
 20
386255.8
 10
334966.1
 20
385572.8
 10
334599.5
 20
384888.7
 10
334230.8
 20
384202.9
 10
333859.5
 20
383515.3
 10
333485.4
 20
382825.2
 10
333107.9
 20
382132.4
 10
332726.5
 20
381436.3
 10
332341.0
 20
380736.7
 10
331950.8
 20
380032.9
 10
331555.5
 20
379324.8
 10
331155.1
 20
378611.9
 10
330749.7
 20
377894.0
 10
330339.4
 20
377171.1
 10
329924.4
 20
376442.7
 10
329504.8
 20
375708.9
 10
329080.9
 20
374969.2
 10
328652.7
 20
374223.7
 10
328220.5
 20
373472.0
 10
327784.3
 20
372713.9
 10
327344.3
 20
371949.3
 10
326900.7
 20
371177.9
 10
326453.6
 20
370399.6
 10
326003.2
 20
369614.1
 10
325549.7
 20
368821.4
 10
325093.2
 20
368021.5
 10
324634.0
 20
367214.8
 10
324172.2
 20
366401.5
 10
323708.0
 20
365581.7
 10
323241.7
 20
364755.9
 10
322773.4
 20
363924.0
 10
322303.3
 20
363086.6
 10
321831.7
 20
362243.6
 10
321358.7
 20
361395.5
 10
320884.5
 20
360542.4
 10
320409.4
 20
359684.6
 10
319933.5
 20
358822.3
 10
319457.1
 20
357955.8
 10
318980.2
 20
357085.3
 10
318503.2
 20
356210.9
 10
318026.3
 20
355333.1
 10
317549.6
 20
354452.0
 10
317073.3
 20
353567.8
 10
316597.6
 20
352680.7
 10
316122.8
 20
351791.2
 10
315649.0
 20
350899.2
 10
315176.4
 20
350005.2
 10
314705.2
 20
349109.3
 10
314235.7
 20
348211.8
 10
313768.0
 20
347312.9
 10
313302.3
 20
346412.8
 10
312838.9
 20
345511.8
 10
312377.9
 20
344610.2
 10
311919.5
 20
343708.1
 10
311463.9
 20
342805.8
 10
311011.3
 20
341903.5
 10
310561.6
 20
341001.1
 10
310114.8
 20
340098.6
 10
309670.9
 20
339196.0
 10
309229.8
 20
338293.3
 10
308791.7
 20
337390.5
 10
308356.3
 20
336487.5
 10
307923.8
 20
335584.3
 10
307494.1
 20
334681.0
 10
307067.2
 20
333777.5
 10
306643.1
 20
332873.7
 10
306221.7
 20
331969.8
 10
305803.0
 20
331065.5
 10
305387.1
 20
330161.0
 10
304973.9
 20
329256.2
 10
304563.3
 20
328351.2
 10
304155.5
 20
327445.7
 10
303750.2
 20
326540.0
 10
303347.6
 20
325633.9
 10
302947.7
 20
324727.5
 10
302550.3
 20
323820.6
 10
302155.5
 20
322913.4
 10
301763.2
 20
322005.7
 10
301373.6
 20
321097.6
 10
300986.4
 20
320189.1
 10
300601.7
 20
319280.0
 10
300219.6
 20
318370.5
 10
299839.9
 20
317460.5
 10
299462.6
 20
316550.0
 10
299087.8
 20
315638.9
 10
298715.5
 20
314727.3
 10
298345.5
 20
313815.1
 10
297977.9
 20
312902.3
 10
297612.7
 20
311989.0
 10
297249.9
 20
311075.0
 10
296889.4
 20
310160.3
 10
296531.2
 20
309245.0
 10
296175.3
 20
308329.1
 10
295821.7
 20
307412.4
 10
295470.3
 20
306495.1
 10
295121.2
 20
305577.0
 10
294774.4
 20
304658.2
 10
294429.7
 20
303738.6
 10
294087.2
 20
302818.3
 10
293747.0
 20
301897.1
 10
293408.9
 20
300975.2
 10
293072.9
 20
300052.4
 10
292739.0
 20
299128.8
 10
292407.3
 20
298204.4
 10
292077.7
 20
297279.1
 10
291750.1
 20
296352.8
 10
291424.6
 20
295425.7
 10
291101.1
 20
294497.7
 10
290779.6
 20
293568.7
 10
290460.2
 20
292638.7
 10
290142.7
 20
291707.8
 10
289827.3
 20
290775.9
 10
289513.7
 20
289843.0
 10
289202.1
 20
288909.1
 10
288892.4
 20
287974.1
 10
288584.7
 20
287038.1
 10
288278.9
 20
286101.0
 10
287975.2
 20
285162.8
 10
287673.8
 20
284223.6
 10
287374.7
 20
283283.4
 10
287078.1
 20
282342.1
 10
286784.0
 20
281399.7
 10
286492.6
 20
280456.3
 10
286204.1
 20
279511.9
 10
285918.5
 20
278566.5
 10
285635.9
 20
277620.0
 10
285356.4
 20
276672.5
 10
285080.3
 20
275723.9
 10
284807.5
 20
274774.4
 10
284538.2
 20
273823.8
 10
284272.6
 20
272872.2
 10
284010.7
 20
271919.6
 10
283752.7
 20
270966.0
 10
283498.6
 20
270011.3
 10
283248.6
 20
269055.7
 10
283002.8
 20
268099.0
 10
282761.3
 20
267141.4
 10
282524.3
 20
266182.8
 10
282291.8
 20
265223.1
 10
282064.0
 20
264262.5
 10
281841.0
 20
263300.9
 10
281622.9
 20
262338.3
 10
281409.7
 20
261374.7
 10
281201.8
 20
260410.2
 10
280999.0
 20
259444.6
 10
280801.7
 20
258478.1
 10
280609.8
 20
257510.6
 10
280423.5
 20
256542.2
 10
280242.9
 20
255572.8
 10
280068.2
 20
254602.4
 10
279899.4
 20
253631.1
 10
279736.7
 20
252658.8
 10
279580.1
 20
251685.6
 10
279429.8
 20
250711.4
 10
279286.0
 20
249736.2
 10
279148.7
 20
248760.1
 10
279018.0
 20
247783.1
 10
278894.1
 20
246805.2
 10
278777.0
 20
245826.3
 10
278667.0
 20
244846.4
 10
278564.0
 20
243865.7
 10
278468.3
 20
242884.0
 10
278379.9
 20
241901.4
 10
278299.0
 20
240917.9
 10
278225.6
 20
239933.4
 10
278160.0
 20
238948.0
 10
278102.1
 20
237961.8
 10
278052.2
 20
236974.6
 10
278010.3
 20
235986.5
 10
277976.5
 20
234997.5
 10
277951.1
 20
234007.6
 10
277934.0
 20
233016.8
 10
277925.4
 20
232025.1
 10
277925.4
 20
231032.5
 10
277934.2
 20
230039.1
 10
277951.8
 20
229044.7
 10
277978.4
 20
228049.5
 10
278014.1
 20
227053.4
 10
278058.9
 20
226056.4
 10
278112.8
 20
225058.5
 10
278175.2
 20
224059.9
 10
278245.7
 20
223060.5
 10
278323.6
 20
222060.4
 10
278408.5
 20
221059.7
 10
278499.9
 20
220058.4
 10
278597.2
 20
219056.6
 10
278699.9
 20
218054.3
 10
278807.5
 20
217051.7
 10
278919.5
 20
216048.6
 10
279035.3
 20
215045.3
 10
279154.4
 20
214041.7
 10
279276.4
 20
213037.9
 10
279400.6
 20
212034.0
 10
279526.6
 20
211030.0
 10
279653.9
 20
210026.0
 10
279781.8
 20
209022.0
 10
279910.0
 20
208018.2
 10
280037.8
 20
207014.4
 10
280164.9
 20
206010.9
 10
280290.5
 20
205007.5
 10
280414.3
 20
204004.6
 10
280535.6
 20
203001.9
 10
280654.1
 20
201999.7
 10
280769.1
 20
200998.0
 10
280880.1
 20
199996.8
 10
280986.7
 20
198996.1
 10
281088.2
 20
197996.1
 10
281184.2
 20
196996.8
 10
281274.2
 20
195998.3
 10
281357.6
 20
195000.6
 10
281433.9
 20
194003.7
 10
281502.9
 20
193007.7
 10
281564.8
 20
192012.6
 10
281620.0
 20
191018.3
 10
281668.7
 20
190024.9
 10
281711.3
 20
189032.3
 10
281747.9
 20
188040.6
 10
281779.0
 20
187049.6
 10
281804.8
 20
186059.5
 10
281825.6
 20
185070.1
 10
281841.6
 20
184081.5
 10
281853.3
 20
183093.6
 10
281860.9
 20
182106.5
 10
281864.7
 20
181120.0
 10
281864.9
 20
180134.3
 10
281862.0
 20
179149.2
 10
281856.1
 20
178164.9
 10
281847.6
 20
177181.1
 10
281836.7
 20
176198.1
 10
281823.8
 20
175215.6
 10
281809.2
 20
174233.8
 10
281793.1
 20
173252.5
 10
281775.9
 20
172271.8
 10
281757.8
 20
171291.7
 10
281739.1
 20
170312.2
 10
281720.2
 20
169333.2
 10
281701.3
 20
168354.7
 10
281682.7
 20
167376.7
 10
281664.7
 20
166399.2
 10
281647.7
 20
165422.2
 10
281631.9
 20
164445.6
 10
281617.5
 20
163469.5
 10
281605.0
 20
162493.8
 10
281594.5
 20
161518.6
 10
281586.1
 20
160543.7
 10
281579.9
 20
159569.2
 10
281575.7
 20
158595.1
 10
281573.8
 20
157621.4
 10
281574.0
 20
156648.0
 10
281576.4
 20
155674.9
 10
281581.0
 20
154702.2
 10
281587.9
 20
153729.8
 10
281597.0
 20
152757.6
 10
281608.3
 20
151785.8
 10
281622.0
 20
150814.2
 10
281637.9
 20
149842.8
 10
281656.2
 20
148871.7
 10
281676.8
 20
147900.8
 10
281699.7
 20
146930.1
 10
281725.0
 20
145959.6
 10
281752.7
 20
144989.3
 10
281782.9
 20
144019.1
 10
281815.4
 20
143049.1
 10
281850.4
 20
142079.2
 10
281887.8
 20
141109.5
 10
281927.8
 20
140139.8
 10
281970.2
 20
139170.2
 10
282015.1
 20
138200.8
 10
282062.6
 20
137231.4
 10
282112.6
 20
136262.0
 10
282165.2
 20
135292.7
 10
282220.4
 20
134323.4
 10
282278.1
 20
133354.1
 10
282338.5
 20
132384.8
 10
282401.6
 20
131415.5
 10
282467.2
 20
130446.1
 10
282535.6
 20
129476.7
 10
282606.7
 20
128507.3
 10
282680.4
 20
127537.7
 10
282756.9
 20
126568.1
 10
282836.2
 20
125598.4
 10
282918.2
 20
124628.5
 10
283003.0
 20
123658.5
 10
283090.5
 20
122688.4
 10
283180.9
 20
121718.1
 10
283274.2
 20
120747.6
 10
283370.3
 20
119777.0
 10
283469.2
 20
118806.1
 10
283571.1
 20
117835.1
 10
283675.8
 20
116863.8
 10
283783.5
 20
115892.2
 10
283894.1
 20
114920.4
 10
284007.7
 20
113948.3
 10
284124.3
 20
112976.0
 10
284243.8
 20
112003.3
 10
284366.4
 20
111030.3
 10
284492.0
 20
110057.0
 10
284620.6
 20
109083.4
 10
284752.3
 20
108109.3
 10
284887.1
 20
107135.0
 10
285025.0
 20
106160.2
 10
285166.0
 20
105185.0
 10
285310.2
 20
104209.4
 10
285457.5
 20
103233.4
 10
285607.9
 20
102257.0
 10
285761.6
 20
101280.0
 10
285918.4
 20
100302.7
 10
286078.4
 20
99324.9
 10
286241.3
 20
98346.8
 10
286407.2
 20
97368.4
 10
286575.9
 20
96389.6
 10
286747.5
 20
95410.6
 10
286921.8
 20
94431.4
 10
287098.8
 20
93452.0
 10
287278.3
 20
92472.5
 10
287460.4
 20
91492.9
 10
287645.0
 20
90513.1
 10
287831.9
 20
89533.4
 10
288021.2
 20
88553.7
 10
288212.7
 20
87574.0
 10
288406.4
 20
86594.4
 10
288602.2
 20
85614.9
 10
288800.0
 20
84635.6
 10
288999.8
 20
83656.4
 10
289201.5
 20
82677.5
 10
289405.0
 20
81698.9
 10
289610.3
 20
80720.6
 10
289817.3
 20
79742.6
 10
290025.9
 20
78765.0
 10
290236.0
 20
77787.8
 10
290447.6
 20
76811.0
 10
290660.6
 20
75834.8
 10
290875.0
 20
74859.1
 10
291090.6
 20
73883.9
 10
291307.4
 20
72909.4
 10
291525.3
 20
71935.5
 10
291744.3
 20
70962.2
 10
291964.3
 20
69989.7
 10
292185.2
 20
69018.0
 10
292407.0
 20
68047.0
 10
292629.5
 20
67076.9
 10
292852.7
 20
66107.6
 10
293076.6
 20
65139.2
 10
293301.1
 20
64171.8
 10
293526.0
 20
63205.3
 10
293751.3
 20
62239.9
 10
293977.1
 20
61275.5
 10
294203.1
 20
60312.2
 10
294429.3
 20
59350.0
 10
294655.6
 20
58389.0
 10
294882.1
 20
57429.2
 10
295108.5
 20
56470.6
 10
295334.9
 20
55513.3
 10
295561.2
 20
54557.3
 10
295787.2
 20
53602.7
 10
296013.0
 20
52649.5
 10
296238.4
 20
51697.6
 10
296463.4
 20
50747.3
 10
296687.9
 20
49798.4
 10
296911.9
 20
48851.1
 10
297135.3
 20
47905.3
 10
297357.9
 20
46961.2
 10
297579.8
 20
46018.7
 10
297800.9
 20
45077.9
 10
298021.0
 20
44138.8
 10
298240.2
 20
43201.5
 10
298458.3
 20
42266.0
 10
298675.3
 20
41332.3
 10
298891.2
 20
40400.5
  0
TEXT
  5
38
330
17
100
AcDbEntity
  8
ISO_LABELS
100
AcDbText
 10
490113.6
 20
509113.1
 30
0.0
 40
6000.0
  1
23
 72
1
 11
490113.6
 21
509113.1
 31
0.0
100
AcDbText
 73
2
  0
LWPOLYLINE
  5
39
330
17
100
AcDbEntity
  8
ISO_WHOLE
100
AcDbPolyline
 90
25
 70
0
 10
695267.1
 20
167798.3
 10
694593.5
 20
166980.0
 10
693942.1
 20
166141.0
 10
693313.8
 20
165282.0
 10
692709.4
 20
164404.1
 10
692129.8
 20
163508.1
 10
691576.0
 20
162595.0
 10
691048.8
 20
161665.6
 10
690549.1
 20
160720.9
 10
690077.7
 20
159761.9
 10
689635.6
 20
158789.3
 10
689223.6
 20
157804.2
 10
688842.6
 20
156807.4
 10
688493.5
 20
155799.8
 10
688177.1
 20
154782.4
 10
687894.4
 20
153756.1
 10
687646.3
 20
152721.9
 10
687433.6
 20
151680.5
 10
687257.1
 20
150632.9
 10
687117.9
 20
149580.1
 10
687016.6
 20
148522.9
 10
686954.4
 20
147462.4
 10
686931.9
 20
146399.3
 10
686950.2
 20
145334.5
 10
687010.0
 20
144269.2
  0
TEXT
  5
3A
330
17
100
AcDbEntity
  8
ISO_LABELS
100
AcDbText
 10
689635.6
 20
158789.3
 30
0.0
 40
6000.0
  1
23
 72
1
 11
689635.6
 21
158789.3
 31
0.0
100
AcDbText
 73
2
  0
LWPOLYLINE
  5
3B
330
17
100
AcDbEntity
  8
ISO_WHOLE
100
AcDbPolyline
 90
763
 70
0
 10
217153.3
 20
4439.0
 10
216555.3
 20
5322.1
 10
215970.1
 20
6206.7
 10
215397.5
 20
7092.9
 10
214837.4
 20
7980.6
 10
214289.6
 20
8869.8
 10
213754.1
 20
9760.6
 10
213230.6
 20
10652.8
 10
212719.1
 20
11546.6
 10
212219.3
 20
12441.8
 10
211731.2
 20
13338.6
 10
211254.6
 20
14236.8
 10
210789.3
 20
15136.5
 10
210335.3
 20
16037.7
 10
209892.4
 20
16940.4
 10
209460.4
 20
17844.5
 10
209039.3
 20
18750.1
 10
208628.8
 20
19657.1
 10
208228.8
 20
20565.5
 10
207839.2
 20
21475.4
 10
207459.9
 20
22386.7
 10
207090.6
 20
23299.4
 10
206731.4
 20
24213.5
 10
206381.9
 20
25129.0
 10
206042.2
 20
26046.0
 10
205712.0
 20
26964.3
 10
205391.2
 20
27884.0
 10
205079.7
 20
28805.1
 10
204777.3
 20
29727.6
 10
204483.9
 20
30651.4
 10
204199.3
 20
31576.6
 10
203923.4
 20
32503.1
 10
203656.2
 20
33431.0
 10
203397.3
 20
34360.2
 10
203146.7
 20
35290.8
 10
202904.3
 20
36222.6
 10
202669.9
 20
37155.8
 10
202443.3
 20
38090.3
 10
202224.5
 20
39026.2
 10
202013.3
 20
39963.3
 10
201809.5
 20
40901.7
 10
201613.0
 20
41841.4
 10
201423.7
 20
42782.3
 10
201241.4
 20
43724.6
 10
201066.0
 20
44668.1
 10
200897.3
 20
45612.9
 10
200735.3
 20
46558.9
 10
200579.7
 20
47506.2
 10
200430.5
 20
48454.7
 10
200287.4
 20
49404.4
 10
200150.4
 20
50355.4
 10
200019.3
 20
51307.6
 10
199893.9
 20
52261.0
 10
199774.2
 20
53215.6
 10
199660.0
 20
54171.4
 10
199551.1
 20
55128.4
 10
199447.4
 20
56086.6
 10
199348.8
 20
57045.9
 10
199255.1
 20
58006.5
 10
199166.2
 20
58968.2
 10
199082.0
 20
59931.1
 10
199002.2
 20
60895.1
 10
198926.9
 20
61860.3
 10
198855.7
 20
62826.6
 10
198788.6
 20
63794.0
 10
198725.5
 20
64762.6
 10
198666.2
 20
65732.3
 10
198610.6
 20
66703.1
 10
198558.5
 20
67675.0
 10
198509.7
 20
68648.0
 10
198464.2
 20
69622.1
 10
198421.9
 20
70597.3
 10
198382.5
 20
71573.6
 10
198345.9
 20
72550.9
 10
198312.0
 20
73529.4
 10
198280.6
 20
74508.8
 10
198251.7
 20
75489.4
 10
198225.0
 20
76471.0
 10
198200.5
 20
77453.6
 10
198177.9
 20
78437.2
 10
198157.2
 20
79421.9
 10
198138.2
 20
80407.6
 10
198120.7
 20
81394.4
 10
198104.7
 20
82382.1
 10
198090.0
 20
83370.8
 10
198076.4
 20
84360.5
 10
198063.8
 20
85351.3
 10
198052.1
 20
86343.0
 10
198041.1
 20
87335.6
 10
198030.7
 20
88329.3
 10
198020.7
 20
89323.9
 10
198011.1
 20
90319.4
 10
198001.6
 20
91315.9
 10
197992.1
 20
92313.4
 10
197982.6
 20
93311.8
 10
197972.7
 20
94311.1
 10
197962.5
 20
95311.3
 10
197951.8
 20
96312.5
 10
197940.3
 20
97314.5
 10
197928.1
 20
98317.5
 10
197915.2
 20
99321.3
 10
197901.6
 20
100325.9
 10
197887.4
 20
101331.3
 10
197872.7
 20
102337.5
 10
197857.6
 20
103344.3
 10
197842.1
 20
104351.8
 10
197826.4
 20
105359.8
 10
197810.4
 20
106368.5
 10
197794.3
 20
107377.6
 10
197778.1
 20
108387.2
 10
197761.9
 20
109397.3
 10
197745.8
 20
110407.7
 10
197729.9
 20
111418.5
 10
197714.2
 20
112429.6
 10
197698.8
 20
113441.0
 10
197683.9
 20
114452.6
 10
197669.3
 20
115464.3
 10
197655.3
 20
116476.2
 10
197641.9
 20
117488.2
 10
197629.2
 20
118500.2
 10
197617.3
 20
119512.2
 10
197606.2
 20
120524.2
 10
197596.0
 20
121536.1
 10
197586.7
 20
122547.9
 10
197578.5
 20
123559.5
 10
197571.5
 20
124570.9
 10
197565.7
 20
125582.1
 10
197561.1
 20
126592.9
 10
197557.9
 20
127603.5
 10
197556.1
 20
128613.6
 10
197555.8
 20
129623.4
 10
197557.1
 20
130632.6
 10
197560.1
 20
131641.4
 10
197564.8
 20
132649.6
 10
197571.2
 20
133657.2
 10
197579.6
 20
134664.2
 10
197589.9
 20
135670.5
 10
197602.2
 20
136676.1
 10
197616.6
 20
137680.9
 10
197633.2
 20
138684.9
 10
197652.1
 20
139688.1
 10
197673.2
 20
140690.4
 10
197696.8
 20
141691.7
 10
197722.8
 20
142692.1
 10
197751.4
 20
143691.4
 10
197782.6
 20
144689.7
 10
197816.5
 20
145686.9
 10
197853.2
 20
146682.9
 10
197892.7
 20
147677.8
 10
197935.1
 20
148671.4
 10
197980.4
 20
149663.7
 10
198028.4
 20
150654.9
 10
198079.0
 20
151644.8
 10
198131.9
 20
152633.6
 10
198187.0
 20
153621.2
 10
198244.1
 20
154607.8
 10
198303.1
 20
155593.2
 10
198363.7
 20
156577.5
 10
198425.8
 20
157560.8
 10
198489.2
 20
158543.1
 10
198553.8
 20
159524.4
 10
198619.3
 20
160504.7
 10
198685.7
 20
161484.0
 10
198752.6
 20
162462.5
 10
198820.0
 20
163440.0
 10
198887.6
 20
164416.7
 10
198955.3
 20
165392.6
 10
199023.0
 20
166367.6
 10
199090.3
 20
167341.8
 10
199157.3
 20
168315.2
 10
199223.6
 20
169287.9
 10
199289.2
 20
170259.9
 10
199353.7
 20
171231.2
 10
199417.2
 20
172201.8
 10
199479.3
 20
173171.8
 10
199540.0
 20
174141.2
 10
199599.0
 20
175110.0
 10
199656.1
 20
176078.2
 10
199711.3
 20
177045.8
 10
199764.3
 20
178013.0
 10
199814.9
 20
178979.6
 10
199862.9
 20
179945.8
 10
199908.3
 20
180911.5
 10
199950.8
 20
181876.8
 10
199990.2
 20
182841.7
 10
200026.4
 20
183806.3
 10
200059.2
 20
184770.5
 10
200088.3
 20
185734.4
 10
200113.8
 20
186698.0
 10
200135.3
 20
187661.3
 10
200152.6
 20
188624.4
 10
200165.7
 20
189587.3
 10
200174.4
 20
190550.0
 10
200178.4
 20
191512.5
 10
200177.6
 20
192474.9
 10
200171.8
 20
193437.2
 10
200160.9
 20
194399.3
 10
200144.6
 20
195361.4
 10
200122.8
 20
196323.5
 10
200095.3
 20
197285.5
 10
200062.2
 20
198247.6
 10
200023.9
 20
199209.6
 10
199980.6
 20
200171.6
 10
199933.0
 20
201133.5
 10
199881.3
 20
202095.3
 10
199825.9
 20
203057.0
 10
199767.3
 20
204018.6
 10
199705.9
 20
204980.1
 10
199642.1
 20
205941.5
 10
199576.3
 20
206902.6
 10
199508.8
 20
207863.6
 10
199440.2
 20
208824.3
 10
199370.7
 20
209784.9
 10
199300.8
 20
210745.2
 10
199231.0
 20
211705.2
 10
199161.6
 20
212664.9
 10
199093.0
 20
213624.4
 10
199025.6
 20
214583.5
 10
198959.8
 20
215542.3
 10
198896.1
 20
216500.7
 10
198834.8
 20
217458.8
 10
198776.4
 20
218416.5
 10
198721.2
 20
219373.7
 10
198669.6
 20
220330.5
 10
198622.2
 20
221286.9
 10
198579.2
 20
222242.8
 10
198541.0
 20
223198.3
 10
198508.2
 20
224153.2
 10
198481.0
 20
225107.6
 10
198459.9
 20
226061.4
 10
198445.3
 20
227014.8
 10
198437.6
 20
227967.5
 10
198437.2
 20
228919.6
 10
198444.5
 20
229871.1
 10
198460.0
 20
230822.0
 10
198483.9
 20
231772.3
 10
198516.8
 20
232721.8
 10
198559.0
 20
233670.7
 10
198610.9
 20
234618.9
 10
198673.0
 20
235566.3
 10
198745.6
 20
236513.1
 10
198829.1
 20
237459.0
 10
198924.0
 20
238404.2
 10
199030.7
 20
239348.5
 10
199149.5
 20
240292.1
 10
199281.0
 20
241234.8
 10
199425.3
 20
242176.7
 10
199583.1
 20
243117.7
 10
199754.5
 20
244057.8
 10
199939.4
 20
244997.0
 10
200137.4
 20
245935.3
 10
200348.3
 20
246872.7
 10
200571.8
 20
247809.2
 10
200807.5
 20
248744.8
 10
201055.2
 20
249679.5
 10
201314.5
 20
250613.3
 10
201585.3
 20
251546.1
 10
201867.0
 20
252478.0
 10
202159.6
 20
253408.9
 10
202462.6
 20
254339.0
 10
202775.8
 20
255268.0
 10
203098.8
 20
256196.1
 10
203431.4
 20
257123.3
 10
203773.3
 20
258049.5
 10
204124.2
 20
258974.7
 10
204483.7
 20
259899.0
 10
204851.6
 20
260822.3
 10
205227.6
 20
261744.6
 10
205611.4
 20
262665.9
 10
206002.6
 20
263586.3
 10
206401.0
 20
264505.6
 10
206806.3
 20
265423.9
 10
207218.2
 20
266341.3
 10
207636.3
 20
267257.6
 10
208060.5
 20
268172.9
 10
208490.3
 20
269087.2
 10
208925.5
 20
270000.5
 10
209365.7
 20
270912.8
 10
209810.8
 20
271824.0
 10
210260.3
 20
272734.2
 10
210714.0
 20
273643.3
 10
211171.7
 20
274551.4
 10
211632.8
 20
275458.5
 10
212097.3
 20
276364.5
 10
212564.8
 20
277269.4
 10
213035.0
 20
278173.3
 10
213507.5
 20
279076.0
 10
213982.2
 20
279977.8
 10
214458.6
 20
280878.4
 10
214936.5
 20
281778.0
 10
215415.6
 20
282676.4
 10
215895.6
 20
283573.8
 10
216376.3
 20
284470.1
 10
216857.2
 20
285365.3
 10
217338.1
 20
286259.3
 10
217818.7
 20
287152.3
 10
218298.9
 20
288044.1
 10
218778.8
 20
288934.9
 10
219258.3
 20
289824.6
 10
219737.5
 20
290713.2
 10
220216.2
 20
291600.8
 10
220694.7
 20
292487.4
 10
221172.8
 20
293372.9
 10
221650.5
 20
294257.5
 10
222127.9
 20
295141.0
 10
222604.9
 20
296023.7
 10
223081.6
 20
296905.3
 10
223557.9
 20
297786.0
 10
224034.0
 20
298665.8
 10
224509.6
 20
299544.7
 10
224985.0
 20
300422.7
 10
225460.0
 20
301299.8
 10
225934.7
 20
302176.1
 10
226409.1
 20
303051.5
 10
226883.2
 20
303926.1
 10
227356.9
 20
304799.9
 10
227830.4
 20
305672.8
 10
228303.5
 20
306545.0
 10
228776.4
 20
307416.4
 10
229248.9
 20
308287.1
 10
229721.1
 20
309157.0
 10
230193.1
 20
310026.2
 10
230664.7
 20
310894.6
 10
231136.1
 20
311762.4
 10
231607.1
 20
312629.5
 10
232077.9
 20
313496.0
 10
232548.4
 20
314361.7
 10
233018.7
 20
315226.9
 10
233488.6
 20
316091.4
 10
233958.3
 20
316955.3
 10
234427.7
 20
317818.7
 10
234896.9
 20
318681.4
 10
235365.8
 20
319543.6
 10
235834.4
 20
320405.3
 10
236302.8
 20
321266.4
 10
236771.0
 20
322127.0
 10
237238.8
 20
322987.1
 10
237706.5
 20
323846.7
 10
238173.9
 20
324705.9
 10
238641.0
 20
325564.6
 10
239107.9
 20
326422.8
 10
239574.6
 20
327280.7
 10
240041.1
 20
328138.1
 10
240507.3
 20
328995.1
 10
240973.3
 20
329851.8
 10
241439.1
 20
330708.0
 10
241904.7
 20
331564.0
 10
242370.0
 20
332419.6
 10
242835.2
 20
333274.9
 10
243300.1
 20
334129.8
 10
243764.8
 20
334984.5
 10
244229.4
 20
335838.9
 10
244693.7
 20
336693.1
 10
245157.8
 20
337547.0
 10
245621.8
 20
338400.7
 10
246085.5
 20
339254.2
 10
246549.1
 20
340107.4
 10
247012.4
 20
340960.5
 10
247475.6
 20
341813.4
 10
247938.7
 20
342666.2
 10
248401.5
 20
343518.8
 10
248864.2
 20
344371.3
 10
249326.7
 20
345223.7
 10
249789.0
 20
346076.0
 10
250251.2
 20
346928.3
 10
250713.2
 20
347780.4
 10
251175.1
 20
348632.5
 10
251636.8
 20
349484.6
 10
252098.4
 20
350336.7
 10
252559.8
 20
351188.7
 10
253021.1
 20
352040.8
 10
253482.2
 20
352892.9
 10
253943.2
 20
353745.1
 10
254404.1
 20
354597.3
 10
254864.8
 20
355449.5
 10
255325.4
 20
356301.9
 10
255785.9
 20
357154.3
 10
256246.2
 20
358006.9
 10
256706.5
 20
358859.6
 10
257166.6
 20
359712.5
 10
257626.6
 20
360565.5
 10
258086.5
 20
361418.7
 10
258546.3
 20
362272.1
 10
259006.0
 20
363125.7
 10
259465.6
 20
363979.5
 10
259925.1
 20
364833.6
 10
260384.5
 20
365687.9
 10
260843.8
 20
366542.5
 10
261303.0
 20
367397.4
 10
261762.2
 20
368252.5
 10
262221.2
 20
369108.0
 10
262680.2
 20
369963.8
 10
263139.1
 20
370820.0
 10
263597.9
 20
371676.4
 10
264056.5
 20
372533.3
 10
264515.0
 20
373390.4
 10
264973.4
 20
374247.9
 10
265431.5
 20
375105.8
 10
265889.5
 20
375964.0
 10
266347.3
 20
376822.6
 10
266804.8
 20
377681.6
 10
267262.1
 20
378540.9
 10
267719.1
 20
379400.6
 10
268175.9
 20
380260.6
 10
268632.3
 20
381121.1
 10
269088.5
 20
381981.9
 10
269544.3
 20
382843.1
 10
269999.7
 20
383704.7
 10
270454.8
 20
384566.7
 10
270909.6
 20
385429.1
 10
271363.9
 20
386291.9
 10
271817.8
 20
387155.1
 10
272271.3
 20
388018.8
 10
272724.3
 20
388882.8
 10
273176.8
 20
389747.3
 10
273628.9
 20
390612.1
 10
274080.5
 20
391477.4
 10
274531.6
 20
392343.2
 10
274982.1
 20
393209.3
 10
275432.1
 20
394076.0
 10
275881.5
 20
394943.0
 10
276330.4
 20
395810.5
 10
276778.6
 20
396678.4
 10
277226.2
 20
397546.8
 10
277673.2
 20
398415.7
 10
278119.5
 20
399285.0
 10
278565.2
 20
400154.8
 10
279010.2
 20
401025.1
 10
279454.5
 20
401895.8
 10
279898.0
 20
402767.0
 10
280340.9
 20
403638.7
 10
280782.9
 20
404510.8
 10
281224.2
 20
405383.5
 10
281664.8
 20
406256.6
 10
282104.5
 20
407130.3
 10
282543.4
 20
408004.4
 10
282981.4
 20
408879.1
 10
283418.6
 20
409754.2
 10
283855.0
 20
410629.9
 10
284290.4
 20
411506.1
 10
284725.0
 20
412382.8
 10
285158.6
 20
413260.0
 10
285591.3
 20
414137.7
 10
286023.0
 20
415016.0
 10
286453.8
 20
415894.8
 10
286883.5
 20
416774.2
 10
287312.3
 20
417654.1
 10
287740.1
 20
418534.5
 10
288166.8
 20
419415.5
 10
288592.4
 20
420297.1
 10
289017.0
 20
421179.2
 10
289440.5
 20
422061.8
 10
289862.8
 20
422945.1
 10
290284.1
 20
423828.9
 10
290704.2
 20
424713.2
 10
291123.2
 20
425598.2
 10
291540.9
 20
426483.7
 10
291957.5
 20
427369.8
 10
292372.9
 20
428256.6
 10
292787.1
 20
429143.9
 10
293200.0
 20
430031.8
 10
293611.6
 20
430920.2
 10
294022.0
 20
431809.4
 10
294431.1
 20
432699.1
 10
294838.9
 20
433589.4
 10
295245.3
 20
434480.3
 10
295650.4
 20
435371.9
 10
296054.2
 20
436264.1
 10
296456.5
 20
437156.9
 10
296857.5
 20
438050.3
 10
297257.1
 20
438944.4
 10
297655.2
 20
439839.1
 10
298051.9
 20
440734.5
 10
298447.1
 20
441630.5
 10
298840.9
 20
442527.1
 10
299233.1
 20
443424.4
 10
299623.8
 20
444322.4
 10
300013.1
 20
445221.0
 10
300400.7
 20
446120.3
 10
300786.8
 20
447020.3
 10
301171.3
 20
447921.0
 10
301554.3
 20
448822.3
 10
301935.6
 20
449724.3
 10
302315.3
 20
450627.0
 10
302693.4
 20
451530.3
 10
303070.0
 20
452434.2
 10
303445.3
 20
453338.7
 10
303819.2
 20
454243.7
 10
304191.8
 20
455149.1
 10
304563.3
 20
456055.0
 10
304933.6
 20
456961.3
 10
305302.9
 20
457867.9
 10
305671.3
 20
458774.7
 10
306038.7
 20
459681.9
 10
306405.4
 20
460589.2
 10
306771.2
 20
461496.7
 10
307136.5
 20
462404.4
 10
307501.1
 20
463312.0
 10
307865.2
 20
464219.8
 10
308228.8
 20
465127.5
 10
308592.1
 20
466035.1
 10
308955.1
 20
466942.7
 10
309317.8
 20
467850.1
 10
309680.4
 20
468757.3
 10
310042.9
 20
469664.3
 10
310405.4
 20
470571.0
 10
310768.0
 20
471477.4
 10
311130.8
 20
472383.5
 10
311493.7
 20
473289.1
 10
311856.9
 20
474194.3
 10
312220.5
 20
475099.0
 10
312584.6
 20
476003.1
 10
312949.1
 20
476906.7
 10
313314.3
 20
477809.6
 10
313680.1
 20
478711.9
 10
314046.6
 20
479613.5
 10
314414.0
 20
480514.3
 10
314782.2
 20
481414.3
 10
315151.4
 20
482313.4
 10
315521.6
 20
483211.7
 10
315892.9
 20
484109.1
 10
316265.5
 20
485005.4
 10
316639.2
 20
485900.8
 10
317014.3
 20
486795.1
 10
317390.8
 20
487688.3
 10
317768.8
 20
488580.3
 10
318148.3
 20
489471.1
 10
318529.4
 20
490360.7
 10
318912.2
 20
491249.1
 10
319296.8
 20
492136.1
 10
319683.3
 20
493021.7
 10
320071.7
 20
493905.9
 10
320462.0
 20
494788.7
 10
320854.4
 20
495669.9
 10
321249.0
 20
496549.7
 10
321645.8
 20
497427.8
 10
322044.9
 20
498304.3
 10
322446.3
 20
499179.2
 10
322850.2
 20
500052.3
 10
323256.6
 20
500923.6
 10
323665.5
 20
501793.2
 10
324077.2
 20
502660.9
 10
324491.5
 20
503526.7
 10
324908.7
 20
504390.6
 10
325328.7
 20
505252.5
 10
325751.7
 20
506112.4
 10
326177.8
 20
506970.2
 10
326606.9
 20
507825.9
 10
327039.2
 20
508679.4
 10
327474.7
 20
509530.8
 10
327913.6
 20
510379.9
 10
328355.9
 20
511226.7
 10
328801.7
 20
512071.2
 10
329251.0
 20
512913.3
 10
329703.9
 20
513753.0
 10
330160.5
 20
514590.2
 10
330620.9
 20
515425.0
 10
331085.1
 20
516257.1
 10
331553.2
 20
517086.7
 10
332025.4
 20
517913.7
 10
332501.6
 20
518738.0
 10
332981.9
 20
519559.6
 10
333466.5
 20
520378.3
 10
333955.3
 20
521194.3
 10
334448.5
 20
522007.5
 10
334946.1
 20
522817.7
 10
335448.2
 20
523625.0
 10
335954.9
 20
524429.3
 10
336466.3
 20
525230.6
 10
336982.4
 20
526028.8
 10
337503.3
 20
526823.9
 10
338029.1
 20
527615.8
 10
338559.8
 20
528404.6
 10
339095.6
 20
529190.1
 10
339636.2
 20
529972.4
 10
340181.8
 20
530751.7
 10
340732.1
 20
531528.0
 10
341287.3
 20
532301.3
 10
341847.1
 20
533071.7
 10
342411.6
 20
533839.3
 10
342980.6
 20
534604.2
 10
343554.1
 20
535366.4
 10
344132.1
 20
536126.0
 10
344714.5
 20
536883.1
 10
345301.3
 20
537637.7
 10
345892.3
 20
538390.0
 10
346487.5
 20
539139.9
 10
347086.8
 20
539887.6
 10
347690.2
 20
540633.0
 10
348297.7
 20
541376.4
 10
348909.1
 20
542117.8
 10
349524.4
 20
542857.2
 10
350143.6
 20
543594.6
 10
350766.5
 20
544330.3
 10
351393.2
 20
545064.2
 10
352023.5
 20
545796.4
 10
352657.4
 20
546527.0
 10
353294.9
 20
547256.0
 10
353935.8
 20
547983.6
 10
354580.1
 20
548709.7
 10
355227.8
 20
549434.5
 10
355878.7
 20
550158.1
 10
356532.9
 20
550880.4
 10
357190.3
 20
551601.6
 10
357850.8
 20
552321.8
 10
358514.3
 20
553040.9
 10
359180.8
 20
553759.2
 10
359850.2
 20
554476.6
 10
360522.5
 20
555193.2
 10
361197.5
 20
555909.1
 10
361875.4
 20
556624.4
 10
362555.8
 20
557339.1
 10
363239.0
 20
558053.3
 10
363924.6
 20
558767.1
 10
364612.8
 20
559480.5
 10
365303.4
 20
560193.7
 10
365996.3
 20
560906.6
 10
366691.6
 20
561619.3
 10
367389.1
 20
562332.0
 10
368088.8
 20
563044.7
 10
368790.6
 20
563757.4
 10
369494.5
 20
564470.3
 10
370200.4
 20
565183.4
 10
370908.3
 20
565896.4
 10
371618.3
 20
566609.0
 10
372330.3
 20
567320.8
 10
373044.5
 20
568031.3
 10
373760.9
 20
568740.0
 10
374479.6
 20
569446.7
 10
375200.5
 20
570150.8
 10
375923.8
 20
570851.9
 10
376649.5
 20
571549.6
 10
377377.6
 20
572243.5
 10
378108.3
 20
572933.1
 10
378841.5
 20
573618.0
 10
379577.2
 20
574297.9
 10
380315.6
 20
574972.2
 10
381056.7
 20
575640.5
 10
381800.6
 20
576302.5
 10
382547.2
 20
576957.6
 10
383296.6
 20
577605.5
 10
384049.0
 20
578245.8
 10
384804.3
 20
578877.9
 10
385562.6
 20
579501.6
 10
386323.9
 20
580116.3
 10
387088.2
 20
580721.7
 10
387855.8
 20
581317.2
 10
388626.5
 20
581902.6
 10
389400.4
 20
582477.3
 10
390177.6
 20
583041.0
 10
390958.5
 20
583593.3
 10
391743.2
 20
584133.8
 10
392532.2
 20
584662.3
 10
393325.8
 20
585178.4
 10
394124.2
 20
585681.8
 10
394927.8
 20
586172.1
 10
395737.0
 20
586649.0
 10
396552.0
 20
587112.2
 10
397373.2
 20
587561.3
 10
398200.9
 20
587996.1
 10
399035.4
 20
588416.2
 10
399876.5
 20
588822.2
 10
400724.1
 20
589214.7
 10
401577.9
 20
589594.8
 10
402437.5
 20
589963.0
 10
403302.8
 20
590320.4
 10
404173.4
 20
590667.7
 10
405049.0
 20
591005.7
 10
405929.5
 20
591335.3
 10
406814.5
 20
591657.3
 10
407703.8
 20
591972.3
 10
408597.3
 20
592280.6
 10
409494.9
 20
592582.3
 10
410396.4
 20
592877.7
 10
411301.9
 20
593166.8
 10
412211.3
 20
593449.9
 10
413124.3
 20
593727.0
 10
414041.1
 20
593998.4
 10
414961.4
 20
594264.1
 10
415885.2
 20
594524.3
 10
416812.4
 20
594779.3
 10
417742.9
 20
595029.1
 10
418676.6
 20
595273.9
 10
419613.5
 20
595513.8
 10
420553.4
 20
595749.1
 10
421496.3
 20
595979.8
 10
422442.0
 20
596206.1
 10
423390.6
 20
596428.1
 10
424341.8
 20
596646.1
 10
425295.7
 20
596860.2
 10
426252.1
 20
597070.5
 10
427210.9
 20
597277.2
 10
428172.1
 20
597480.4
 10
429135.6
 20
597680.3
 10
430101.2
 20
597877.0
 10
431069.0
 20
598070.7
 10
432038.7
 20
598261.6
 10
433010.4
 20
598449.8
 10
433983.9
 20
598635.4
 10
434959.1
 20
598818.7
 10
435936.0
 20
598999.7
 10
436914.5
 20
599178.7
 10
437894.5
 20
599355.7
 10
438875.8
 20
599530.9
 10
439858.5
 20
599704.5
 10
440842.4
 20
599876.7
 10
441827.4
 20
600047.5
 10
442813.5
 20
600217.2
 10
443800.5
 20
600385.9
 10
444788.5
 20
600553.8
 10
445777.2
 20
600720.9
 10
446766.6
 20
600887.5
 10
447756.6
 20
601053.7
 10
448747.2
 20
601219.7
 10
449738.2
 20
601385.6
 10
450729.5
 20
601551.5
 10
451721.1
 20
601717.7
 10
452712.9
 20
601884.3
 10
453704.8
 20
602051.4
 10
454696.7
 20
602219.2
 10
455688.6
 20
602387.9
 10
456680.2
 20
602557.5
 10
457671.6
 20
602728.3
 10
458662.7
 20
602900.4
 10
459653.3
 20
603074.0
 10
460643.4
 20
603249.2
 10
461632.9
 20
603426.1
 10
462621.8
 20
603605.0
 10
463609.8
 20
603785.9
 10
464597.0
 20
603969.0
 10
465583.2
 20
604154.6
 10
466568.4
 20
604342.7
 10
467552.5
 20
604533.4
 10
468535.4
 20
604727.0
 10
469516.9
 20
604923.7
 10
470497.1
 20
605123.4
 10
471475.8
 20
605326.5
 10
472453.0
 20
605533.0
 10
473428.5
 20
605743.2
 10
474402.2
 20
605957.1
 10
475374.2
 20
606174.9
 10
476344.2
 20
606396.8
 10
477312.3
 20
606622.9
 10
478278.3
 20
606853.4
 10
479242.1
 20
607088.5
 10
480203.6
 20
607328.2
 10
481162.8
 20
607572.8
 10
482119.6
 20
607822.4
 10
483073.9
 20
608077.1
 10
484025.5
 20
608337.2
 10
484974.5
 20
608602.7
 10
485920.7
 20
608873.8
 10
486864.0
 20
609150.7
 10
487804.4
 20
609433.5
 10
488741.7
 20
609722.4
 10
489676.0
 20
610017.5
 10
490607.0
 20
610319.0
 10
491534.7
 20
610627.0
 10
492459.0
 20
610941.7
 10
493379.8
 20
611263.3
 10
494297.1
 20
611591.9
 10
495210.8
 20
611927.6
 10
496120.7
 20
612270.6
  0
TEXT
  5
3C
330
17
100
AcDbEntity
  8
ISO_LABELS
100
AcDbText
 10
229721.1
 20
309157.0
 30
0.0
 40
6000.0
  1
24
 72
1
 11
229721.1
 21
309157.0
 31
0.0
100
AcDbText
 73
2
  0
LWPOLYLINE
  5
3D
330
17
100
AcDbEntity
  8
ISO_WHOLE
100
AcDbPolyline
 90
1112
 70
0
 10
499498.3
 20
690646.4
 10
498495.7
 20
690846.7
 10
497497.8
 20
691054.7
 10
496504.5
 20
691270.3
 10
495515.7
 20
691493.4
 10
494531.2
 20
691723.9
 10
493551.1
 20
691961.6
 10
492575.3
 20
692206.5
 10
491603.5
 20
692458.3
 10
490635.9
 20
692717.1
 10
489672.1
 20
692982.6
 10
488712.3
 20
693254.8
 10
487756.2
 20
693533.6
 10
486803.8
 20
693818.7
 10
485855.0
 20
694110.2
 10
484909.7
 20
694407.9
 10
483967.8
 20
694711.7
 10
483029.3
 20
695021.4
 10
482093.9
 20
695336.9
 10
481161.7
 20
695658.2
 10
480232.6
 20
695985.0
 10
479306.4
 20
696317.4
 10
478383.1
 20
696655.1
 10
477462.6
 20
696998.1
 10
476544.8
 20
697346.2
 10
475629.5
 20
697699.3
 10
474716.8
 20
698057.4
 10
473806.5
 20
698420.2
 10
472898.5
 20
698787.6
 10
471992.8
 20
699159.6
 10
471089.1
 20
699536.1
 10
470187.6
 20
699916.8
 10
469288.0
 20
700301.8
 10
468390.3
 20
700690.8
 10
467494.4
 20
701083.8
 10
466600.1
 20
701480.6
 10
465707.5
 20
701881.1
 10
464816.4
 20
702285.2
 10
463926.7
 20
702692.9
 10
463038.3
 20
703103.9
 10
462151.2
 20
703518.1
 10
461265.2
 20
703935.5
 10
460380.3
 20
704355.9
 10
459496.3
 20
704779.2
 10
458613.2
 20
705205.3
 10
457731.0
 20
705634.0
 10
456849.4
 20
706065.3
 10
455968.4
 20
706499.1
 10
455087.9
 20
706935.1
 10
454207.9
 20
707373.3
 10
453328.1
 20
707813.6
 10
452448.7
 20
708255.9
 10
451569.3
 20
708700.0
 10
450690.1
 20
709145.8
 10
449810.8
 20
709593.2
 10
448931.4
 20
710042.2
 10
448051.8
 20
710492.5
 10
447171.9
 20
710944.0
 10
446291.6
 20
711396.7
 10
445410.8
 20
711850.4
 10
444529.4
 20
712305.0
 10
443647.4
 20
712760.3
 10
442764.6
 20
713216.4
 10
441881.0
 20
713673.0
 10
440996.5
 20
714130.0
 10
440110.9
 20
714587.3
 10
439224.2
 20
715044.9
 10
438336.3
 20
715502.5
 10
437447.1
 20
715960.0
 10
436556.5
 20
716417.4
 10
435664.5
 20
716874.6
 10
434770.9
 20
717331.3
 10
433875.7
 20
717787.4
 10
432979.0
 20
718242.7
 10
432080.9
 20
718696.9
 10
431181.2
 20
719149.9
 10
430280.1
 20
719601.4
 10
429377.5
 20
720051.1
 10
428473.5
 20
720499.0
 10
427568.1
 20
720944.7
 10
426661.3
 20
721388.0
 10
425753.2
 20
721828.7
 10
424843.7
 20
722266.7
 10
423932.9
 20
722701.6
 10
423020.8
 20
723133.3
 10
422107.4
 20
723561.6
 10
421192.8
 20
723986.1
 10
420276.9
 20
724406.8
 10
419359.8
 20
724823.4
 10
418441.5
 20
725235.6
 10
417522.1
 20
725643.3
 10
416601.5
 20
726046.2
 10
415679.8
 20
726444.1
 10
414756.9
 20
726836.8
 10
413833.0
 20
727224.1
 10
412908.0
 20
727605.7
 10
411981.9
 20
727981.5
 10
411054.9
 20
728351.2
 10
410126.8
 20
728714.6
 10
409197.7
 20
729071.4
 10
408267.7
 20
729421.6
 10
407336.7
 20
729764.7
 10
406404.8
 20
730100.7
 10
405472.0
 20
730429.3
 10
404538.3
 20
730750.3
 10
403603.8
 20
731063.5
 10
402668.4
 20
731368.6
 10
401732.2
 20
731665.4
 10
400795.2
 20
731953.7
 10
399857.4
 20
732233.4
 10
398918.8
 20
732504.1
 10
397979.6
 20
732765.6
 10
397039.6
 20
733017.8
 10
396098.9
 20
733260.4
 10
395157.5
 20
733493.2
 10
394215.5
 20
733716.0
 10
393272.9
 20
733928.5
 10
392329.6
 20
734130.6
 10
391385.8
 20
734322.0
 10
390441.4
 20
734502.5
 10
389496.4
 20
734671.9
 10
388550.9
 20
734830.0
 10
387604.9
 20
734976.5
 10
386658.4
 20
735111.2
 10
385711.5
 20
735234.0
 10
384764.1
 20
735344.5
 10
383816.2
 20
735442.6
 10
382868.0
 20
735528.1
 10
381919.4
 20
735600.7
 10
380970.4
 20
735660.2
 10
380021.1
 20
735706.4
 10
379071.5
 20
735739.1
 10
378121.6
 20
735758.0
 10
377171.3
 20
735763.0
 10
376220.9
 20
735753.8
 10
375270.2
 20
735730.2
 10
374319.3
 20
735692.0
 10
373368.1
 20
735638.9
 10
372416.8
 20
735570.8
 10
371465.4
 20
735487.5
 10
370513.8
 20
735388.6
 10
369562.1
 20
735274.1
 10
368610.4
 20
735144.2
 10
367658.7
 20
734999.1
 10
366707.1
 20
734839.2
 10
365755.6
 20
734664.6
 10
364804.4
 20
734475.7
 10
363853.5
 20
734272.8
 10
362902.9
 20
734056.1
 10
361952.7
 20
733825.9
 10
361003.0
 20
733582.5
 10
360053.9
 20
733326.2
 10
359105.4
 20
733057.2
 10
358157.6
 20
732775.8
 10
357210.6
 20
732482.2
 10
356264.4
 20
732176.9
 10
355319.0
 20
731860.0
 10
354374.7
 20
731531.8
 10
353431.3
 20
731192.5
 10
352489.1
 20
730842.6
 10
351548.0
 20
730482.2
 10
350608.1
 20
730111.6
 10
349669.5
 20
729731.1
 10
348732.3
 20
729340.9
 10
347796.5
 20
728941.4
 10
346862.2
 20
728532.9
 10
345929.5
 20
728115.5
 10
344998.4
 20
727689.6
 10
344069.0
 20
727255.4
 10
343141.3
 20
726813.3
 10
342215.5
 20
726363.5
 10
341291.6
 20
725906.3
 10
340369.6
 20
725441.9
 10
339449.7
 20
724970.6
 10
338531.8
 20
724492.7
 10
337616.1
 20
724008.6
 10
336702.7
 20
723518.4
 10
335791.5
 20
723022.4
 10
334882.7
 20
722520.9
 10
333976.4
 20
722014.2
 10
333072.5
 20
721502.6
 10
332171.2
 20
720986.3
 10
331272.5
 20
720465.6
 10
330376.6
 20
719940.8
 10
329483.4
 20
719412.2
 10
328593.0
 20
718880.0
 10
327705.5
 20
718344.6
 10
326821.0
 20
717806.1
 10
325939.5
 20
717264.9
 10
325061.1
 20
716721.3
 10
324185.9
 20
716175.4
 10
323313.9
 20
715627.7
 10
322445.2
 20
715078.4
 10
321579.9
 20
714527.7
 10
320718.0
 20
713975.9
 10
319859.6
 20
713423.3
 10
319004.8
 20
712870.2
 10
318153.6
 20
712316.9
 10
317306.1
 20
711763.5
 10
316462.4
 20
711210.5
 10
315622.5
 20
710658.1
 10
314786.5
 20
710106.6
 10
313954.5
 20
709556.1
 10
313126.6
 20
709007.1
 10
312302.7
 20
708459.8
 10
311483.0
 20
707914.4
 10
310667.5
 20
707371.3
 10
309856.3
 20
706830.6
 10
309049.5
 20
706292.8
 10
308247.1
 20
705758.1
 10
307449.3
 20
705226.6
 10
306656.2
 20
704698.5
 10
305868.7
 20
704172.3
 10
305088.1
 20
703646.3
 10
304315.3
 20
703118.8
 10
303551.4
 20
702588.2
 10
302797.6
 20
702052.7
 10
302054.9
 20
701510.7
 10
301324.5
 20
700960.6
 10
300607.4
 20
700400.5
 10
299904.8
 20
699828.8
 10
299217.6
 20
699243.9
 10
298547.1
 20
698644.1
 10
297894.2
 20
698027.6
 10
297260.2
 20
697392.8
 10
296646.0
 20
696738.0
 10
296052.8
 20
696061.5
 10
295481.7
 20
695361.7
 10
294933.5
 20
694637.1
 10
294407.6
 20
693888.4
 10
293902.5
 20
693117.2
 10
293417.0
 20
692324.8
 10
292949.8
 20
691512.8
 10
292499.4
 20
690682.7
 10
292064.8
 20
689835.9
 10
291644.4
 20
688973.9
 10
291236.9
 20
688098.2
 10
290841.2
 20
687210.3
 10
290455.7
 20
686311.5
 10
290079.3
 20
685403.6
 10
289710.6
 20
684487.8
 10
289348.3
 20
683565.6
 10
288991.0
 20
682638.7
 10
288637.4
 20
681708.3
 10
288286.3
 20
680776.1
 10
287936.4
 20
679843.3
 10
287587.2
 20
678910.5
 10
287239.0
 20
677977.7
 10
286891.8
 20
677044.7
 10
286545.7
 20
676111.5
 10
286200.8
 20
675178.2
 10
285857.1
 20
674244.7
 10
285514.8
 20
673310.9
 10
285174.0
 20
672376.8
 10
284834.8
 20
671442.4
 10
284497.3
 20
670507.6
 10
284161.4
 20
669572.4
 10
283827.5
 20
668636.8
 10
283495.5
 20
667700.8
 10
283165.5
 20
666764.2
 10
282837.7
 20
665827.1
 10
282512.1
 20
664889.4
 10
282188.8
 20
663951.2
 10
281867.9
 20
663012.2
 10
281549.6
 20
662072.6
 10
281233.8
 20
661132.3
 10
280920.8
 20
660191.3
 10
280610.6
 20
659249.5
 10
280303.2
 20
658306.8
 10
279998.9
 20
657363.3
 10
279697.6
 20
656418.9
 10
279399.5
 20
655473.6
 10
279104.6
 20
654527.3
 10
278813.1
 20
653580.1
 10
278525.1
 20
652631.8
 10
278240.7
 20
651682.4
 10
277959.8
 20
650732.0
 10
277682.8
 20
649780.4
 10
277409.5
 20
648827.6
 10
277140.2
 20
647873.7
 10
276874.9
 20
646918.5
 10
276613.5
 20
645962.1
 10
276355.9
 20
645004.6
 10
276102.1
 20
644045.9
 10
275851.9
 20
643086.1
 10
275605.3
 20
642125.2
 10
275362.3
 20
641163.2
 10
275122.6
 20
640200.2
 10
274886.4
 20
639236.2
 10
274653.3
 20
638271.2
 10
274423.5
 20
637305.2
 10
274196.8
 20
636338.3
 10
273973.0
 20
635370.5
 10
273752.3
 20
634401.9
 10
273534.3
 20
633432.3
 10
273319.2
 20
632462.0
 10
273106.7
 20
631490.9
 10
272896.9
 20
630519.0
 10
272689.6
 20
629546.3
 10
272484.7
 20
628573.0
 10
272282.2
 20
627599.0
 10
272082.0
 20
626624.3
 10
271884.0
 20
625649.0
 10
271688.2
 20
624673.1
 10
271494.3
 20
623696.6
 10
271302.5
 20
622719.5
 10
271112.5
 20
621742.0
 10
270924.3
 20
620763.9
 10
270737.8
 20
619785.4
 10
270553.0
 20
618806.4
 10
270369.7
 20
617827.0
 10
270187.9
 20
616847.3
 10
270007.5
 20
615867.1
 10
269828.4
 20
614886.7
 10
269650.5
 20
613905.9
 10
269473.8
 20
612924.9
 10
269298.1
 20
611943.6
 10
269123.5
 20
610962.1
 10
268949.7
 20
609980.4
 10
268776.7
 20
608998.5
 10
268604.5
 20
608016.5
 10
268433.0
 20
607034.4
 10
268262.0
 20
606052.2
 10
268091.5
 20
605069.9
 10
267921.5
 20
604087.6
 10
267751.8
 20
603105.3
 10
267582.3
 20
602123.1
 10
267413.0
 20
601140.8
 10
267243.8
 20
600158.7
 10
267074.6
 20
599176.6
 10
266905.3
 20
598194.7
 10
266735.8
 20
597212.9
 10
266566.2
 20
596231.3
 10
266396.2
 20
595250.0
 10
266225.8
 20
594268.9
 10
266054.9
 20
593288.0
 10
265883.5
 20
592307.4
 10
265711.4
 20
591327.2
 10
265538.6
 20
590347.3
 10
265365.0
 20
589367.8
 10
265190.5
 20
588388.7
 10
265015.1
 20
587410.0
 10
264838.6
 20
586431.8
 10
264660.9
 20
585454.0
 10
264482.1
 20
584476.8
 10
264301.9
 20
583500.1
 10
264120.4
 20
582524.0
 10
263937.4
 20
581548.4
 10
263752.9
 20
580573.5
 10
263566.8
 20
579599.3
 10
263378.9
 20
578625.7
 10
263189.3
 20
577652.8
 10
262997.8
 20
576680.6
 10
262804.4
 20
575709.2
 10
262608.9
 20
574738.6
 10
262411.4
 20
573768.8
 10
262211.6
 20
572799.8
 10
262009.6
 20
571831.7
 10
261805.2
 20
570864.5
 10
261598.4
 20
569898.2
 10
261389.1
 20
568932.8
 10
261177.1
 20
567968.5
 10
260962.5
 20
567005.1
 10
260745.2
 20
566042.8
 10
260525.0
 20
565081.5
 10
260301.8
 20
564121.3
 10
260075.7
 20
563162.2
 10
259846.5
 20
562204.2
 10
259614.1
 20
561247.4
 10
259378.5
 20
560291.8
 10
259139.5
 20
559337.4
 10
258897.2
 20
558384.3
 10
258651.3
 20
557432.4
 10
258401.9
 20
556481.8
 10
258148.8
 20
555532.6
 10
257891.9
 20
554584.7
 10
257631.3
 20
553638.2
 10
257366.7
 20
552693.1
 10
257098.2
 20
551749.4
 10
256825.6
 20
550807.2
 10
256548.9
 20
549866.5
 10
256267.9
 20
548927.3
 10
255982.7
 20
547989.7
 10
255693.0
 20
547053.6
 10
255398.9
 20
546119.2
 10
255100.2
 20
545186.3
 10
254796.9
 20
544255.1
 10
254488.9
 20
543325.6
 10
254176.1
 20
542397.8
 10
253858.4
 20
541471.7
 10
253535.8
 20
540547.4
 10
253208.1
 20
539624.9
 10
252875.3
 20
538704.2
 10
252537.3
 20
537785.3
 10
252194.0
 20
536868.3
 10
251845.4
 20
535953.2
 10
251491.3
 20
535040.1
 10
251131.7
 20
534128.9
 10
250766.4
 20
533219.6
 10
250395.5
 20
532312.4
 10
250018.8
 20
531407.2
 10
249636.3
 20
530504.1
 10
249247.8
 20
529603.0
 10
248853.3
 20
528704.1
 10
248452.7
 20
527807.3
 10
248046.0
 20
526912.7
 10
247632.9
 20
526020.3
 10
247213.6
 20
525130.1
 10
246787.8
 20
524242.2
 10
246355.5
 20
523356.5
 10
245916.6
 20
522473.1
 10
245471.0
 20
521592.1
 10
245018.7
 20
520713.4
 10
244559.6
 20
519837.2
 10
244093.6
 20
518963.3
 10
243620.5
 20
518091.9
 10
243140.4
 20
517222.9
 10
242653.2
 20
516356.5
 10
242158.7
 20
515492.5
 10
241657.5
 20
514631.0
 10
241149.9
 20
513771.6
 10
240636.3
 20
512914.4
 10
240117.2
 20
512059.2
 10
239593.1
 20
511205.8
 10
239064.4
 20
510354.1
 10
238531.6
 20
509504.0
 10
237995.0
 20
508655.2
 10
237455.2
 20
507807.7
 10
236912.6
 20
506961.4
 10
236367.6
 20
506116.0
 10
235820.7
 20
505271.5
 10
235272.3
 20
504427.7
 10
234722.8
 20
503584.4
 10
234172.8
 20
502741.6
 10
233622.6
 20
501899.0
 10
233072.8
 20
501056.6
 10
232523.7
 20
500214.2
 10
231975.8
 20
499371.7
 10
231429.5
 20
498528.8
 10
230885.3
 20
497685.6
 10
230343.7
 20
496841.7
 10
229805.0
 20
495997.2
 10
229269.8
 20
495151.9
 10
228738.4
 20
494305.5
 10
228211.3
 20
493458.0
 10
227689.0
 20
492609.3
 10
227171.9
 20
491759.1
 10
226660.5
 20
490907.4
 10
226155.2
 20
490054.0
 10
225656.4
 20
489198.8
 10
225164.6
 20
488341.6
 10
224680.2
 20
487482.3
 10
224203.8
 20
486620.7
 10
223735.6
 20
485756.8
 10
223276.2
 20
484890.3
 10
222825.9
 20
484021.2
 10
222384.6
 20
483149.4
 10
221951.9
 20
482274.9
 10
221527.5
 20
481397.9
 10
221111.2
 20
480518.2
 10
220702.6
 20
479636.0
 10
220301.6
 20
478751.1
 10
219907.8
 20
477863.8
 10
219520.8
 20
476973.9
 10
219140.5
 20
476081.4
 10
218766.6
 20
475186.5
 10
218398.7
 20
474289.1
 10
218036.6
 20
473389.2
 10
217680.0
 20
472486.9
 10
217328.5
 20
471582.1
 10
216982.0
 20
470674.9
 10
216640.1
 20
469765.3
 10
216302.6
 20
468853.4
 10
215969.1
 20
467939.0
 10
215639.3
 20
467022.3
 10
215313.1
 20
466103.3
 10
214990.0
 20
465182.0
 10
214669.9
 20
464258.3
 10
214352.4
 20
463332.4
 10
214037.2
 20
462404.3
 10
213724.0
 20
461473.8
 10
213412.6
 20
460541.2
 10
213102.7
 20
459606.3
 10
212794.0
 20
458669.3
 10
212486.1
 20
457730.0
 10
212178.9
 20
456788.6
 10
211872.0
 20
455845.1
 10
211565.2
 20
454899.4
 10
211258.1
 20
453951.6
 10
210950.4
 20
453002.0
 10
210641.5
 20
452050.9
 10
210330.9
 20
451099.0
 10
210018.1
 20
450146.7
 10
209702.5
 20
449194.7
 10
209383.5
 20
448243.5
 10
209060.6
 20
447293.6
 10
208733.3
 20
446345.6
 10
208401.0
 20
445400.0
 10
208063.2
 20
444457.3
 10
207719.3
 20
443518.1
 10
207368.8
 20
442582.9
 10
207011.1
 20
441652.3
 10
206645.6
 20
440726.8
 10
206271.9
 20
439806.9
 10
205889.4
 20
438893.2
 10
205497.5
 20
437986.3
 10
205095.8
 20
437086.6
 10
204683.5
 20
436194.8
 10
204260.3
 20
435311.3
 10
203825.5
 20
434436.7
 10
203378.6
 20
433571.6
 10
202919.1
 20
432716.4
 10
202446.3
 20
431871.8
 10
201959.9
 20
431038.2
 10
201459.1
 20
430216.2
 10
200943.6
 20
429406.4
 10
200412.6
 20
428609.3
 10
199865.7
 20
427825.4
 10
199302.4
 20
427055.2
 10
198722.0
 20
426299.4
 10
198124.1
 20
425558.4
 10
197508.3
 20
424832.7
 10
196874.9
 20
424122.3
 10
196224.6
 20
423427.0
 10
195557.9
 20
422746.6
 10
194875.4
 20
422081.2
 10
194177.6
 20
421430.5
 10
193465.1
 20
420794.4
 10
192738.3
 20
420172.9
 10
191998.0
 20
419565.7
 10
191244.6
 20
418972.8
 10
190478.7
 20
418394.0
 10
189700.8
 20
417829.3
 10
188911.5
 20
417278.5
 10
188111.4
 20
416741.4
 10
187300.9
 20
416218.0
 10
186480.8
 20
415708.1
 10
185651.4
 20
415211.7
 10
184813.5
 20
414728.5
 10
183967.4
 20
414258.5
 10
183113.9
 20
413801.5
 10
182253.3
 20
413357.5
 10
181386.4
 20
412926.2
 10
180513.6
 20
412507.7
 10
179635.5
 20
412101.7
 10
178752.7
 20
411708.1
 10
177865.7
 20
411326.8
 10
176975.1
 20
410957.7
 10
176081.3
 20
410600.7
 10
175185.1
 20
410255.6
 10
174286.9
 20
409922.4
 10
173387.2
 20
409600.8
 10
172486.8
 20
409290.9
 10
171586.0
 20
408992.3
 10
170685.3
 20
408705.2
 10
169785.0
 20
408429.8
 10
168884.8
 20
408166.5
 10
167984.7
 20
407915.7
 10
167084.7
 20
407677.7
 10
166184.8
 20
407453.1
 10
165284.8
 20
407242.2
 10
164384.7
 20
407045.4
 10
163484.4
 20
406863.1
 10
162584.0
 20
406695.8
 10
161683.3
 20
406543.7
 10
160782.3
 20
406407.4
 10
159880.9
 20
406287.1
 10
158979.1
 20
406183.4
 10
158076.9
 20
406096.6
 10
157174.1
 20
406027.2
 10
156270.7
 20
405975.4
 10
155366.6
 20
405941.8
 10
154461.9
 20
405926.8
 10
153556.4
 20
405930.6
 10
152650.2
 20
405953.8
 10
151743.0
 20
405996.7
 10
150834.9
 20
406059.8
 10
149925.9
 20
406143.4
 10
149015.8
 20
406247.9
 10
148104.7
 20
406373.8
 10
147192.4
 20
406521.5
 10
146278.9
 20
406691.2
 10
145364.2
 20
406883.6
 10
144448.2
 20
407098.9
 10
143530.8
 20
407337.5
 10
142612.0
 20
407599.9
 10
141691.7
 20
407886.4
 10
140769.9
 20
408197.5
 10
139846.7
 20
408532.7
 10
138922.0
 20
408890.6
 10
137996.0
 20
409269.7
 10
137068.8
 20
409668.7
 10
136140.6
 20
410086.1
 10
135211.4
 20
410520.5
 10
134281.3
 20
410970.5
 10
133350.4
 20
411434.6
 10
132419.0
 20
411911.4
 10
131486.9
 20
412399.5
 10
130554.5
 20
412897.5
 10
129621.7
 20
413403.8
 10
128688.7
 20
413917.2
 10
127755.5
 20
414436.1
 10
126822.4
 20
414959.2
 10
125889.3
 20
415485.0
 10
124956.5
 20
416012.1
 10
124024.0
 20
416539.0
 10
123091.9
 20
417064.3
 10
122160.3
 20
417586.7
 10
121229.3
 20
418104.6
 10
120299.1
 20
418616.7
 10
119369.7
 20
419121.4
 10
118441.3
 20
419617.5
 10
117514.0
 20
420103.4
 10
116587.8
 20
420577.8
 10
115662.9
 20
421039.1
 10
114739.4
 20
421486.0
 10
113817.3
 20
421917.1
 10
112896.9
 20
422330.9
 10
111978.1
 20
422726.0
 10
111061.2
 20
423100.9
 10
110146.2
 20
423454.3
 10
109233.2
 20
423784.6
 10
108322.3
 20
424090.6
 10
107413.7
 20
424370.7
 10
106507.2
 20
424624.6
 10
105602.5
 20
424852.8
 10
104699.5
 20
425055.9
 10
103797.8
 20
425234.5
 10
102897.0
 20
425389.3
 10
101997.0
 20
425520.8
 10
101097.5
 20
425629.6
 10
100198.1
 20
425716.3
 10
99298.6
 20
425781.6
 10
98398.7
 20
425826.0
 10
97498.2
 20
425850.2
 10
96596.6
 20
425854.6
 10
95693.8
 20
425840.0
 10
94789.5
 20
425807.0
 10
93883.3
 20
425756.1
 10
92975.0
 20
425688.0
 10
92064.4
 20
425603.2
 10
91151.1
 20
425502.3
 10
90234.8
 20
425386.1
 10
89315.3
 20
425254.9
 10
88392.3
 20
425109.6
 10
87465.4
 20
424950.6
 10
86534.5
 20
424778.5
 10
85599.2
 20
424594.1
 10
84659.2
 20
424397.8
 10
83714.3
 20
424190.2
 10
82764.2
 20
423972.1
 10
81808.5
 20
423743.9
 10
80847.1
 20
423506.3
 10
79879.6
 20
423259.9
 10
78905.7
 20
423005.3
 10
77925.2
 20
422743.1
 10
76937.8
 20
422473.8
 10
75943.2
 20
422198.1
 10
74941.5
 20
421916.3
 10
73933.7
 20
421628.1
 10
72920.4
 20
421333.5
 10
71902.5
 20
421032.0
 10
70880.8
 20
420723.7
 10
69856.2
 20
420408.2
 10
68829.3
 20
420085.4
 10
67801.2
 20
419755.1
 10
66772.4
 20
419417.1
 10
65744.0
 20
419071.2
 10
64716.6
 20
418717.1
 10
63691.1
 20
418354.8
 10
62668.3
 20
417983.9
 10
61649.0
 20
417604.4
 10
60634.0
 20
417216.0
 10
59624.2
 20
416818.4
 10
58620.3
 20
416411.6
 10
57623.2
 20
415995.3
 10
56633.6
 20
415569.3
 10
55652.4
 20
415133.5
 10
54680.4
 20
414687.5
 10
53718.5
 20
414231.3
 10
52767.3
 20
413764.6
 10
51827.8
 20
413287.3
 10
50900.7
 20
412799.0
 10
49986.8
 20
412299.8
 10
49087.1
 20
411789.2
 10
48202.2
 20
411267.2
 10
47332.9
 20
410733.6
 10
46480.2
 20
410188.1
 10
45644.8
 20
409630.5
 10
44827.5
 20
409060.7
 10
44029.2
 20
408478.5
 10
43250.5
 20
407883.7
 10
42492.5
 20
407276.0
 10
41755.3
 20
406655.4
 10
41038.8
 20
406022.2
 10
40342.7
 20
405376.6
 10
39666.9
 20
404718.6
 10
39010.9
 20
404048.7
 10
38374.7
 20
403366.8
 10
37758.0
 20
402673.4
 10
37160.4
 20
401968.5
 10
36581.9
 20
401252.3
 10
36022.1
 20
400525.1
 10
35480.7
 20
399787.1
 10
34957.7
 20
399038.4
 10
34452.6
 20
398279.3
 10
33965.3
 20
397510.0
 10
33495.5
 20
396730.6
 10
33043.0
 20
395941.4
 10
32607.5
 20
395142.6
 10
32188.8
 20
394334.4
 10
31786.7
 20
393516.9
 10
31400.9
 20
392690.4
 10
31031.1
 20
391855.1
 10
30677.2
 20
391011.2
 10
30338.8
 20
390158.9
 10
30015.8
 20
389298.4
 10
29707.8
 20
388429.9
 10
29414.8
 20
387553.6
 10
29136.3
 20
386669.6
 10
28872.1
 20
385778.3
 10
28622.1
 20
384879.8
 10
28386.0
 20
383974.3
 10
28163.5
 20
383062.0
 10
27954.4
 20
382143.1
 10
27758.4
 20
381217.8
 10
27575.4
 20
380286.4
 10
27405.0
 20
379348.9
 10
27247.0
 20
378405.7
 10
27101.2
 20
377456.9
 10
26967.4
 20
376502.8
 10
26845.2
 20
375543.4
 10
26734.4
 20
374579.1
 10
26634.9
 20
373610.0
 10
26546.3
 20
372636.4
 10
26468.5
 20
371658.4
 10
26401.1
 20
370676.2
 10
26344.0
 20
369690.1
 10
26296.8
 20
368700.3
 10
26259.4
 20
367706.8
 10
26231.5
 20
366710.1
 10
26212.9
 20
365710.1
 10
26203.2
 20
364707.3
 10
26202.4
 20
363701.7
 10
26210.1
 20
362693.5
 10
26226.0
 20
361683.0
 10
26250.1
 20
360670.4
 10
26281.9
 20
359655.9
 10
26321.2
 20
358639.6
 10
26367.9
 20
357621.8
 10
26421.7
 20
356602.6
 10
26482.3
 20
355582.4
 10
26549.5
 20
354561.2
 10
26623.0
 20
353539.3
 10
26702.6
 20
352516.9
 10
26788.1
 20
351494.2
 10
26879.2
 20
350471.3
 10
26975.7
 20
349448.6
 10
27077.3
 20
348426.1
 10
27183.8
 20
347404.1
 10
27294.9
 20
346382.9
 10
27410.4
 20
345362.5
 10
27530.1
 20
344343.3
 10
27653.7
 20
343325.3
 10
27781.0
 20
342308.9
 10
27911.7
 20
341294.1
 10
28045.7
 20
340281.2
 10
28182.9
 20
339270.0
 10
28323.3
 20
338260.5
 10
28466.7
 20
337252.6
 10
28613.2
 20
336246.5
 10
28762.5
 20
335241.9
 10
28914.8
 20
334239.0
 10
29069.9
 20
333237.6
 10
29227.7
 20
332237.7
 10
29388.1
 20
331239.3
 10
29551.2
 20
330242.3
 10
29716.8
 20
329246.7
 10
29884.8
 20
328252.6
 10
30055.3
 20
327259.7
 10
30228.1
 20
326268.2
 10
30403.1
 20
325278.0
 10
30580.3
 20
324289.0
 10
30759.7
 20
323301.2
 10
30941.1
 20
322314.6
 10
31124.5
 20
321329.2
 10
31309.8
 20
320344.8
 10
31497.0
 20
319361.6
 10
31685.9
 20
318379.4
 10
31876.6
 20
317398.2
 10
32068.9
 20
316417.9
 10
32262.8
 20
315438.7
 10
32458.2
 20
314460.3
 10
32655.0
 20
313482.8
 10
32853.2
 20
312506.1
 10
33052.7
 20
311530.3
 10
33253.5
 20
310555.2
 10
33455.4
 20
309580.9
 10
33658.5
 20
308607.3
 10
33862.5
 20
307634.3
 10
34067.5
 20
306662.0
 10
34273.5
 20
305690.3
 10
34480.2
 20
304719.2
 10
34687.7
 20
303748.6
 10
34895.9
 20
302778.5
 10
35104.7
 20
301808.9
 10
35314.1
 20
300839.8
 10
35524.0
 20
299871.0
 10
35734.3
 20
298902.6
 10
35944.9
 20
297934.6
 10
36155.9
 20
296966.8
 10
36367.0
 20
295999.4
 10
36578.3
 20
295032.1
 10
36789.7
 20
294065.1
 10
37001.0
 20
293098.2
 10
37212.4
 20
292131.5
 10
37423.6
 20
291164.9
 10
37634.6
 20
290198.3
 10
37845.3
 20
289231.8
 10
38055.7
 20
288265.3
 10
38265.8
 20
287298.7
 10
38475.3
 20
286332.1
 10
38684.3
 20
285365.4
 10
38892.7
 20
284398.6
 10
39100.5
 20
283431.6
 10
39307.5
 20
282464.3
 10
39513.7
 20
281496.9
 10
39719.0
 20
280529.2
 10
39923.4
 20
279561.2
 10
40126.8
 20
278592.8
 10
40329.1
 20
277624.1
 10
40530.2
 20
276655.0
 10
40730.2
 20
275685.5
 10
40928.8
 20
274715.4
 10
41126.1
 20
273744.9
 10
41322.0
 20
272773.9
 10
41516.5
 20
271802.3
 10
41709.6
 20
270830.2
 10
41901.3
 20
269857.5
 10
42091.6
 20
268884.4
 10
42280.5
 20
267910.7
 10
42468.2
 20
266936.6
 10
42654.5
 20
265961.9
 10
42839.5
 20
264986.8
 10
43023.2
 20
264011.2
 10
43205.6
 20
263035.1
 10
43386.8
 20
262058.6
 10
43566.7
 20
261081.6
 10
43745.4
 20
260104.2
 10
43922.8
 20
259126.3
 10
44099.1
 20
258148.0
 10
44274.2
 20
257169.2
 10
44448.1
 20
256190.1
 10
44620.8
 20
255210.5
 10
44792.4
 20
254230.5
 10
44962.9
 20
253250.1
 10
45132.3
 20
252269.3
 10
45300.5
 20
251288.2
 10
45467.7
 20
250306.6
 10
45633.8
 20
249324.7
 10
45798.9
 20
248342.5
 10
45962.9
 20
247359.8
 10
46126.0
 20
246376.9
 10
46288.0
 20
245393.5
 10
46449.0
 20
244409.9
 10
46609.0
 20
243425.9
 10
46768.1
 20
242441.6
 10
46926.2
 20
241457.0
 10
47083.5
 20
240472.1
 10
47239.7
 20
239486.8
 10
47395.1
 20
238501.3
 10
47549.7
 20
237515.5
 10
47703.3
 20
236529.4
 10
47856.1
 20
235543.1
 10
48008.0
 20
234556.5
 10
48159.1
 20
233569.6
 10
48309.5
 20
232582.5
 10
48459.0
 20
231595.1
 10
48607.7
 20
230607.5
 10
48755.7
 20
229619.7
 10
48902.9
 20
228631.6
 10
49049.4
 20
227643.4
 10
49195.2
 20
226654.9
 10
49340.3
 20
225666.2
 10
49484.7
 20
224677.4
 10
49628.4
 20
223688.3
 10
49771.5
 20
222699.1
 10
49913.9
 20
221709.7
 10
50055.7
 20
220720.1
 10
50196.9
 20
219730.4
 10
50337.5
 20
218740.5
 10
50477.5
 20
217750.5
 10
50616.9
 20
216760.3
 10
50755.8
 20
215770.0
 10
50894.2
 20
214779.6
 10
51032.0
 20
213789.1
 10
51169.3
 20
212798.5
 10
51306.2
 20
211807.8
 10
51442.5
 20
210816.9
 10
51578.4
 20
209826.0
 10
51713.9
 20
208835.0
 10
51848.9
 20
207844.0
 10
51983.5
 20
206852.9
 10
52117.7
 20
205861.7
 10
52251.6
 20
204870.4
 10
52385.0
 20
203879.2
 10
52518.1
 20
202887.9
 10
52650.9
 20
201896.5
 10
52783.3
 20
200905.1
 10
52915.5
 20
199913.8
 10
53047.3
 20
198922.4
 10
53178.9
 20
197931.0
 10
53310.2
 20
196939.6
 10
53441.2
 20
195948.2
 10
53572.1
 20
194956.9
 10
53702.7
 20
193965.5
 10
53833.1
 20
192974.2
 10
53963.3
 20
191983.0
 10
54093.3
 20
190991.8
 10
54223.2
 20
190000.6
 10
54352.9
 20
189009.6
 10
54482.6
 20
188018.5
 10
54612.1
 20
187027.6
 10
54741.5
 20
186036.8
 10
54870.8
 20
185046.0
 10
55000.0
 20
184055.3
 10
55129.3
 20
183064.8
 10
55258.4
 20
182074.3
 10
55387.6
 20
181084.0
 10
55516.7
 20
180093.8
 10
55645.9
 20
179103.7
 10
55775.1
 20
178113.8
 10
55904.3
 20
177124.0
 10
56033.6
 20
176134.4
 10
56162.9
 20
175145.0
 10
56292.4
 20
174155.7
 10
56421.9
 20
173166.5
 10
56551.5
 20
172177.6
 10
56681.3
 20
171188.9
 10
56811.3
 20
170200.3
 10
56941.3
 20
169212.0
 10
57071.6
 20
168223.9
 10
57202.1
 20
167236.0
 10
57332.7
 20
166248.3
 10
57463.6
 20
165260.8
 10
57594.7
 20
164273.6
 10
57726.1
 20
163286.7
 10
57857.8
 20
162300.0
 10
57989.7
 20
161313.5
 10
58121.9
 20
160327.3
 10
58254.4
 20
159341.4
 10
58387.3
 20
158355.8
 10
58520.5
 20
157370.5
 10
58654.1
 20
156385.5
 10
58788.0
 20
155400.8
 10
58922.3
 20
154416.3
 10
59057.1
 20
153432.2
 10
59192.2
 20
152448.5
 10
59327.8
 20
151465.0
 10
59463.8
 20
150481.9
 10
59600.3
 20
149499.2
 10
59737.3
 20
148516.8
 10
59874.8
 20
147534.8
 10
60012.8
 20
146553.1
 10
60151.3
 20
145571.8
 10
60290.3
 20
144590.9
 10
60429.9
 20
143610.4
 10
60570.1
 20
142630.2
 10
60710.8
 20
141650.5
 10
60852.2
 20
140671.2
 10
60994.2
 20
139692.3
 10
61136.8
 20
138713.9
 10
61280.0
 20
137735.8
 10
61423.9
 20
136758.2
 10
61568.5
 20
135781.1
 10
61713.8
 20
134804.4
 10
61859.9
 20
133828.2
 10
62007.0
 20
132852.5
 10
62155.1
 20
131877.3
 10
62304.3
 20
130902.6
 10
62454.8
 20
129928.6
 10
62606.7
 20
128955.1
 10
62760.0
 20
127982.3
 10
62915.0
 20
127010.0
 10
63071.6
 20
126038.5
 10
63230.1
 20
125067.6
 10
63390.4
 20
124097.5
 10
63552.9
 20
123128.0
 10
63717.4
 20
122159.4
 10
63884.2
 20
121191.5
 10
64053.4
 20
120224.4
 10
64225.1
 20
119258.1
 10
64399.3
 20
118292.7
 10
64576.3
 20
117328.1
 10
64756.1
 20
116364.5
 10
64938.7
 20
115401.7
 10
65124.5
 20
114439.9
 10
65313.3
 20
113479.1
 10
65505.4
 20
112519.2
 10
65700.9
 20
111560.4
 10
65899.8
 20
110602.5
 10
66102.4
 20
109645.8
 10
66308.6
 20
108690.1
 10
66518.6
 20
107735.5
 10
66732.6
 20
106782.0
 10
66950.6
 20
105829.7
 10
67172.7
 20
104878.5
 10
67399.1
 20
103928.6
 10
67629.8
 20
102979.8
 10
67865.0
 20
102032.3
 10
68104.8
 20
101086.1
 10
68349.3
 20
100141.1
 10
68598.6
 20
99197.5
 10
68852.8
 20
98255.1
 10
69112.0
 20
97314.2
 10
69376.3
 20
96374.6
 10
69646.0
 20
95436.4
 10
69920.9
 20
94499.6
 10
70201.3
 20
93564.2
 10
70487.4
 20
92630.4
 10
70779.1
 20
91698.0
 10
71076.6
 20
90767.1
 10
71380.0
 20
89837.8
 10
71689.4
 20
88910.1
 10
72005.0
 20
87983.9
 10
72326.8
 20
87059.3
 10
72654.9
 20
86136.3
 10
72989.6
 20
85215.0
 10
73330.8
 20
84295.4
 10
73678.6
 20
83377.5
 10
74033.3
 20
82461.3
 10
74394.9
 20
81546.8
 10
74763.5
 20
80634.1
 10
75139.3
 20
79723.2
 10
75522.2
 20
78814.1
 10
75912.6
 20
77906.9
 10
76310.4
 20
77001.5
 10
76715.7
 20
76098.0
 10
77128.8
 20
75196.4
 10
77549.6
 20
74296.7
 10
77978.4
 20
73399.0
 10
78415.1
 20
72503.2
 10
78860.0
 20
71609.4
 10
79313.1
 20
70717.7
 10
79774.5
 20
69828.0
 10
80243.5
 20
68940.1
 10
80719.1
 20
68053.8
 10
81200.6
 20
67168.8
 10
81686.9
 20
66284.9
 10
82177.3
 20
65401.9
 10
82670.8
 20
64519.4
 10
83166.5
 20
63637.3
 10
83663.5
 20
62755.3
 10
84160.9
 20
61873.2
 10
84657.9
 20
60990.6
 10
85153.4
 20
60107.4
 10
85646.8
 20
59223.3
 10
86136.9
 20
58338.1
 10
86623.0
 20
57451.5
 10
87104.2
 20
56563.2
 10
87579.4
 20
55673.1
 10
88048.0
 20
54780.8
 10
88508.9
 20
53886.1
 10
88961.2
 20
52988.8
 10
89404.1
 20
52088.7
 10
89836.7
 20
51185.4
 10
90258.0
 20
50278.7
 10
90667.2
 20
49368.4
 10
91063.4
 20
48454.3
 10
91445.7
 20
47536.0
 10
91813.1
 20
46613.4
 10
92164.8
 20
45686.1
 10
92500.0
 20
44754.0
 10
92817.6
 20
43816.8
 10
93116.8
 20
42874.2
 10
93396.7
 20
41926.0
 10
93656.4
 20
40972.0
 10
93895.1
 20
40011.9
 10
94112.8
 20
39045.8
 10
94311.1
 20
38074.0
 10
94491.1
 20
37096.9
 10
94654.4
 20
36115.1
 10
94802.3
 20
35128.7
 10
94936.2
 20
34138.4
 10
95057.5
 20
33144.4
 10
95167.6
 20
32147.2
 10
95267.8
 20
31147.2
 10
95359.6
 20
30144.8
 10
95444.3
 20
29140.3
 10
95523.4
 20
28134.3
 10
95598.2
 20
27127.0
 10
95670.1
 20
26118.9
 10
95740.5
 20
25110.4
 10
95810.7
 20
24101.9
 10
95882.3
 20
23093.8
 10
95956.5
 20
22086.6
 10
96034.7
 20
21080.5
 10
96118.4
 20
20076.0
 10
96208.9
 20
19073.6
 10
96307.6
 20
18073.6
 10
96416.0
 20
17076.4
 10
96535.3
 20
16082.4
 10
96667.0
 20
15092.1
 10
96812.4
 20
14105.7
 10
96973.0
 20
13123.9
 10
97150.2
 20
12146.8
 10
97345.2
 20
11175.0
 10
97559.6
 20
10208.9
 10
97794.7
 20
9248.8
 10
98051.9
 20
8295.1
 10
98332.6
 20
7348.3
 10
98638.2
 20
6408.8
  0
TEXT
  5
3E
330
17
100
AcDbEntity
  8
ISO_LABELS
100
AcDbText
 10
218036.6
 20
473389.2
 30
0.0
 40
6000.0
  1
25
 72
1
 11
218036.6
 21
473389.2
 31
0.0
100
AcDbText
 73
2
  0
LWPOLYLINE
  5
3F
330
17
100
AcDbEntity
  8
ISO_WHOLE
100
AcDbPolyline
 90
1093
 70
0
 10
-29004.0
 20
146325.6
 10
-29346.7
 20
147253.2
 10
-29691.7
 20
148180.5
 10
-30038.9
 20
149107.3
 10
-30388.2
 20
150033.7
 10
-30739.4
 20
150959.8
 10
-31092.5
 20
151885.5
 10
-31447.3
 20
152810.8
 10
-31803.7
 20
153735.8
 10
-32161.7
 20
154660.4
 10
-32521.2
 20
155584.8
 10
-32881.9
 20
156508.8
 10
-33243.9
 20
157432.5
 10
-33607.0
 20
158355.9
 10
-33971.1
 20
159279.0
 10
-34336.1
 20
160201.9
 10
-34701.9
 20
161124.4
 10
-35068.5
 20
162046.7
 10
-35435.5
 20
162968.8
 10
-35803.1
 20
163890.7
 10
-36171.1
 20
164812.3
 10
-36539.3
 20
165733.7
 10
-36907.7
 20
166654.8
 10
-37276.1
 20
167575.8
 10
-37644.5
 20
168496.6
 10
-38012.8
 20
169417.2
 10
-38380.7
 20
170337.7
 10
-38748.4
 20
171258.0
 10
-39115.5
 20
172178.1
 10
-39482.1
 20
173098.1
 10
-39848.0
 20
174018.0
 10
-40213.1
 20
174937.8
 10
-40577.4
 20
175857.4
 10
-40940.6
 20
176777.0
 10
-41302.7
 20
177696.5
 10
-41663.6
 20
178615.9
 10
-42023.2
 20
179535.2
 10
-42381.4
 20
180454.4
 10
-42738.1
 20
181373.6
 10
-43093.2
 20
182292.8
 10
-43446.9
 20
183212.0
 10
-43799.0
 20
184131.2
 10
-44149.7
 20
185050.5
 10
-44499.0
 20
185969.8
 10
-44846.9
 20
186889.2
 10
-45193.4
 20
187808.8
 10
-45538.5
 20
188728.5
 10
-45882.3
 20
189648.4
 10
-46224.8
 20
190568.4
 10
-46566.1
 20
191488.7
 10
-46906.1
 20
192409.3
 10
-47244.8
 20
193330.1
 10
-47582.4
 20
194251.2
 10
-47918.8
 20
195172.6
 10
-48254.1
 20
196094.4
 10
-48588.2
 20
197016.6
 10
-48921.2
 20
197939.2
 10
-49253.2
 20
198862.2
 10
-49584.1
 20
199785.6
 10
-49914.0
 20
200709.5
 10
-50242.9
 20
201633.9
 10
-50570.9
 20
202558.8
 10
-50897.9
 20
203484.3
 10
-51224.0
 20
204410.4
 10
-51549.2
 20
205337.1
 10
-51873.5
 20
206264.3
 10
-52197.0
 20
207192.3
 10
-52519.6
 20
208120.9
 10
-52841.5
 20
209050.2
 10
-53162.6
 20
209980.2
 10
-53483.0
 20
210911.0
 10
-53802.7
 20
211842.6
 10
-54121.6
 20
212775.0
 10
-54439.9
 20
213708.1
 10
-54757.5
 20
214642.1
 10
-55074.3
 20
215576.8
 10
-55390.3
 20
216512.3
 10
-55705.6
 20
217448.6
 10
-56020.1
 20
218385.6
 10
-56333.7
 20
219323.4
 10
-56646.6
 20
220262.0
 10
-56958.5
 20
221201.3
 10
-57269.7
 20
222141.4
 10
-57579.9
 20
223082.1
 10
-57889.2
 20
224023.7
 10
-58197.6
 20
224965.9
 10
-58505.1
 20
225908.9
 10
-58811.6
 20
226852.5
 10
-59117.2
 20
227796.9
 10
-59421.7
 20
228742.0
 10
-59725.2
 20
229687.7
 10
-60027.7
 20
230634.2
 10
-60329.2
 20
231581.3
 10
-60629.6
 20
232529.1
 10
-60928.9
 20
233477.6
 10
-61227.1
 20
234426.8
 10
-61524.2
 20
235376.6
 10
-61820.1
 20
236327.0
 10
-62114.9
 20
237278.1
 10
-62408.5
 20
238229.9
 10
-62700.9
 20
239182.2
 10
-62992.1
 20
240135.2
 10
-63282.1
 20
241088.8
 10
-63570.8
 20
242043.1
 10
-63858.2
 20
242997.9
 10
-64144.4
 20
243953.4
 10
-64429.3
 20
244909.4
 10
-64712.8
 20
245866.1
 10
-64995.0
 20
246823.3
 10
-65275.9
 20
247781.1
 10
-65555.3
 20
248739.4
 10
-65833.4
 20
249698.4
 10
-66110.1
 20
250657.9
 10
-66385.3
 20
251617.9
 10
-66659.1
 20
252578.5
 10
-66931.4
 20
253539.7
 10
-67202.3
 20
254501.4
 10
-67471.6
 20
255463.6
 10
-67739.4
 20
256426.3
 10
-68005.7
 20
257389.6
 10
-68270.4
 20
258353.4
 10
-68533.6
 20
259317.6
 10
-68795.1
 20
260282.4
 10
-69055.1
 20
261247.7
 10
-69313.4
 20
262213.5
 10
-69570.0
 20
263179.7
 10
-69825.0
 20
264146.4
 10
-70078.3
 20
265113.6
 10
-70329.9
 20
266081.3
 10
-70579.8
 20
267049.4
 10
-70828.0
 20
268018.0
 10
-71074.4
 20
268987.0
 10
-71319.0
 20
269956.4
 10
-71561.8
 20
270926.3
 10
-71802.8
 20
271896.6
 10
-72042.0
 20
272867.4
 10
-72279.4
 20
273838.5
 10
-72514.8
 20
274810.1
 10
-72748.4
 20
275782.1
 10
-72980.1
 20
276754.4
 10
-73209.9
 20
277727.2
 10
-73437.7
 20
278700.3
 10
-73663.7
 20
279673.9
 10
-73887.8
 20
280647.7
 10
-74110.1
 20
281622.0
 10
-74330.7
 20
282596.6
 10
-74549.6
 20
283571.5
 10
-74766.7
 20
284546.8
 10
-74982.3
 20
285522.4
 10
-75196.2
 20
286498.3
 10
-75408.7
 20
287474.5
 10
-75619.6
 20
288451.1
 10
-75829.0
 20
289427.9
 10
-76037.0
 20
290404.9
 10
-76243.7
 20
291382.3
 10
-76449.0
 20
292359.9
 10
-76653.0
 20
293337.8
 10
-76855.7
 20
294315.9
 10
-77057.2
 20
295294.3
 10
-77257.6
 20
296272.8
 10
-77456.8
 20
297251.6
 10
-77654.9
 20
298230.6
 10
-77852.0
 20
299209.9
 10
-78048.1
 20
300189.3
 10
-78243.2
 20
301168.8
 10
-78437.4
 20
302148.6
 10
-78630.7
 20
303128.5
 10
-78823.1
 20
304108.6
 10
-79014.8
 20
305088.8
 10
-79205.7
 20
306069.2
 10
-79395.9
 20
307049.7
 10
-79585.4
 20
308030.3
 10
-79774.3
 20
309011.0
 10
-79962.6
 20
309991.9
 10
-80150.3
 20
310972.8
 10
-80337.6
 20
311953.8
 10
-80524.3
 20
312934.9
 10
-80710.7
 20
313916.1
 10
-80896.6
 20
314897.3
 10
-81082.3
 20
315878.6
 10
-81267.6
 20
316859.9
 10
-81452.7
 20
317841.2
 10
-81637.5
 20
318822.6
 10
-81822.2
 20
319804.0
 10
-82006.7
 20
320785.4
 10
-82191.2
 20
321766.8
 10
-82375.6
 20
322748.2
 10
-82560.0
 20
323729.5
 10
-82744.4
 20
324710.9
 10
-82928.9
 20
325692.2
 10
-83113.5
 20
326673.4
 10
-83298.3
 20
327654.6
 10
-83483.3
 20
328635.8
 10
-83668.5
 20
329616.8
 10
-83854.0
 20
330597.8
 10
-84039.8
 20
331578.7
 10
-84226.0
 20
332559.5
 10
-84412.6
 20
333540.2
 10
-84599.7
 20
334520.8
 10
-84787.2
 20
335501.2
 10
-84975.3
 20
336481.6
 10
-85164.0
 20
337461.7
 10
-85353.2
 20
338441.8
 10
-85543.2
 20
339421.6
 10
-85733.8
 20
340401.3
 10
-85925.2
 20
341380.8
 10
-86117.3
 20
342360.2
 10
-86310.3
 20
343339.3
 10
-86504.2
 20
344318.2
 10
-86698.9
 20
345296.9
 10
-86894.5
 20
346275.4
 10
-87090.7
 20
347253.7
 10
-87287.5
 20
348231.8
 10
-87484.6
 20
349209.6
 10
-87681.9
 20
350187.2
 10
-87879.3
 20
351164.6
 10
-88076.6
 20
352141.7
 10
-88273.6
 20
353118.6
 10
-88470.2
 20
354095.3
 10
-88666.3
 20
355071.7
 10
-88861.6
 20
356047.9
 10
-89056.1
 20
357023.8
 10
-89249.6
 20
357999.5
 10
-89441.8
 20
358975.0
 10
-89632.8
 20
359950.1
 10
-89822.3
 20
360925.1
 10
-90010.1
 20
361899.7
 10
-90196.1
 20
362874.1
 10
-90380.2
 20
363848.3
 10
-90562.2
 20
364822.2
 10
-90741.9
 20
365795.8
 10
-90919.3
 20
366769.1
 10
-91094.0
 20
367742.2
 10
-91266.1
 20
368715.0
 10
-91435.3
 20
369687.5
 10
-91601.5
 20
370659.7
 10
-91764.4
 20
371631.6
 10
-91924.1
 20
372603.3
 10
-92080.3
 20
373574.6
 10
-92232.8
 20
374545.7
 10
-92381.6
 20
375516.5
 10
-92526.3
 20
376486.9
 10
-92667.0
 20
377457.1
 10
-92803.5
 20
378427.0
 10
-92935.5
 20
379396.5
 10
-93063.0
 20
380365.8
 10
-93185.8
 20
381334.7
 10
-93303.7
 20
382303.4
 10
-93416.5
 20
383271.7
 10
-93524.2
 20
384239.7
 10
-93626.6
 20
385207.4
 10
-93723.5
 20
386174.7
 10
-93814.7
 20
387141.8
 10
-93900.2
 20
388108.5
 10
-93979.7
 20
389074.8
 10
-94053.1
 20
390040.9
 10
-94120.2
 20
391006.6
 10
-94181.0
 20
391971.9
 10
-94235.1
 20
392936.9
 10
-94282.6
 20
393901.6
 10
-94323.2
 20
394865.9
 10
-94356.8
 20
395829.9
 10
-94383.2
 20
396793.5
 10
-94402.2
 20
397756.8
 10
-94413.8
 20
398719.7
 10
-94417.8
 20
399682.3
 10
-94413.9
 20
400644.5
 10
-94402.1
 20
401606.3
 10
-94382.2
 20
402567.8
 10
-94354.1
 20
403528.8
 10
-94317.5
 20
404489.6
 10
-94272.4
 20
405449.9
 10
-94218.6
 20
406409.9
 10
-94155.9
 20
407369.5
 10
-94084.2
 20
408328.7
 10
-94003.3
 20
409287.5
 10
-93913.0
 20
410245.9
 10
-93813.4
 20
411203.9
 10
-93704.5
 20
412161.6
 10
-93586.4
 20
413118.8
 10
-93459.2
 20
414075.6
 10
-93323.2
 20
415031.9
 10
-93178.4
 20
415987.8
 10
-93025.0
 20
416943.2
 10
-92863.1
 20
417898.1
 10
-92692.8
 20
418852.6
 10
-92514.2
 20
419806.6
 10
-92327.6
 20
420760.0
 10
-92133.0
 20
421712.9
 10
-91930.5
 20
422665.3
 10
-91720.4
 20
423617.1
 10
-91502.7
 20
424568.4
 10
-91277.5
 20
425519.0
 10
-91045.1
 20
426469.1
 10
-90805.4
 20
427418.6
 10
-90558.8
 20
428367.5
 10
-90305.2
 20
429315.8
 10
-90044.9
 20
430263.4
 10
-89777.9
 20
431210.4
 10
-89504.4
 20
432156.7
 10
-89224.5
 20
433102.3
 10
-88938.4
 20
434047.3
 10
-88646.2
 20
434991.6
 10
-88348.0
 20
435935.1
 10
-88043.9
 20
436878.0
 10
-87734.2
 20
437820.0
 10
-87418.8
 20
438761.4
 10
-87098.1
 20
439702.0
 10
-86772.0
 20
440641.8
 10
-86440.7
 20
441580.9
 10
-86104.4
 20
442519.1
 10
-85763.2
 20
443456.6
 10
-85417.2
 20
444393.2
 10
-85066.5
 20
445329.0
 10
-84711.3
 20
446263.9
 10
-84351.8
 20
447198.0
 10
-83988.0
 20
448131.2
 10
-83620.1
 20
449063.6
 10
-83248.2
 20
449995.0
 10
-82872.4
 20
450925.6
 10
-82493.0
 20
451855.2
 10
-82109.9
 20
452783.9
 10
-81723.4
 20
453711.7
 10
-81333.6
 20
454638.5
 10
-80940.6
 20
455564.3
 10
-80544.5
 20
456489.2
 10
-80145.5
 20
457413.1
 10
-79743.7
 20
458336.0
 10
-79339.3
 20
459257.8
 10
-78932.4
 20
460178.7
 10
-78523.0
 20
461098.5
 10
-78111.4
 20
462017.2
 10
-77697.7
 20
462934.9
 10
-77282.0
 20
463851.5
 10
-76864.4
 20
464767.1
 10
-76445.2
 20
465681.5
 10
-76024.3
 20
466594.8
 10
-75601.9
 20
467507.0
 10
-75178.3
 20
468418.1
 10
-74753.4
 20
469328.0
 10
-74327.5
 20
470236.7
 10
-73900.6
 20
471144.3
 10
-73473.0
 20
472050.7
 10
-73044.7
 20
472955.9
 10
-72615.8
 20
473859.9
 10
-72186.6
 20
474762.7
 10
-71756.8
 20
475664.0
 10
-71326.0
 20
476563.5
 10
-70893.8
 20
477460.8
 10
-70459.7
 20
478355.4
 10
-70023.3
 20
479246.9
 10
-69584.0
 20
480135.0
 10
-69141.5
 20
481019.1
 10
-68695.3
 20
481899.0
 10
-68244.9
 20
482774.1
 10
-67789.8
 20
483644.0
 10
-67329.7
 20
484508.4
 10
-66864.1
 20
485366.8
 10
-66392.4
 20
486218.8
 10
-65914.3
 20
487064.0
 10
-65429.3
 20
487902.0
 10
-64937.0
 20
488732.4
 10
-64436.8
 20
489554.7
 10
-63928.4
 20
490368.5
 10
-63411.2
 20
491173.5
 10
-62884.9
 20
491969.1
 10
-62348.9
 20
492755.1
 10
-61802.8
 20
493530.9
 10
-61246.2
 20
494296.2
 10
-60678.6
 20
495050.5
 10
-60099.5
 20
495793.5
 10
-59508.5
 20
496524.7
 10
-58905.2
 20
497243.7
 10
-58289.0
 20
497950.0
 10
-57659.6
 20
498643.4
 10
-57016.4
 20
499323.3
 10
-56359.0
 20
499989.3
 10
-55687.0
 20
500641.1
 10
-54999.9
 20
501278.2
 10
-54297.3
 20
501900.2
 10
-53579.5
 20
502507.6
 10
-52847.1
 20
503100.6
 10
-52100.4
 20
503679.8
 10
-51339.9
 20
504245.7
 10
-50566.2
 20
504798.8
 10
-49779.8
 20
505339.4
 10
-48981.1
 20
505868.1
 10
-48170.6
 20
506385.3
 10
-47348.8
 20
506891.6
 10
-46516.2
 20
507387.3
 10
-45673.3
 20
507873.0
 10
-44820.6
 20
508349.2
 10
-43958.5
 20
508816.2
 10
-43087.5
 20
509274.6
 10
-42208.2
 20
509724.9
 10
-41321.0
 20
510167.5
 10
-40426.4
 20
510602.8
 10
-39524.9
 20
511031.5
 10
-38617.0
 20
511453.8
 10
-37703.2
 20
511870.3
 10
-36783.9
 20
512281.6
 10
-35859.6
 20
512687.9
 10
-34930.9
 20
513089.9
 10
-33998.2
 20
513487.9
 10
-33062.1
 20
513882.6
 10
-32122.9
 20
514274.2
 10
-31181.2
 20
514663.3
 10
-30237.5
 20
515050.5
 10
-29292.2
 20
515436.0
 10
-28345.9
 20
515820.5
 10
-27399.0
 20
516204.3
 10
-26452.0
 20
516588.0
 10
-25505.5
 20
516972.0
 10
-24559.8
 20
517356.9
 10
-23615.6
 20
517742.9
 10
-22672.8
 20
518130.4
 10
-21731.6
 20
518519.2
 10
-20791.8
 20
518909.2
 10
-19853.4
 20
519300.3
 10
-18916.3
 20
519692.6
 10
-17980.6
 20
520085.8
 10
-17046.2
 20
520480.0
 10
-16113.0
 20
520875.0
 10
-15181.0
 20
521270.8
 10
-14250.1
 20
521667.3
 10
-13320.3
 20
522064.4
 10
-12391.6
 20
522462.0
 10
-11463.9
 20
522860.1
 10
-10537.2
 20
523258.5
 10
-9611.3
 20
523657.3
 10
-8686.4
 20
524056.2
 10
-7762.3
 20
524455.3
 10
-6839.0
 20
524854.5
 10
-5916.4
 20
525253.6
 10
-4994.5
 20
525652.7
 10
-4073.3
 20
526051.6
 10
-3152.7
 20
526450.2
 10
-2232.7
 20
526848.5
 10
-1313.2
 20
527246.4
 10
-394.2
 20
527643.8
 10
524.4
 20
528040.7
 10
1442.6
 20
528436.9
 10
2360.4
 20
528832.3
 10
3277.9
 20
529227.0
 10
4195.2
 20
529620.8
 10
5112.3
 20
530013.7
 10
6029.1
 20
530405.5
 10
6945.9
 20
530796.2
 10
7862.6
 20
531185.7
 10
8779.2
 20
531573.9
 10
9695.8
 20
531960.8
 10
10612.5
 20
532346.3
 10
11529.3
 20
532730.2
 10
12446.2
 20
533112.6
 10
13363.2
 20
533493.3
 10
14280.5
 20
533872.3
 10
15198.1
 20
534249.5
 10
16116.0
 20
534624.7
 10
17034.2
 20
534998.0
 10
17952.9
 20
535369.2
 10
18872.0
 20
535738.3
 10
19791.5
 20
536105.2
 10
20711.6
 20
536469.8
 10
21632.3
 20
536832.1
 10
22553.6
 20
537191.9
 10
23475.6
 20
537549.1
 10
24398.3
 20
537903.8
 10
25321.7
 20
538255.8
 10
26245.9
 20
538605.0
 10
27171.0
 20
538951.4
 10
28096.9
 20
539294.9
 10
29023.8
 20
539635.4
 10
29951.7
 20
539972.8
 10
30880.5
 20
540307.1
 10
31810.5
 20
540638.1
 10
32741.5
 20
540965.8
 10
33673.7
 20
541290.2
 10
34607.1
 20
541611.1
 10
35541.7
 20
541928.4
 10
36477.6
 20
542242.1
 10
37414.8
 20
542552.2
 10
38353.4
 20
542858.4
 10
39293.4
 20
543160.8
 10
40234.8
 20
543459.5
 10
41177.5
 20
543754.4
 10
42121.6
 20
544045.7
 10
43067.1
 20
544333.4
 10
44013.8
 20
544617.7
 10
44961.8
 20
544898.6
 10
45911.0
 20
545176.1
 10
46861.5
 20
545450.4
 10
47813.2
 20
545721.6
 10
48766.0
 20
545989.7
 10
49720.0
 20
546254.7
 10
50675.1
 20
546516.9
 10
51631.4
 20
546776.2
 10
52588.7
 20
547032.7
 10
53547.0
 20
547286.5
 10
54506.4
 20
547537.7
 10
55466.8
 20
547786.4
 10
56428.2
 20
548032.6
 10
57390.5
 20
548276.5
 10
58353.8
 20
548518.0
 10
59318.0
 20
548757.3
 10
60283.1
 20
548994.5
 10
61249.0
 20
549229.6
 10
62215.7
 20
549462.7
 10
63183.3
 20
549693.9
 10
64151.7
 20
549923.3
 10
65120.8
 20
550150.9
 10
66090.7
 20
550376.8
 10
67061.3
 20
550601.2
 10
68032.6
 20
550824.0
 10
69004.5
 20
551045.3
 10
69977.1
 20
551265.4
 10
70950.3
 20
551484.1
 10
71924.1
 20
551701.6
 10
72898.5
 20
551918.0
 10
73873.4
 20
552133.3
 10
74848.8
 20
552347.6
 10
75824.8
 20
552561.1
 10
76801.2
 20
552773.7
 10
77778.0
 20
552985.6
 10
78755.3
 20
553196.9
 10
79733.0
 20
553407.5
 10
80711.1
 20
553617.7
 10
81689.5
 20
553827.4
 10
82668.2
 20
554036.8
 10
83647.3
 20
554245.9
 10
84626.6
 20
554454.8
 10
85606.2
 20
554663.6
 10
86586.0
 20
554872.3
 10
87566.1
 20
555081.1
 10
88546.3
 20
555290.0
 10
89526.6
 20
555499.1
 10
90507.1
 20
555708.5
 10
91487.8
 20
555918.3
 10
92468.5
 20
556128.4
 10
93449.2
 20
556339.1
 10
94430.0
 20
556550.4
 10
95410.8
 20
556762.3
 10
96391.6
 20
556975.0
 10
97372.4
 20
557188.5
 10
98353.1
 20
557402.9
 10
99333.7
 20
557618.2
 10
100314.2
 20
557834.7
 10
101294.6
 20
558052.2
 10
102274.9
 20
558271.0
 10
103254.9
 20
558491.1
 10
104234.8
 20
558712.5
 10
105214.4
 20
558935.4
 10
106193.7
 20
559159.8
 10
107172.8
 20
559385.8
 10
108151.4
 20
559613.6
 10
109129.4
 20
559843.1
 10
110106.7
 20
560074.6
 10
111083.2
 20
560308.1
 10
112058.7
 20
560543.7
 10
113033.0
 20
560781.6
 10
114006.1
 20
561021.8
 10
114977.8
 20
561264.4
 10
115948.0
 20
561509.6
 10
116916.5
 20
561757.4
 10
117883.2
 20
562008.0
 10
118847.9
 20
562261.4
 10
119810.6
 20
562517.8
 10
120771.1
 20
562777.2
 10
121729.3
 20
563039.9
 10
122684.9
 20
563305.7
 10
123638.0
 20
563575.0
 10
124588.3
 20
563847.7
 10
125535.7
 20
564124.1
 10
126480.1
 20
564404.1
 10
127421.3
 20
564687.9
 10
128359.2
 20
564975.5
 10
129293.7
 20
565267.2
 10
130224.7
 20
565563.0
 10
131151.9
 20
565863.0
 10
132075.3
 20
566167.3
 10
132994.8
 20
566476.0
 10
133910.1
 20
566789.2
 10
134821.2
 20
567107.0
 10
135727.9
 20
567429.6
 10
136630.1
 20
567757.0
 10
137527.6
 20
568089.3
 10
138420.4
 20
568426.6
 10
139308.2
 20
568769.1
 10
140191.0
 20
569116.9
 10
141068.6
 20
569469.9
 10
141940.8
 20
569828.4
 10
142807.6
 20
570192.5
 10
143668.9
 20
570562.2
 10
144524.9
 20
570937.5
 10
145375.8
 20
571318.4
 10
146221.7
 20
571704.9
 10
147062.8
 20
572097.0
 10
147899.3
 20
572494.7
 10
148731.4
 20
572898.0
 10
149559.3
 20
573306.9
 10
150383.1
 20
573721.4
 10
151203.1
 20
574141.4
 10
152019.3
 20
574567.0
 10
152832.0
 20
574998.2
 10
153641.4
 20
575434.9
 10
154447.6
 20
575877.2
 10
155250.9
 20
576325.0
 10
156051.3
 20
576778.4
 10
156849.2
 20
577237.3
 10
157644.6
 20
577701.7
 10
158437.7
 20
578171.7
 10
159228.7
 20
578647.2
 10
160017.9
 20
579128.2
 10
160805.3
 20
579614.7
 10
161591.2
 20
580106.7
 10
162375.7
 20
580604.3
 10
163159.1
 20
581107.3
 10
163941.4
 20
581615.8
 10
164723.0
 20
582129.8
 10
165503.9
 20
582649.3
 10
166284.3
 20
583174.2
 10
167064.4
 20
583704.7
 10
167844.5
 20
584240.6
 10
168624.2
 20
584782.0
 10
169403.4
 20
585329.0
 10
170181.8
 20
585881.6
 10
170959.1
 20
586440.0
 10
171734.9
 20
587004.1
 10
172509.1
 20
587574.1
 10
173281.3
 20
588150.0
 10
174051.2
 20
588731.9
 10
174818.6
 20
589319.9
 10
175583.2
 20
589914.0
 10
176344.6
 20
590514.3
 10
177102.6
 20
591120.8
 10
177857.0
 20
591733.7
 10
178607.3
 20
592353.0
 10
179353.4
 20
592978.7
 10
180094.9
 20
593611.0
 10
180831.6
 20
594249.9
 10
181563.2
 20
594895.5
 10
182289.3
 20
595547.8
 10
183009.8
 20
596206.9
 10
183724.3
 20
596872.9
 10
184432.5
 20
597545.8
 10
185134.2
 20
598225.7
 10
185829.0
 20
598912.7
 10
186516.7
 20
599606.9
 10
187196.9
 20
600308.3
 10
187869.5
 20
601017.0
 10
188534.1
 20
601733.0
 10
189190.4
 20
602456.5
 10
189838.1
 20
603187.4
 10
190477.0
 20
603925.9
 10
191106.8
 20
604672.0
 10
191727.2
 20
605425.8
 10
192337.8
 20
606187.4
 10
192938.7
 20
606956.7
 10
193529.8
 20
607733.5
 10
194111.4
 20
608517.7
 10
194683.7
 20
609309.0
 10
195246.7
 20
610107.3
 10
195800.7
 20
610912.3
 10
196345.8
 20
611723.8
 10
196882.1
 20
612541.7
 10
197409.9
 20
613365.7
 10
197929.1
 20
614195.7
 10
198440.1
 20
615031.4
 10
198943.0
 20
615872.7
 10
199437.9
 20
616719.3
 10
199925.0
 20
617571.0
 10
200404.4
 20
618427.7
 10
200876.2
 20
619289.2
 10
201340.8
 20
620155.2
 10
201798.1
 20
621025.5
 10
202248.4
 20
621900.0
 10
202691.8
 20
622778.5
 10
203128.4
 20
623660.7
 10
203558.5
 20
624546.5
 10
203982.1
 20
625435.6
 10
204399.5
 20
626327.8
 10
204810.8
 20
627223.0
 10
205216.1
 20
628121.0
 10
205615.5
 20
629021.6
 10
206009.4
 20
629924.4
 10
206397.7
 20
630829.5
 10
206780.7
 20
631736.5
 10
207158.5
 20
632645.3
 10
207531.3
 20
633555.6
 10
207899.2
 20
634467.3
 10
208262.3
 20
635380.1
 10
208620.9
 20
636294.0
 10
208975.1
 20
637208.6
 10
209325.1
 20
638124.2
 10
209671.0
 20
639040.4
 10
210013.0
 20
639957.4
 10
210351.4
 20
640875.0
 10
210686.1
 20
641793.1
 10
211017.5
 20
642711.8
 10
211345.7
 20
643631.0
 10
211670.9
 20
644550.6
 10
211993.2
 20
645470.5
 10
212312.8
 20
646390.7
 10
212629.9
 20
647311.1
 10
212944.7
 20
648231.8
 10
213257.2
 20
649152.5
 10
213567.8
 20
650073.3
 10
213876.6
 20
650994.2
 10
214183.7
 20
651914.9
 10
214489.3
 20
652835.6
 10
214793.6
 20
653756.1
 10
215096.7
 20
654676.3
 10
215398.9
 20
655596.3
 10
215700.2
 20
656516.0
 10
216001.0
 20
657435.2
 10
216301.2
 20
658354.0
 10
216601.2
 20
659272.3
 10
216901.1
 20
660190.0
 10
217201.0
 20
661107.0
 10
217501.1
 20
662023.4
 10
217801.7
 20
662939.1
 10
218102.8
 20
663853.9
 10
218404.6
 20
664767.9
 10
218707.4
 20
665681.0
 10
219011.2
 20
666593.1
 10
219316.3
 20
667504.2
 10
219622.8
 20
668414.1
 10
219930.9
 20
669323.0
 10
220240.8
 20
670230.6
 10
220552.6
 20
671137.0
 10
220866.5
 20
672042.0
 10
221182.7
 20
672945.7
 10
221501.3
 20
673847.9
 10
221822.6
 20
674748.7
 10
222146.7
 20
675647.9
 10
222473.7
 20
676545.5
 10
222803.9
 20
677441.4
 10
223137.4
 20
678335.6
 10
223474.3
 20
679228.0
 10
223815.0
 20
680118.6
 10
224159.4
 20
681007.3
 10
224507.8
 20
681894.1
 10
224860.4
 20
682778.8
 10
225217.3
 20
683661.5
 10
225578.8
 20
684542.0
 10
225944.9
 20
685420.4
 10
226315.9
 20
686296.5
 10
226691.8
 20
687170.3
 10
227073.0
 20
688041.8
 10
227459.6
 20
688910.9
 10
227851.6
 20
689777.4
 10
228249.4
 20
690641.5
 10
228653.1
 20
691503.0
 10
229062.8
 20
692361.8
 10
229478.7
 20
693217.9
 10
229901.1
 20
694071.3
 10
230329.9
 20
694921.9
 10
230765.3
 20
695769.6
 10
231207.1
 20
696614.7
 10
231655.2
 20
697457.0
 10
232109.6
 20
698296.6
 10
232570.1
 20
699133.5
 10
233036.7
 20
699967.9
 10
233509.2
 20
700799.6
 10
233987.6
 20
701628.8
 10
234471.9
 20
702455.5
 10
234961.8
 20
703279.7
 10
235457.4
 20
704101.5
 10
235958.5
 20
704920.9
 10
236465.1
 20
705737.8
 10
236977.0
 20
706552.5
 10
237494.2
 20
707364.8
 10
238016.6
 20
708174.9
 10
238544.1
 20
708982.7
 10
239076.5
 20
709788.4
 10
239613.9
 20
710591.8
 10
240156.1
 20
711393.2
 10
240703.1
 20
712192.4
 10
241254.7
 20
712989.6
 10
241810.9
 20
713784.8
 10
242371.6
 20
714577.9
 10
242936.6
 20
715369.1
 10
243506.0
 20
716158.4
 10
244079.5
 20
716945.8
 10
244657.2
 20
717731.3
 10
245238.9
 20
718515.1
 10
245824.6
 20
719297.0
 10
246414.1
 20
720077.2
 10
247007.4
 20
720855.7
 10
247604.4
 20
721632.5
 10
248205.0
 20
722407.7
 10
248809.1
 20
723181.2
 10
249416.6
 20
723953.2
 10
250027.4
 20
724723.6
 10
250641.5
 20
725492.6
 10
251258.7
 20
726260.0
 10
251879.0
 20
727026.0
 10
252502.3
 20
727790.7
 10
253128.4
 20
728553.9
 10
253757.4
 20
729315.9
 10
254389.0
 20
730076.5
 10
255023.3
 20
730835.9
 10
255660.2
 20
731594.0
 10
256299.4
 20
732351.0
 10
256941.1
 20
733106.8
 10
257585.0
 20
733861.4
 10
258231.1
 20
734615.0
 10
258879.2
 20
735367.6
 10
259529.4
 20
736119.1
 10
260181.5
 20
736869.6
 10
260835.5
 20
737619.2
 10
261491.1
 20
738367.9
 10
262148.5
 20
739115.7
 10
262807.4
 20
739862.6
 10
263467.7
 20
740608.8
 10
264129.5
 20
741354.2
 10
264792.6
 20
742098.8
 10
265456.8
 20
742842.7
 10
266122.2
 20
743586.0
 10
266788.7
 20
744328.6
 10
267456.0
 20
745070.6
 10
268124.3
 20
745812.1
 10
268793.3
 20
746553.0
 10
269463.0
 20
747293.4
 10
270133.3
 20
748033.3
 10
270804.4
 20
748772.6
 10
271476.3
 20
749511.1
 10
272149.0
 20
750248.9
 10
272822.5
 20
750985.7
 10
273497.0
 20
751721.6
 10
274172.4
 20
752456.4
 10
274848.7
 20
753190.0
 10
275526.2
 20
753922.4
 10
276204.7
 20
754653.4
 10
276884.3
 20
755383.0
 10
277565.2
 20
756111.1
 10
278247.2
 20
756837.6
 10
278930.6
 20
757562.4
 10
279615.2
 20
758285.4
 10
280301.2
 20
759006.5
 10
280988.6
 20
759725.7
 10
281677.5
 20
760442.8
 10
282367.9
 20
761157.8
 10
283059.8
 20
761870.5
 10
283753.3
 20
762581.0
 10
284448.4
 20
763289.0
 10
285145.3
 20
763994.5
 10
285843.8
 20
764697.4
 10
286544.2
 20
765397.6
 10
287246.3
 20
766095.1
 10
287950.3
 20
766789.7
 10
288656.2
 20
767481.4
 10
289364.1
 20
768170.1
 10
290074.0
 20
768855.6
 10
290785.9
 20
769537.9
 10
291500.0
 20
770216.9
 10
292216.1
 20
770892.5
 10
292934.5
 20
771564.7
 10
293655.0
 20
772233.2
 10
294377.9
 20
772898.1
 10
295103.1
 20
773559.3
 10
295830.6
 20
774216.6
 10
296560.6
 20
774870.0
 10
297293.0
 20
775519.4
 10
298028.0
 20
776164.7
 10
298765.4
 20
776805.8
 10
299505.5
 20
777442.6
 10
300248.2
 20
778075.0
 10
300993.6
 20
778703.0
 10
301741.8
 20
779326.4
 10
302492.7
 20
779945.2
 10
303246.4
 20
780559.2
 10
304003.1
 20
781168.5
 10
304762.6
 20
781772.8
 10
305525.1
 20
782372.1
 10
306290.6
 20
782966.4
 10
307059.2
 20
783555.5
 10
307830.8
 20
784139.3
 10
308605.6
 20
784717.7
 10
309383.6
 20
785290.7
 10
310164.8
 20
785858.2
 10
310949.4
 20
786420.1
 10
311737.2
 20
786976.2
 10
312528.4
 20
787526.6
 10
313323.1
 20
788071.1
 10
314121.2
 20
788609.6
 10
314922.8
 20
789142.0
 10
315728.0
 20
789668.3
 10
316536.7
 20
790188.3
 10
317349.2
 20
790702.0
 10
318165.3
 20
791209.3
 10
318985.1
 20
791710.0
 10
319808.7
 20
792204.3
 10
320636.1
 20
792692.2
 10
321467.2
 20
793173.7
 10
322302.0
 20
793648.9
 10
323140.5
 20
794118.0
 10
323982.8
 20
794580.9
 10
324828.8
 20
795037.7
 10
325678.5
 20
795488.5
 10
326531.9
 20
795933.4
 10
327389.0
 20
796372.5
 10
328249.8
 20
796805.7
 10
329114.2
 20
797233.2
 10
329982.4
 20
797655.1
 10
330854.3
 20
798071.4
 10
331729.8
 20
798482.2
 10
332609.0
 20
798887.5
 10
333491.9
 20
799287.5
 10
334378.4
 20
799682.1
 10
335268.5
 20
800071.5
 10
336162.4
 20
800455.8
 10
337059.8
 20
800834.9
 10
337960.9
 20
801209.1
 10
338865.7
 20
801578.2
 10
339774.0
 20
801942.5
 10
340686.0
 20
802302.0
 10
341601.6
 20
802656.7
 10
342520.8
 20
803006.7
 10
343443.6
 20
803352.2
 10
344370.0
 20
803693.1
 10
345300.0
 20
804029.5
 10
346233.6
 20
804361.5
 10
347170.8
 20
804689.2
 10
348111.6
 20
805012.6
 10
349055.9
 20
805331.8
 10
350003.7
 20
805646.7
 10
350954.7
 20
805956.9
 10
351908.9
 20
806262.4
 10
352865.9
 20
806562.9
 10
353825.8
 20
806858.1
 10
354788.2
 20
807147.8
 10
355753.1
 20
807431.9
 10
356720.2
 20
807709.9
 10
357689.4
 20
807981.8
 10
358660.5
 20
808247.3
 10
359633.3
 20
808506.2
 10
360607.8
 20
808758.2
 10
361583.6
 20
809003.1
 10
362560.6
 20
809240.7
 10
363538.7
 20
809470.8
 10
364517.6
 20
809693.1
 10
365497.3
 20
809907.3
 10
366477.5
 20
810113.4
 10
367458.1
 20
810311.0
 10
368438.9
 20
810499.9
 10
369419.7
 20
810679.9
 10
370400.4
 20
810850.7
 10
371380.7
 20
811012.2
 10
372360.6
 20
811164.1
 10
373339.8
 20
811306.1
 10
374318.2
 20
811438.1
 10
375295.6
 20
811559.8
 10
376271.8
 20
811671.0
 10
377246.7
 20
811771.4
 10
378220.0
 20
811860.8
 10
379191.7
 20
811939.1
 10
380161.6
 20
812005.9
 10
381129.4
 20
812061.0
 10
382095.0
 20
812104.3
 10
383058.2
 20
812135.4
 10
384018.9
 20
812154.2
 10
384977.1
 20
812160.8
 10
385932.7
 20
812155.1
 10
386885.9
 20
812137.4
 10
387836.5
 20
812107.8
 10
388784.7
 20
812066.4
 10
389730.4
 20
812013.3
 10
390673.8
 20
811948.7
 10
391614.7
 20
811872.7
 10
392553.3
 20
811785.5
 10
393489.5
 20
811687.1
 10
394423.4
 20
811577.7
 10
395355.1
 20
811457.4
 10
396284.4
 20
811326.4
 10
397211.6
 20
811184.7
 10
398136.5
 20
811032.6
 10
399059.2
 20
810870.0
 10
399979.7
 20
810697.3
 10
400898.1
 20
810514.4
 10
401814.4
 20
810321.6
 10
402728.6
 20
810118.9
 10
403640.7
 20
809906.5
 10
404550.8
 20
809684.5
 10
405458.8
 20
809453.1
 10
406364.8
 20
809212.3
 10
407268.9
 20
808962.3
 10
408171.0
 20
808703.2
 10
409071.2
 20
808435.2
 10
409969.5
 20
808158.4
 10
410865.9
 20
807872.9
 10
411760.5
 20
807578.8
 10
412653.2
 20
807276.3
 10
413544.1
 20
806965.6
 10
414433.3
 20
806646.6
 10
415320.7
 20
806319.6
 10
416206.3
 20
805984.7
 10
417090.3
 20
805642.0
 10
417972.5
 20
805291.7
 10
418853.1
 20
804933.8
 10
419732.1
 20
804568.6
 10
420609.5
 20
804196.1
 10
421485.3
 20
803816.4
 10
422359.5
 20
803429.8
 10
423232.1
 20
803036.2
 10
424103.3
 20
802635.9
 10
424973.0
 20
802229.0
 10
425841.2
 20
801815.7
 10
426708.0
 20
801395.9
 10
427573.3
 20
800969.9
 10
428437.3
 20
800537.8
 10
429299.9
 20
800099.8
 10
430161.2
 20
799655.9
 10
431021.1
 20
799206.3
 10
431879.8
 20
798751.1
 10
432737.1
 20
798290.4
 10
433593.3
 20
797824.4
 10
434448.2
 20
797353.3
 10
435301.9
 20
796877.0
 10
436154.4
 20
796395.8
 10
437005.8
 20
795909.8
 10
437856.1
 20
795419.1
 10
438705.3
 20
794923.9
 10
439553.4
 20
794424.3
 10
440400.4
 20
793920.3
 10
441246.4
 20
793412.2
 10
442091.5
 20
792900.1
 10
442935.5
 20
792384.0
 10
443778.6
 20
791864.2
 10
444620.8
 20
791340.7
 10
445462.0
 20
790813.7
 10
446302.4
 20
790283.3
 10
447141.9
 20
789749.7
 10
447980.6
 20
789212.9
 10
448818.4
 20
788673.1
 10
449655.5
 20
788130.5
 10
450491.9
 20
787585.1
 10
451327.5
 20
787037.1
 10
452162.4
 20
786486.6
 10
452996.6
 20
785933.8
 10
453830.1
 20
785378.7
 10
454663.0
 20
784821.5
 10
455495.3
 20
784262.4
 10
456327.0
 20
783701.4
 10
457158.1
 20
783138.7
 10
457988.7
 20
782574.4
 10
458818.8
 20
782008.7
 10
459648.4
 20
781441.7
 10
460477.5
 20
780873.5
 10
461306.2
 20
780304.2
 10
462134.5
 20
779733.9
 10
462962.3
 20
779162.9
 10
463789.8
 20
778591.2
 10
464617.0
 20
778018.9
 10
465443.8
 20
777446.2
 10
466270.3
 20
776873.3
 10
467096.6
 20
776300.1
 10
467922.6
 20
775727.0
 10
468748.4
 20
775153.9
 10
469574.0
 20
774581.1
 10
470399.4
 20
774008.6
 10
471224.6
 20
773436.6
 10
472049.8
 20
772865.2
 10
472874.8
 20
772294.6
 10
473699.8
 20
771724.8
 10
474524.6
 20
771156.1
 10
475349.5
 20
770588.5
 10
476174.4
 20
770022.1
 10
476999.3
 20
769457.1
 10
477824.2
 20
768893.7
 10
478649.2
 20
768331.9
 10
479474.3
 20
767771.8
 10
480299.5
 20
767213.7
 10
481124.8
 20
766657.6
 10
481950.3
 20
766103.7
 10
482776.0
 20
765552.1
 10
483601.9
 20
765002.9
 10
484428.1
 20
764456.3
 10
485254.5
 20
763912.3
 10
486081.2
 20
763371.1
 10
486908.2
 20
762832.9
 10
487735.5
 20
762297.8
 10
488563.2
 20
761765.8
 10
489391.3
 20
761237.2
 10
490219.8
 20
760712.1
 10
491048.7
 20
760190.5
 10
491878.1
 20
759672.6
 10
492707.9
 20
759158.6
 10
493538.3
 20
758648.6
 10
494369.2
 20
758142.6
 10
495200.7
 20
757640.9
 10
496032.7
 20
757143.6
 10
496865.3
 20
756650.7
 10
497698.6
 20
756162.5
  0
TEXT
  5
40
330
17
100
AcDbEntity
  8
ISO_LABELS
100
AcDbText
 10
17952.9
 20
535369.2
 30
0.0
 40
6000.0
  1
26
 72
1
 11
17952.9
 21
535369.2
 31
0.0
100
AcDbText
 73
2
  0
LWPOLYLINE
  5
41
330
17
100
AcDbEntity
  8
ISO_WHOLE
100
AcDbPolyline
 90
1222
 70
0
 10
-114064.0
 20
122818.6
 10
-113564.0
 20
123840.1
 10
-113088.6
 20
124858.4
 10
-112637.4
 20
125873.6
 10
-112210.0
 20
126885.6
 10
-111806.2
 20
127894.6
 10
-111425.3
 20
128900.6
 10
-111067.2
 20
129903.7
 10
-110731.4
 20
130903.8
 10
-110417.5
 20
131901.2
 10
-110125.1
 20
132895.8
 10
-109853.8
 20
133887.7
 10
-109603.3
 20
134876.9
 10
-109373.1
 20
135863.6
 10
-109163.0
 20
136847.7
 10
-108972.4
 20
137829.4
 10
-108801.0
 20
138808.6
 10
-108648.5
 20
139785.5
 10
-108514.4
 20
140760.1
 10
-108398.3
 20
141732.5
 10
-108299.9
 20
142702.6
 10
-108218.8
 20
143670.7
 10
-108154.6
 20
144636.7
 10
-108106.8
 20
145600.6
 10
-108075.2
 20
146562.6
 10
-108059.3
 20
147522.8
 10
-108058.8
 20
148481.1
 10
-108073.2
 20
149437.6
 10
-108102.2
 20
150392.4
 10
-108145.4
 20
151345.5
 10
-108202.3
 20
152297.1
 10
-108272.7
 20
153247.1
 10
-108356.1
 20
154195.6
 10
-108452.2
 20
155142.7
 10
-108560.5
 20
156088.4
 10
-108680.6
 20
157032.8
 10
-108812.3
 20
157975.9
 10
-108955.0
 20
158917.9
 10
-109108.5
 20
159858.7
 10
-109272.2
 20
160798.4
 10
-109445.9
 20
161737.1
 10
-109629.2
 20
162674.8
 10
-109821.6
 20
163611.7
 10
-110022.8
 20
164547.7
 10
-110232.4
 20
165482.9
 10
-110450.0
 20
166417.3
 10
-110675.2
 20
167351.1
 10
-110907.6
 20
168284.3
 10
-111146.9
 20
169216.9
 10
-111392.7
 20
170149.0
 10
-111644.5
 20
171080.7
 10
-111902.0
 20
172012.0
 10
-112164.8
 20
172943.0
 10
-112432.5
 20
173873.7
 10
-112704.8
 20
174804.1
 10
-112981.1
 20
175734.5
 10
-113261.3
 20
176664.7
 10
-113544.8
 20
177594.9
 10
-113831.3
 20
178525.1
 10
-114120.4
 20
179455.4
 10
-114411.7
 20
180385.9
 10
-114704.8
 20
181316.5
 10
-114999.3
 20
182247.4
 10
-115294.9
 20
183178.6
 10
-115591.2
 20
184110.2
 10
-115887.8
 20
185042.2
 10
-116184.2
 20
185974.7
 10
-116480.1
 20
186907.7
 10
-116775.2
 20
187841.3
 10
-117069.0
 20
188775.6
 10
-117361.2
 20
189710.6
 10
-117651.3
 20
190646.4
 10
-117938.9
 20
191583.0
 10
-118223.8
 20
192520.5
 10
-118505.5
 20
193459.0
 10
-118783.6
 20
194398.4
 10
-119057.7
 20
195339.0
 10
-119327.4
 20
196280.6
 10
-119592.4
 20
197223.5
 10
-119852.4
 20
198167.5
 10
-120107.2
 20
199112.8
 10
-120357.2
 20
200059.3
 10
-120602.5
 20
201006.9
 10
-120843.1
 20
201955.7
 10
-121079.3
 20
202905.5
 10
-121311.2
 20
203856.5
 10
-121538.9
 20
204808.4
 10
-121762.7
 20
205761.4
 10
-121982.6
 20
206715.4
 10
-122198.9
 20
207670.2
 10
-122411.6
 20
208626.1
 10
-122620.9
 20
209582.7
 10
-122827.0
 20
210540.3
 10
-123030.1
 20
211498.6
 10
-123230.2
 20
212457.8
 10
-123427.5
 20
213417.7
 10
-123622.2
 20
214378.4
 10
-123814.5
 20
215339.7
 10
-124004.4
 20
216301.7
 10
-124192.2
 20
217264.4
 10
-124378.0
 20
218227.6
 10
-124561.9
 20
219191.5
 10
-124744.1
 20
220155.8
 10
-124924.7
 20
221120.7
 10
-125104.0
 20
222086.1
 10
-125282.0
 20
223052.0
 10
-125458.9
 20
224018.2
 10
-125634.9
 20
224984.9
 10
-125810.0
 20
225951.9
 10
-125984.6
 20
226919.2
 10
-126158.6
 20
227886.8
 10
-126332.3
 20
228854.7
 10
-126505.8
 20
229822.9
 10
-126679.3
 20
230791.2
 10
-126853.0
 20
231759.8
 10
-127026.8
 20
232728.4
 10
-127201.2
 20
233697.2
 10
-127376.1
 20
234666.1
 10
-127551.7
 20
235635.0
 10
-127728.2
 20
236604.0
 10
-127905.8
 20
237572.9
 10
-128084.5
 20
238541.8
 10
-128264.6
 20
239510.7
 10
-128446.1
 20
240479.4
 10
-128629.3
 20
241448.0
 10
-128814.3
 20
242416.5
 10
-129001.3
 20
243384.7
 10
-129190.3
 20
244352.8
 10
-129381.7
 20
245320.5
 10
-129575.4
 20
246288.0
 10
-129771.6
 20
247255.2
 10
-129970.6
 20
248222.1
 10
-130172.5
 20
249188.5
 10
-130377.3
 20
250154.6
 10
-130585.3
 20
251120.2
 10
-130796.7
 20
252085.3
 10
-131011.5
 20
253050.0
 10
-131229.9
 20
254014.1
 10
-131452.1
 20
254977.7
 10
-131678.3
 20
255940.6
 10
-131908.5
 20
256903.0
 10
-132142.9
 20
257864.7
 10
-132381.8
 20
258825.7
 10
-132625.2
 20
259786.0
 10
-132873.2
 20
260745.5
 10
-133126.1
 20
261704.3
 10
-133384.0
 20
262662.3
 10
-133647.0
 20
263619.4
 10
-133915.4
 20
264575.7
 10
-134189.2
 20
265531.1
 10
-134468.6
 20
266485.5
 10
-134753.7
 20
267439.0
 10
-135044.7
 20
268391.5
 10
-135341.9
 20
269342.9
 10
-135645.2
 20
270293.4
 10
-135954.7
 20
271242.7
 10
-136270.1
 20
272191.0
 10
-136590.5
 20
273138.4
 10
-136915.6
 20
274084.8
 10
-137244.5
 20
275030.4
 10
-137576.8
 20
275975.2
 10
-137911.9
 20
276919.3
 10
-138249.0
 20
277862.7
 10
-138587.7
 20
278805.4
 10
-138927.3
 20
279747.6
 10
-139267.2
 20
280689.3
 10
-139606.8
 20
281630.5
 10
-139945.4
 20
282571.4
 10
-140282.6
 20
283511.9
 10
-140617.6
 20
284452.1
 10
-140949.9
 20
285392.1
 10
-141278.9
 20
286332.0
 10
-141603.9
 20
287271.7
 10
-141924.4
 20
288211.4
 10
-142239.7
 20
289151.1
 10
-142549.2
 20
290090.9
 10
-142852.4
 20
291030.8
 10
-143148.6
 20
291970.9
 10
-143437.2
 20
292911.2
 10
-143717.6
 20
293851.8
 10
-143989.3
 20
294792.8
 10
-144251.5
 20
295734.2
 10
-144503.7
 20
296676.0
 10
-144745.3
 20
297618.4
 10
-144975.6
 20
298561.4
 10
-145194.2
 20
299505.0
 10
-145400.2
 20
300449.3
 10
-145593.3
 20
301394.4
 10
-145772.7
 20
302340.3
 10
-145937.8
 20
303287.0
 10
-146088.1
 20
304234.7
 10
-146222.9
 20
305183.4
 10
-146341.6
 20
306133.1
 10
-146443.6
 20
307084.0
 10
-146528.4
 20
308036.0
 10
-146595.3
 20
308989.2
 10
-146644.7
 20
309943.6
 10
-146677.5
 20
310899.3
 10
-146694.5
 20
311856.3
 10
-146696.8
 20
312814.5
 10
-146685.1
 20
313773.9
 10
-146660.5
 20
314734.6
 10
-146623.7
 20
315696.6
 10
-146575.7
 20
316659.8
 10
-146517.4
 20
317624.3
 10
-146449.8
 20
318590.1
 10
-146373.6
 20
319557.2
 10
-146289.8
 20
320525.5
 10
-146199.4
 20
321495.1
 10
-146103.1
 20
322466.0
 10
-146002.0
 20
323438.2
 10
-145896.9
 20
324411.6
 10
-145788.7
 20
325386.4
 10
-145678.3
 20
326362.5
 10
-145566.6
 20
327339.8
 10
-145454.6
 20
328318.5
 10
-145343.1
 20
329298.5
 10
-145233.0
 20
330279.8
 10
-145125.2
 20
331262.4
 10
-145020.7
 20
332246.3
 10
-144920.3
 20
333231.6
 10
-144825.0
 20
334218.2
 10
-144735.6
 20
335206.1
 10
-144653.0
 20
336195.3
 10
-144578.2
 20
337185.9
 10
-144512.0
 20
338177.8
 10
-144455.4
 20
339171.0
 10
-144409.2
 20
340165.6
 10
-144374.4
 20
341161.6
 10
-144351.9
 20
342158.9
 10
-144342.5
 20
343157.6
 10
-144347.1
 20
344157.6
 10
-144366.8
 20
345159.0
 10
-144402.1
 20
346161.7
 10
-144452.9
 20
347165.4
 10
-144518.9
 20
348170.0
 10
-144599.7
 20
349175.0
 10
-144694.8
 20
350180.1
 10
-144803.8
 20
351185.0
 10
-144926.4
 20
352189.5
 10
-145062.1
 20
353193.2
 10
-145210.5
 20
354195.7
 10
-145371.3
 20
355196.8
 10
-145544.0
 20
356196.2
 10
-145728.3
 20
357193.6
 10
-145923.7
 20
358188.6
 10
-146129.8
 20
359180.9
 10
-146346.3
 20
360170.2
 10
-146572.7
 20
361156.2
 10
-146808.6
 20
362138.7
 10
-147053.6
 20
363117.2
 10
-147307.4
 20
364091.4
 10
-147569.5
 20
365061.2
 10
-147839.6
 20
366026.1
 10
-148117.4
 20
366986.2
 10
-148402.8
 20
367941.8
 10
-148695.7
 20
368893.2
 10
-148996.0
 20
369840.5
 10
-149303.6
 20
370784.1
 10
-149618.4
 20
371724.2
 10
-149940.2
 20
372661.0
 10
-150269.0
 20
373594.8
 10
-150604.6
 20
374525.8
 10
-150947.0
 20
375454.4
 10
-151295.9
 20
376380.7
 10
-151651.4
 20
377304.9
 10
-152013.3
 20
378227.5
 10
-152381.4
 20
379148.5
 10
-152755.7
 20
380068.3
 10
-153136.0
 20
380987.1
 10
-153522.3
 20
381905.2
 10
-153914.4
 20
382822.8
 10
-154312.3
 20
383740.1
 10
-154714.9
 20
384657.3
 10
-155119.5
 20
385574.3
 10
-155522.9
 20
386490.9
 10
-155921.8
 20
387406.9
 10
-156313.3
 20
388322.2
 10
-156694.1
 20
389236.5
 10
-157061.0
 20
390149.6
 10
-157410.9
 20
391061.5
 10
-157740.7
 20
391971.9
 10
-158047.2
 20
392880.6
 10
-158327.3
 20
393787.5
 10
-158577.7
 20
394692.4
 10
-158795.4
 20
395595.1
 10
-158977.1
 20
396495.4
 10
-159119.8
 20
397393.2
 10
-159220.3
 20
398288.3
 10
-159275.3
 20
399180.4
 10
-159281.9
 20
400069.5
 10
-159236.7
 20
400955.4
 10
-159136.8
 20
401837.8
 10
-158982.0
 20
402716.9
 10
-158776.2
 20
403593.1
 10
-158523.4
 20
404466.9
 10
-158227.8
 20
405338.7
 10
-157893.4
 20
406209.0
 10
-157524.3
 20
407078.3
 10
-157124.7
 20
407947.0
 10
-156698.6
 20
408815.6
 10
-156250.1
 20
409684.6
 10
-155783.3
 20
410554.4
 10
-155302.3
 20
411425.5
 10
-154811.3
 20
412298.3
 10
-154314.2
 20
413173.4
 10
-153815.3
 20
414051.1
 10
-153318.5
 20
414932.0
 10
-152828.0
 20
415816.5
 10
-152347.8
 20
416705.0
 10
-151879.4
 20
417597.7
 10
-151423.0
 20
418494.6
 10
-150978.5
 20
419395.4
 10
-150545.8
 20
420300.1
 10
-150125.1
 20
421208.7
 10
-149716.1
 20
422120.9
 10
-149319.0
 20
423036.8
 10
-148933.7
 20
423956.2
 10
-148560.1
 20
424879.1
 10
-148198.3
 20
425805.2
 10
-147848.3
 20
426734.6
 10
-147509.9
 20
427667.2
 10
-147183.2
 20
428602.8
 10
-146868.2
 20
429541.3
 10
-146564.8
 20
430482.7
 10
-146273.1
 20
431426.9
 10
-145992.9
 20
432373.7
 10
-145724.3
 20
433323.1
 10
-145467.3
 20
434274.9
 10
-145221.8
 20
435229.2
 10
-144987.8
 20
436185.7
 10
-144765.3
 20
437144.4
 10
-144554.2
 20
438105.2
 10
-144354.6
 20
439068.0
 10
-144166.4
 20
440032.6
 10
-143989.6
 20
440999.1
 10
-143824.2
 20
441967.3
 10
-143670.1
 20
442937.1
 10
-143527.4
 20
443908.4
 10
-143396.0
 20
444881.1
 10
-143275.8
 20
445855.2
 10
-143167.0
 20
446830.5
 10
-143069.3
 20
447806.9
 10
-142982.9
 20
448784.3
 10
-142907.7
 20
449762.7
 10
-142843.7
 20
450742.0
 10
-142790.8
 20
451721.9
 10
-142749.0
 20
452702.6
 10
-142718.4
 20
453683.8
 10
-142698.9
 20
454665.4
 10
-142690.4
 20
455647.4
 10
-142692.7
 20
456629.7
 10
-142705.3
 20
457612.3
 10
-142727.2
 20
458595.0
 10
-142757.7
 20
459577.9
 10
-142795.9
 20
460560.9
 10
-142841.2
 20
461543.9
 10
-142892.6
 20
462527.0
 10
-142949.4
 20
463510.1
 10
-143010.8
 20
464493.1
 10
-143076.0
 20
465476.0
 10
-143144.1
 20
466458.8
 10
-143214.5
 20
467441.4
 10
-143286.3
 20
468423.8
 10
-143358.8
 20
469405.9
 10
-143431.0
 20
470387.7
 10
-143502.2
 20
471369.1
 10
-143571.7
 20
472350.2
 10
-143638.6
 20
473330.8
 10
-143702.1
 20
474310.9
 10
-143761.5
 20
475290.6
 10
-143815.9
 20
476269.6
 10
-143864.6
 20
477248.1
 10
-143906.7
 20
478226.0
 10
-143941.4
 20
479203.1
 10
-143968.1
 20
480179.5
 10
-143985.7
 20
481155.2
 10
-143993.7
 20
482130.1
 10
-143991.1
 20
483104.1
 10
-143977.2
 20
484077.2
 10
-143951.2
 20
485049.4
 10
-143912.2
 20
486020.6
 10
-143859.6
 20
486990.8
 10
-143792.4
 20
487959.9
 10
-143709.9
 20
488927.9
 10
-143611.4
 20
489894.8
 10
-143495.9
 20
490860.5
 10
-143362.9
 20
491824.9
 10
-143212.5
 20
492787.6
 10
-143044.7
 20
493748.2
 10
-142859.7
 20
494706.4
 10
-142657.4
 20
495661.6
 10
-142438.0
 20
496613.4
 10
-142201.6
 20
497561.6
 10
-141948.2
 20
498505.6
 10
-141678.1
 20
499445.1
 10
-141391.1
 20
500379.6
 10
-141087.5
 20
501308.7
 10
-140767.4
 20
502232.1
 10
-140430.7
 20
503149.3
 10
-140077.7
 20
504060.0
 10
-139708.4
 20
504963.6
 10
-139322.9
 20
505859.8
 10
-138921.2
 20
506748.2
 10
-138503.5
 20
507628.4
 10
-138069.9
 20
508500.0
 10
-137620.5
 20
509362.6
 10
-137155.5
 20
510216.0
 10
-136676.1
 20
511061.0
 10
-136183.1
 20
511898.3
 10
-135677.7
 20
512728.7
 10
-135160.8
 20
513552.8
 10
-134633.4
 20
514371.4
 10
-134096.5
 20
515185.2
 10
-133551.2
 20
515995.0
 10
-132998.5
 20
516801.5
 10
-132439.3
 20
517605.4
 10
-131874.7
 20
518407.4
 10
-131305.8
 20
519208.3
 10
-130733.4
 20
520008.8
 10
-130158.7
 20
520809.7
 10
-129582.6
 20
521611.7
 10
-129006.2
 20
522415.5
 10
-128430.4
 20
523221.8
 10
-127856.3
 20
524031.3
 10
-127284.9
 20
524844.9
 10
-126717.2
 20
525663.3
 10
-126154.2
 20
526487.0
 10
-125595.7
 20
527316.0
 10
-125041.6
 20
528149.9
 10
-124491.4
 20
528988.3
 10
-123944.7
 20
529830.8
 10
-123401.3
 20
530676.9
 10
-122860.7
 20
531526.3
 10
-122322.5
 20
532378.6
 10
-121786.4
 20
533233.3
 10
-121252.1
 20
534090.1
 10
-120719.2
 20
534948.4
 10
-120187.3
 20
535808.0
 10
-119656.0
 20
536668.4
 10
-119125.0
 20
537529.1
 10
-118593.9
 20
538389.8
 10
-118062.3
 20
539250.1
 10
-117529.9
 20
540109.6
 10
-116996.4
 20
540967.8
 10
-116461.3
 20
541824.3
 10
-115924.3
 20
542678.8
 10
-115385.0
 20
543530.8
 10
-114843.1
 20
544379.9
 10
-114298.1
 20
545225.7
 10
-113749.8
 20
546067.8
 10
-113197.8
 20
546905.7
 10
-112641.7
 20
547739.1
 10
-112081.1
 20
548567.6
 10
-111515.6
 20
549390.7
 10
-110945.0
 20
550208.0
 10
-110368.8
 20
551019.2
 10
-109786.7
 20
551823.8
 10
-109198.3
 20
552621.4
 10
-108603.2
 20
553411.6
 10
-108001.1
 20
554193.9
 10
-107391.7
 20
554968.1
 10
-106774.5
 20
555733.6
 10
-106149.1
 20
556490.0
 10
-105515.4
 20
557237.2
 10
-104873.5
 20
557975.0
 10
-104223.4
 20
558703.8
 10
-103565.2
 20
559423.5
 10
-102899.1
 20
560134.2
 10
-102225.1
 20
560836.1
 10
-101543.4
 20
561529.3
 10
-100854.2
 20
562213.9
 10
-100157.4
 20
562889.9
 10
-99453.3
 20
563557.5
 10
-98741.8
 20
564216.9
 10
-98023.3
 20
564868.0
 10
-97297.6
 20
565511.1
 10
-96565.1
 20
566146.1
 10
-95825.7
 20
566773.3
 10
-95079.6
 20
567392.7
 10
-94326.9
 20
568004.5
 10
-93567.8
 20
568608.6
 10
-92802.2
 20
569205.4
 10
-92030.4
 20
569794.7
 10
-91252.5
 20
570376.9
 10
-90468.5
 20
570951.8
 10
-89678.6
 20
571519.8
 10
-88882.9
 20
572080.8
 10
-88081.5
 20
572635.0
 10
-87274.5
 20
573182.5
 10
-86462.0
 20
573723.4
 10
-85644.1
 20
574257.8
 10
-84821.0
 20
574785.8
 10
-83992.8
 20
575307.5
 10
-83159.5
 20
575823.0
 10
-82321.3
 20
576332.4
 10
-81478.4
 20
576835.8
 10
-80630.7
 20
577333.4
 10
-79778.4
 20
577825.3
 10
-78921.7
 20
578311.4
 10
-78060.6
 20
578792.0
 10
-77195.3
 20
579267.2
 10
-76325.9
 20
579737.0
 10
-75452.4
 20
580201.6
 10
-74575.0
 20
580661.1
 10
-73693.9
 20
581115.6
 10
-72809.0
 20
581565.1
 10
-71920.6
 20
582009.8
 10
-71028.8
 20
582449.9
 10
-70133.5
 20
582885.3
 10
-69235.1
 20
583316.2
 10
-68333.5
 20
583742.8
 10
-67428.9
 20
584165.1
 10
-66521.4
 20
584583.2
 10
-65611.2
 20
584997.2
 10
-64698.2
 20
585407.3
 10
-63782.8
 20
585813.5
 10
-62864.8
 20
586215.9
 10
-61944.5
 20
586614.8
 10
-61022.0
 20
587010.0
 10
-60097.4
 20
587401.9
 10
-59170.8
 20
587790.4
 10
-58242.3
 20
588175.7
 10
-57312.0
 20
588557.9
 10
-56380.1
 20
588937.1
 10
-55446.6
 20
589313.4
 10
-54511.6
 20
589686.8
 10
-53575.4
 20
590057.6
 10
-52637.9
 20
590425.8
 10
-51699.3
 20
590791.6
 10
-50759.7
 20
591154.9
 10
-49819.3
 20
591516.0
 10
-48878.1
 20
591874.9
 10
-47936.2
 20
592231.8
 10
-46993.8
 20
592586.7
 10
-46050.9
 20
592939.8
 10
-45107.8
 20
593291.1
 10
-44164.4
 20
593640.8
 10
-43220.9
 20
593989.0
 10
-42277.5
 20
594335.7
 10
-41334.1
 20
594681.1
 10
-40390.9
 20
595025.2
 10
-39447.8
 20
595368.0
 10
-38504.7
 20
595709.3
 10
-37561.7
 20
596049.3
 10
-36618.8
 20
596387.9
 10
-35675.9
 20
596725.1
 10
-34733.0
 20
597061.0
 10
-33790.2
 20
597395.3
 10
-32847.4
 20
597728.3
 10
-31904.6
 20
598059.8
 10
-30961.7
 20
598389.9
 10
-30018.8
 20
598718.5
 10
-29075.9
 20
599045.6
 10
-28133.0
 20
599371.3
 10
-27189.9
 20
599695.4
 10
-26246.8
 20
600018.0
 10
-25303.6
 20
600339.1
 10
-24360.3
 20
600658.7
 10
-23416.9
 20
600976.7
 10
-22473.4
 20
601293.2
 10
-21529.7
 20
601608.1
 10
-20585.9
 20
601921.4
 10
-19641.9
 20
602233.1
 10
-18697.7
 20
602543.2
 10
-17753.4
 20
602851.7
 10
-16808.9
 20
603158.6
 10
-15864.1
 20
603463.8
 10
-14919.1
 20
603767.4
 10
-13973.9
 20
604069.3
 10
-13028.4
 20
604369.5
 10
-12082.7
 20
604668.1
 10
-11136.7
 20
604964.9
 10
-10190.4
 20
605260.1
 10
-9243.9
 20
605553.5
 10
-8297.0
 20
605845.2
 10
-7349.8
 20
606135.1
 10
-6402.2
 20
606423.3
 10
-5454.4
 20
606709.8
 10
-4506.1
 20
606994.4
 10
-3557.5
 20
607277.3
 10
-2608.5
 20
607558.3
 10
-1659.1
 20
607837.6
 10
-709.4
 20
608115.0
 10
240.9
 20
608390.5
 10
1191.5
 20
608664.3
 10
2142.6
 20
608936.1
 10
3094.1
 20
609206.1
 10
4046.1
 20
609474.2
 10
4998.6
 20
609740.5
 10
5951.6
 20
610004.8
 10
6905.1
 20
610267.2
 10
7859.1
 20
610527.6
 10
8813.6
 20
610786.1
 10
9768.6
 20
611042.7
 10
10724.3
 20
611297.3
 10
11680.4
 20
611549.9
 10
12637.2
 20
611800.6
 10
13594.5
 20
612049.2
 10
14552.5
 20
612295.8
 10
15511.1
 20
612540.4
 10
16470.2
 20
612783.0
 10
17430.1
 20
613023.5
 10
18390.6
 20
613262.0
 10
19351.7
 20
613498.4
 10
20313.5
 20
613732.7
 10
21276.0
 20
613964.9
 10
22239.2
 20
614195.0
 10
23203.1
 20
614423.0
 10
24167.8
 20
614648.9
 10
25133.1
 20
614872.6
 10
26099.2
 20
615094.2
 10
27066.1
 20
615313.6
 10
28033.8
 20
615530.8
 10
29002.2
 20
615745.9
 10
29971.4
 20
615958.8
 10
30941.4
 20
616169.6
 10
31912.1
 20
616378.4
 10
32883.4
 20
616585.2
 10
33855.5
 20
616790.2
 10
34828.1
 20
616993.4
 10
35801.4
 20
617194.9
 10
36775.2
 20
617394.7
 10
37749.5
 20
617593.0
 10
38724.3
 20
617789.9
 10
39699.6
 20
617985.3
 10
40675.3
 20
618179.5
 10
41651.4
 20
618372.4
 10
42627.9
 20
618564.1
 10
43604.7
 20
618754.7
 10
44581.8
 20
618944.4
 10
45559.1
 20
619133.1
 10
46536.8
 20
619321.0
 10
47514.6
 20
619508.1
 10
48492.5
 20
619694.5
 10
49470.7
 20
619880.3
 10
50448.9
 20
620065.5
 10
51427.2
 20
620250.3
 10
52405.5
 20
620434.7
 10
53383.9
 20
620618.9
 10
54362.2
 20
620802.7
 10
55340.4
 20
620986.5
 10
56318.6
 20
621170.1
 10
57296.7
 20
621353.8
 10
58274.6
 20
621537.6
 10
59252.3
 20
621721.5
 10
60229.8
 20
621905.7
 10
61207.1
 20
622090.2
 10
62184.1
 20
622275.0
 10
63160.7
 20
622460.4
 10
64137.0
 20
622646.3
 10
65113.0
 20
622832.8
 10
66088.5
 20
623020.1
 10
67063.6
 20
623208.1
 10
68038.2
 20
623397.0
 10
69012.3
 20
623586.9
 10
69985.9
 20
623777.7
 10
70958.9
 20
623969.7
 10
71931.3
 20
624162.8
 10
72903.0
 20
624357.2
 10
73874.1
 20
624552.9
 10
74844.5
 20
624750.0
 10
75814.1
 20
624948.6
 10
76783.0
 20
625148.8
 10
77751.1
 20
625350.6
 10
78718.4
 20
625554.2
 10
79684.7
 20
625759.5
 10
80650.2
 20
625966.7
 10
81614.8
 20
626175.9
 10
82578.4
 20
626387.1
 10
83541.0
 20
626600.4
 10
84502.6
 20
626815.9
 10
85463.2
 20
627033.7
 10
86422.6
 20
627253.8
 10
87381.0
 20
627476.3
 10
88338.1
 20
627701.4
 10
89294.1
 20
627929.0
 10
90248.9
 20
628159.2
 10
91202.4
 20
628392.2
 10
92154.7
 20
628628.0
 10
93105.6
 20
628866.7
 10
94055.2
 20
629108.4
 10
95003.4
 20
629353.1
 10
95950.2
 20
629600.9
 10
96895.5
 20
629851.9
 10
97839.4
 20
630106.2
 10
98781.8
 20
630363.9
 10
99722.6
 20
630625.0
 10
100661.8
 20
630889.6
 10
101599.5
 20
631157.8
 10
102535.5
 20
631429.6
 10
103469.8
 20
631705.2
 10
104402.5
 20
631984.7
 10
105333.3
 20
632268.1
 10
106262.3
 20
632555.7
 10
107189.3
 20
632847.7
 10
108114.3
 20
633144.1
 10
109037.2
 20
633445.3
 10
109957.9
 20
633751.4
 10
110876.3
 20
634062.5
 10
111792.4
 20
634378.8
 10
112706.0
 20
634700.6
 10
113617.1
 20
635027.9
 10
114525.5
 20
635361.0
 10
115431.3
 20
635700.0
 10
116334.3
 20
636045.2
 10
117234.5
 20
636396.6
 10
118131.7
 20
636754.5
 10
119025.8
 20
637119.0
 10
119916.9
 20
637490.4
 10
120804.8
 20
637868.8
 10
121689.4
 20
638254.3
 10
122570.7
 20
638647.2
 10
123448.5
 20
639047.6
 10
124322.8
 20
639455.7
 10
125193.5
 20
639871.6
 10
126060.5
 20
640295.7
 10
126923.7
 20
640727.9
 10
127783.1
 20
641168.6
 10
128638.5
 20
641617.9
 10
129490.0
 20
642075.9
 10
130337.3
 20
642542.8
 10
131180.5
 20
643018.9
 10
132019.4
 20
643504.2
 10
132853.9
 20
643999.1
 10
133684.0
 20
644503.5
 10
134509.6
 20
645017.8
 10
135330.6
 20
645542.1
 10
136146.9
 20
646076.5
 10
136958.5
 20
646621.3
 10
137765.2
 20
647176.6
 10
138567.0
 20
647742.7
 10
139363.7
 20
648319.5
 10
140155.4
 20
648906.9
 10
140942.0
 20
649504.8
 10
141723.3
 20
650112.8
 10
142499.3
 20
650730.9
 10
143269.9
 20
651358.7
 10
144035.0
 20
651996.0
 10
144794.7
 20
652642.7
 10
145548.7
 20
653298.4
 10
146297.0
 20
653963.1
 10
147039.6
 20
654636.4
 10
147776.4
 20
655318.1
 10
148507.3
 20
656008.1
 10
149232.2
 20
656706.1
 10
149951.0
 20
657411.9
 10
150663.7
 20
658125.3
 10
151370.2
 20
658846.0
 10
152070.5
 20
659573.9
 10
152764.4
 20
660308.7
 10
153451.9
 20
661050.1
 10
154132.9
 20
661798.1
 10
154807.3
 20
662552.3
 10
155475.0
 20
663312.6
 10
156136.1
 20
664078.7
 10
156790.4
 20
664850.4
 10
157437.8
 20
665627.6
 10
158078.2
 20
666409.8
 10
158711.7
 20
667197.1
 10
159338.0
 20
667989.0
 10
159957.2
 20
668785.5
 10
160569.1
 20
669586.3
 10
161173.8
 20
670391.2
 10
161771.0
 20
671199.9
 10
162360.8
 20
672012.3
 10
162943.1
 20
672828.1
 10
163517.7
 20
673647.1
 10
164084.7
 20
674469.1
 10
164643.9
 20
675293.9
 10
165195.5
 20
676121.4
 10
165739.6
 20
676951.4
 10
166276.3
 20
677783.9
 10
166806.0
 20
678618.9
 10
167328.6
 20
679456.3
 10
167844.5
 20
680295.9
 10
168353.8
 20
681137.8
 10
168856.6
 20
681981.8
 10
169353.2
 20
682827.8
 10
169843.7
 20
683675.9
 10
170328.2
 20
684525.9
 10
170807.0
 20
685377.8
 10
171280.2
 20
686231.4
 10
171748.0
 20
687086.8
 10
172210.6
 20
687943.8
 10
172668.1
 20
688802.3
 10
173120.7
 20
689662.3
 10
173568.6
 20
690523.8
 10
174012.0
 20
691386.6
 10
174451.0
 20
692250.7
 10
174885.7
 20
693115.9
 10
175316.5
 20
693982.3
 10
175743.5
 20
694849.7
 10
176166.7
 20
695718.2
 10
176586.4
 20
696587.5
 10
177002.9
 20
697457.6
 10
177416.1
 20
698328.5
 10
177826.4
 20
699200.1
 10
178233.8
 20
700072.3
 10
178638.7
 20
700945.1
 10
179041.0
 20
701818.3
 10
179441.1
 20
702691.9
 10
179839.0
 20
703565.8
 10
180235.0
 20
704440.0
 10
180629.2
 20
705314.4
 10
181021.8
 20
706188.8
 10
181413.0
 20
707063.3
 10
181802.9
 20
707937.7
 10
182191.8
 20
708812.1
 10
182579.7
 20
709686.2
 10
182966.9
 20
710560.1
 10
183353.5
 20
711433.6
 10
183739.8
 20
712306.7
 10
184125.8
 20
713179.3
 10
184511.8
 20
714051.4
 10
184897.9
 20
714922.9
 10
185284.3
 20
715793.6
 10
185671.1
 20
716663.6
 10
186058.6
 20
717532.7
 10
186447.0
 20
718400.9
 10
186836.3
 20
719268.1
 10
187226.8
 20
720134.3
 10
187618.6
 20
720999.3
 10
188012.0
 20
721863.1
 10
188407.0
 20
722725.6
 10
188803.9
 20
723586.7
 10
189202.8
 20
724446.4
 10
189603.9
 20
725304.6
 10
190007.4
 20
726161.3
 10
190413.4
 20
727016.3
 10
190822.2
 20
727869.5
 10
191233.8
 20
728721.0
 10
191648.5
 20
729570.5
 10
192066.5
 20
730418.2
 10
192487.8
 20
731263.8
 10
192912.8
 20
732107.3
 10
193341.5
 20
732948.7
 10
193774.1
 20
733787.9
 10
194210.9
 20
734624.7
 10
194651.9
 20
735459.1
 10
195097.4
 20
736291.1
 10
195547.5
 20
737120.6
 10
196002.3
 20
737947.4
 10
196462.2
 20
738771.6
 10
196927.2
 20
739593.1
 10
197397.5
 20
740411.7
 10
197873.2
 20
741227.5
 10
198354.1
 20
742040.5
 10
198840.3
 20
742850.8
 10
199331.5
 20
743658.5
 10
199827.8
 20
744463.5
 10
200329.0
 20
745266.1
 10
200835.0
 20
746066.2
 10
201345.8
 20
746863.8
 10
201861.2
 20
747659.2
 10
202381.2
 20
748452.2
 10
202905.6
 20
749243.1
 10
203434.4
 20
750031.7
 10
203967.5
 20
750818.3
 10
204504.8
 20
751602.9
 10
205046.2
 20
752385.5
 10
205591.7
 20
753166.1
 10
206141.0
 20
753945.0
 10
206694.2
 20
754722.0
 10
207251.1
 20
755497.3
 10
207811.7
 20
756271.0
 10
208375.9
 20
757043.1
 10
208943.5
 20
757813.6
 10
209514.5
 20
758582.6
 10
210088.8
 20
759350.3
 10
210666.3
 20
760116.5
 10
211246.9
 20
760881.5
 10
211830.5
 20
761645.3
 10
212417.1
 20
762407.9
 10
213006.4
 20
763169.4
 10
213598.6
 20
763929.8
 10
214193.4
 20
764689.3
 10
214790.8
 20
765447.8
 10
215390.6
 20
766205.5
 10
215992.8
 20
766962.4
 10
216597.3
 20
767718.6
 10
217204.1
 20
768474.1
 10
217812.9
 20
769229.0
 10
218423.8
 20
769983.3
 10
219036.6
 20
770737.1
 10
219651.2
 20
771490.5
 10
220267.6
 20
772243.6
 10
220885.7
 20
772996.4
 10
221505.3
 20
773748.9
 10
222126.4
 20
774501.2
 10
222748.9
 20
775253.4
 10
223372.7
 20
776005.6
 10
223997.7
 20
776757.8
 10
224623.8
 20
777510.0
 10
225251.0
 20
778262.4
 10
225879.1
 20
779014.9
 10
226508.0
 20
779767.8
 10
227137.7
 20
780520.9
 10
227768.0
 20
781274.4
 10
228399.0
 20
782028.4
 10
229030.4
 20
782782.8
 10
229662.2
 20
783537.9
 10
230294.3
 20
784293.5
 10
230926.6
 20
785049.9
 10
231559.0
 20
785806.9
 10
232191.5
 20
786564.8
 10
232823.9
 20
787323.6
 10
233456.2
 20
788083.3
 10
234088.2
 20
788844.0
 10
234719.9
 20
789605.8
 10
235351.2
 20
790368.7
 10
235981.9
 20
791132.7
 10
236612.1
 20
791898.0
 10
237241.5
 20
792664.7
 10
237870.2
 20
793432.6
 10
238498.0
 20
794202.0
 10
239124.8
 20
794973.0
 10
239750.6
 20
795745.4
 10
240375.2
 20
796519.5
 10
240998.7
 20
797295.2
 10
241620.9
 20
798072.5
 10
242242.1
 20
798851.3
 10
242862.2
 20
799631.5
 10
243481.4
 20
800412.9
 10
244099.8
 20
801195.5
 10
244717.4
 20
801979.2
 10
245334.3
 20
802763.8
 10
245950.7
 20
803549.2
 10
246566.5
 20
804335.3
 10
247181.9
 20
805122.1
 10
247797.0
 20
805909.4
 10
248411.8
 20
806697.1
 10
249026.4
 20
807485.1
 10
249640.9
 20
808273.3
 10
250255.4
 20
809061.5
 10
250870.0
 20
809849.8
 10
251484.7
 20
810637.9
 10
252099.6
 20
811425.7
 10
252714.9
 20
812213.3
 10
253330.6
 20
813000.3
 10
253946.7
 20
813786.8
 10
254563.5
 20
814572.7
 10
255180.8
 20
815357.7
 10
255798.9
 20
816141.9
 10
256417.9
 20
816925.1
 10
257037.7
 20
817707.2
 10
257658.5
 20
818488.1
 10
258280.3
 20
819267.6
 10
258903.3
 20
820045.8
 10
259527.6
 20
820822.4
 10
260153.1
 20
821597.3
 10
260780.0
 20
822370.6
 10
261408.4
 20
823141.9
 10
262038.4
 20
823911.4
 10
262670.0
 20
824678.7
 10
263303.4
 20
825443.9
 10
263938.5
 20
826206.8
 10
264575.6
 20
826967.3
 10
265214.6
 20
827725.3
 10
265855.6
 20
828480.7
 10
266498.9
 20
829233.3
 10
267144.3
 20
829983.2
 10
267792.0
 20
830730.1
 10
268442.2
 20
831474.0
 10
269094.8
 20
832214.8
 10
269749.9
 20
832952.3
 10
270407.7
 20
833686.4
 10
271068.2
 20
834417.1
 10
271731.5
 20
835144.2
 10
272397.7
 20
835867.7
 10
273066.9
 20
836587.3
 10
273739.1
 20
837303.0
 10
274414.4
 20
838014.8
 10
275093.0
 20
838722.4
 10
275774.9
 20
839425.8
 10
276460.1
 20
840124.9
 10
277148.8
 20
840819.6
 10
277841.1
 20
841509.7
 10
278537.0
 20
842195.1
 10
279236.6
 20
842875.8
 10
279940.0
 20
843551.7
 10
280647.3
 20
844222.6
 10
281358.6
 20
844888.4
 10
282073.8
 20
845549.0
 10
282793.3
 20
846204.3
 10
283516.9
 20
846854.2
 10
284244.8
 20
847498.6
 10
284977.1
 20
848137.4
 10
285713.9
 20
848770.4
 10
286455.2
 20
849397.7
 10
287201.1
 20
850019.0
 10
287951.8
 20
850634.2
 10
288707.2
 20
851243.3
 10
289467.5
 20
851846.1
 10
290232.8
 20
852442.6
 10
291003.1
 20
853032.6
 10
291778.5
 20
853616.0
 10
292559.1
 20
854192.7
 10
293344.9
 20
854762.7
 10
294135.7
 20
855326.0
 10
294931.5
 20
855882.5
 10
295732.3
 20
856432.3
 10
296538.0
 20
856975.4
 10
297348.5
 20
857511.7
 10
298163.7
 20
858041.2
 10
298983.5
 20
858563.9
 10
299808.0
 20
859079.8
 10
300636.9
 20
859588.8
 10
301470.4
 20
860091.1
 10
302308.2
 20
860586.5
 10
303150.3
 20
861075.1
 10
303996.6
 20
861556.8
 10
304847.2
 20
862031.7
 10
305701.8
 20
862499.6
 10
306560.5
 20
862960.7
 10
307423.1
 20
863414.8
 10
308289.7
 20
863862.1
 10
309160.0
 20
864302.4
 10
310034.1
 20
864735.8
 10
310911.9
 20
865162.2
 10
311793.4
 20
865581.7
 10
312678.3
 20
865994.2
 10
313566.8
 20
866399.7
 10
314458.6
 20
866798.2
 10
315353.8
 20
867189.7
 10
316252.2
 20
867574.1
 10
317153.9
 20
867951.6
 10
318058.7
 20
868322.0
 10
318966.5
 20
868685.3
 10
319877.3
 20
869041.6
 10
320791.1
 20
869390.8
 10
321707.7
 20
869733.0
 10
322627.0
 20
870068.0
 10
323549.1
 20
870395.9
 10
324473.8
 20
870716.7
 10
325401.1
 20
871030.3
 10
326330.9
 20
871336.8
 10
327263.1
 20
871636.2
 10
328197.7
 20
871928.4
 10
329134.6
 20
872213.4
 10
330073.7
 20
872491.2
 10
331014.9
 20
872761.8
 10
331958.3
 20
873025.2
 10
332903.6
 20
873281.4
 10
333850.9
 20
873530.4
 10
334800.0
 20
873772.1
 10
335751.0
 20
874006.5
 10
336703.7
 20
874233.7
 10
337658.1
 20
874453.6
 10
338614.0
 20
874666.2
 10
339571.5
 20
874871.5
 10
340530.4
 20
875069.4
 10
341490.7
 20
875260.1
 10
342452.4
 20
875443.4
 10
343415.2
 20
875619.4
 10
344379.3
 20
875788.0
 10
345344.5
 20
875949.2
 10
346310.7
 20
876103.0
 10
347277.8
 20
876249.5
 10
348245.9
 20
876388.5
 10
349214.8
 20
876520.1
 10
350184.4
 20
876644.3
 10
351154.7
 20
876761.1
 10
352125.7
 20
876870.4
 10
353097.2
 20
876972.2
 10
354069.2
 20
877066.6
 10
355041.5
 20
877153.5
 10
356014.3
 20
877232.9
 10
356987.3
 20
877304.7
 10
357960.5
 20
877369.1
 10
358933.8
 20
877425.9
 10
359907.2
 20
877475.2
 10
360880.6
 20
877517.0
 10
361854.0
 20
877551.3
 10
362827.4
 20
877578.2
 10
363800.8
 20
877597.8
 10
364774.1
 20
877610.2
 10
365747.4
 20
877615.3
 10
366720.5
 20
877613.2
 10
367693.6
 20
877604.1
 10
368666.5
 20
877587.9
 10
369639.3
 20
877564.7
 10
370611.9
 20
877534.6
 10
371584.3
 20
877497.6
 10
372556.5
 20
877453.8
 10
373528.5
 20
877403.2
 10
374500.3
 20
877346.0
 10
375471.8
 20
877282.1
 10
376442.9
 20
877211.6
 10
377413.8
 20
877134.6
 10
378384.4
 20
877051.1
 10
379354.6
 20
876961.2
 10
380324.5
 20
876865.0
 10
381294.0
 20
876762.4
 10
382263.1
 20
876653.7
 10
383231.7
 20
876538.7
 10
384200.0
 20
876417.6
 10
385167.7
 20
876290.5
 10
386135.0
 20
876157.3
 10
387101.8
 20
876018.2
 10
388068.1
 20
875873.2
 10
389033.8
 20
875722.4
 10
389999.0
 20
875565.8
 10
390963.6
 20
875403.4
 10
391927.7
 20
875235.4
 10
392891.1
 20
875061.8
 10
393853.8
 20
874882.7
 10
394816.0
 20
874698.0
 10
395777.4
 20
874508.0
 10
396738.2
 20
874312.5
 10
397698.2
 20
874111.8
 10
398657.5
 20
873905.7
 10
399616.1
 20
873694.5
 10
400573.9
 20
873478.1
 10
401530.9
 20
873256.7
 10
402487.1
 20
873030.2
 10
403442.5
 20
872798.7
 10
404397.0
 20
872562.4
 10
405350.7
 20
872321.1
 10
406303.4
 20
872075.1
 10
407255.3
 20
871824.3
 10
408206.3
 20
871568.9
 10
409156.3
 20
871308.8
 10
410105.3
 20
871044.2
 10
411053.4
 20
870775.0
 10
412000.5
 20
870501.4
 10
412946.5
 20
870223.4
 10
413891.5
 20
869941.0
 10
414835.4
 20
869654.4
 10
415778.3
 20
869363.5
 10
416720.1
 20
869068.5
 10
417660.7
 20
868769.4
 10
418600.2
 20
868466.2
 10
419538.6
 20
868159.1
 10
420475.8
 20
867848.0
 10
421411.8
 20
867533.0
 10
422346.5
 20
867214.2
 10
423280.1
 20
866891.6
 10
424212.4
 20
866565.4
 10
425143.4
 20
866235.4
 10
426073.1
 20
865901.9
 10
427001.5
 20
865564.9
 10
427928.6
 20
865224.4
 10
428854.3
 20
864880.5
 10
429778.7
 20
864533.2
 10
430701.6
 20
864182.6
 10
431623.2
 20
863828.8
 10
432543.3
 20
863471.7
 10
433462.0
 20
863111.5
 10
434379.3
 20
862748.2
 10
435295.2
 20
862381.7
 10
436209.6
 20
862012.0
 10
437122.7
 20
861639.3
 10
438034.4
 20
861263.4
 10
438944.6
 20
860884.3
 10
439853.5
 20
860502.2
 10
440761.0
 20
860116.9
 10
441667.1
 20
859728.6
 10
442571.8
 20
859337.1
 10
443475.2
 20
858942.6
 10
444377.3
 20
858545.0
 10
445277.9
 20
858144.4
 10
446177.2
 20
857740.7
 10
447075.2
 20
857333.9
 10
447971.9
 20
856924.1
 10
448867.2
 20
856511.3
 10
449761.2
 20
856095.4
 10
450653.8
 20
855676.6
 10
451545.2
 20
855254.7
 10
452435.2
 20
854829.8
 10
453324.0
 20
854401.9
 10
454211.4
 20
853971.0
 10
455097.6
 20
853537.2
 10
455982.4
 20
853100.4
 10
456866.0
 20
852660.6
 10
457748.3
 20
852217.9
 10
458629.4
 20
851772.2
 10
459509.1
 20
851323.6
 10
460387.7
 20
850872.1
 10
461264.9
 20
850417.6
 10
462141.0
 20
849960.2
 10
463015.7
 20
849499.9
 10
463889.3
 20
849036.7
 10
464761.6
 20
848570.7
 10
465632.7
 20
848101.7
 10
466502.6
 20
847629.9
 10
467371.2
 20
847155.2
 10
468238.7
 20
846677.6
 10
469105.0
 20
846197.2
 10
469970.0
 20
845714.0
 10
470833.9
 20
845227.9
 10
471696.6
 20
844739.0
 10
472558.1
 20
844247.3
 10
473418.5
 20
843752.7
 10
474277.6
 20
843255.4
 10
475135.6
 20
842755.3
 10
475992.5
 20
842252.3
 10
476848.2
 20
841746.6
 10
477702.8
 20
841238.1
 10
478556.2
 20
840726.9
 10
479408.5
 20
840212.9
 10
480259.6
 20
839696.2
 10
481109.7
 20
839176.7
 10
481958.6
 20
838654.5
 10
482806.4
 20
838129.5
 10
483653.1
 20
837601.9
 10
484498.8
 20
837071.5
 10
485343.3
 20
836538.5
 10
486186.7
 20
836002.7
 10
487029.1
 20
835464.3
 10
487870.3
 20
834923.2
 10
488710.5
 20
834379.4
 10
489549.7
 20
833833.0
 10
490387.8
 20
833283.9
 10
491224.8
 20
832732.1
 10
492060.8
 20
832177.8
 10
492895.7
 20
831620.8
 10
493729.6
 20
831061.1
 10
494562.5
 20
830498.9
 10
495394.3
 20
829934.1
 10
496225.1
 20
829366.6
 10
497054.9
 20
828796.6
  0
TEXT
  5
42
330
17
100
AcDbEntity
  8
ISO_LABELS
100
AcDbText
 10
-66521.4
 20
584583.2
 30
0.0
 40
6000.0
  1
27
 72
1
 11
-66521.4
 21
584583.2
 31
0.0
100
AcDbText
 73
2
  0
LWPOLYLINE
  5
43
330
17
100
AcDbEntity
  8
ISO_WHOLE
100
AcDbPolyline
 90
896
 70
0
 10
-205925.3
 20
526999.4
 10
-204859.0
 20
527366.9
 10
-203813.5
 20
527752.3
 10
-202788.6
 20
528155.5
 10
-201783.7
 20
528575.9
 10
-200798.5
 20
529013.2
 10
-199832.5
 20
529467.1
 10
-198885.3
 20
529937.3
 10
-197956.5
 20
530423.4
 10
-197045.6
 20
530925.0
 10
-196152.3
 20
531441.7
 10
-195276.2
 20
531973.4
 10
-194416.8
 20
532519.5
 10
-193573.7
 20
533079.7
 10
-192746.5
 20
533653.8
 10
-191934.7
 20
534241.3
 10
-191138.0
 20
534841.9
 10
-190355.9
 20
535455.2
 10
-189588.1
 20
536080.9
 10
-188834.1
 20
536718.7
 10
-188093.4
 20
537368.1
 10
-187365.7
 20
538028.9
 10
-186650.6
 20
538700.7
 10
-185947.6
 20
539383.1
 10
-185256.3
 20
540075.8
 10
-184576.3
 20
540778.5
 10
-183907.2
 20
541490.7
 10
-183248.6
 20
542212.2
 10
-182600.0
 20
542942.6
 10
-181961.0
 20
543681.6
 10
-181331.3
 20
544428.7
 10
-180710.3
 20
545183.7
 10
-180097.7
 20
545946.1
 10
-179493.1
 20
546715.7
 10
-178896.0
 20
547492.2
 10
-178306.1
 20
548275.0
 10
-177722.8
 20
549064.0
 10
-177145.9
 20
549858.7
 10
-176574.8
 20
550658.8
 10
-176009.2
 20
551463.9
 10
-175448.6
 20
552273.7
 10
-174892.7
 20
553087.9
 10
-174340.9
 20
553906.1
 10
-173793.0
 20
554727.9
 10
-173248.4
 20
555553.1
 10
-172706.8
 20
556381.1
 10
-172167.7
 20
557211.8
 10
-171630.7
 20
558044.7
 10
-171095.4
 20
558879.6
 10
-170561.4
 20
559715.9
 10
-170028.3
 20
560553.5
 10
-169495.7
 20
561391.9
 10
-168963.0
 20
562230.8
 10
-168430.0
 20
563069.9
 10
-167896.2
 20
563908.8
 10
-167361.2
 20
564747.1
 10
-166824.5
 20
565584.5
 10
-166285.8
 20
566420.7
 10
-165744.7
 20
567255.3
 10
-165201.1
 20
568088.4
 10
-164655.1
 20
568919.7
 10
-164106.6
 20
569749.3
 10
-163555.5
 20
570577.0
 10
-163001.9
 20
571402.9
 10
-162445.7
 20
572226.8
 10
-161886.9
 20
573048.7
 10
-161325.4
 20
573868.6
 10
-160761.3
 20
574686.3
 10
-160194.5
 20
575501.8
 10
-159624.9
 20
576315.0
 10
-159052.6
 20
577125.9
 10
-158477.5
 20
577934.4
 10
-157899.7
 20
578740.5
 10
-157318.9
 20
579544.0
 10
-156735.3
 20
580344.9
 10
-156148.9
 20
581143.2
 10
-155559.5
 20
581938.8
 10
-154967.1
 20
582731.6
 10
-154371.8
 20
583521.5
 10
-153773.4
 20
584308.6
 10
-153172.1
 20
585092.6
 10
-152567.7
 20
585873.7
 10
-151960.2
 20
586651.6
 10
-151349.5
 20
587426.4
 10
-150735.8
 20
588197.9
 10
-150118.9
 20
588966.2
 10
-149498.7
 20
589731.1
 10
-148875.4
 20
590492.6
 10
-148248.8
 20
591250.6
 10
-147618.9
 20
592005.0
 10
-146985.7
 20
592755.9
 10
-146349.1
 20
593503.0
 10
-145709.2
 20
594246.5
 10
-145065.9
 20
594986.1
 10
-144419.2
 20
595721.8
 10
-143769.1
 20
596453.6
 10
-143115.4
 20
597181.5
 10
-142458.3
 20
597905.2
 10
-141797.6
 20
598624.9
 10
-141133.4
 20
599340.3
 10
-140465.6
 20
600051.5
 10
-139794.2
 20
600758.4
 10
-139119.1
 20
601460.9
 10
-138440.3
 20
602159.0
 10
-137757.9
 20
602852.5
 10
-137071.7
 20
603541.5
 10
-136381.8
 20
604225.8
 10
-135688.1
 20
604905.5
 10
-134990.6
 20
605580.3
 10
-134289.3
 20
606250.4
 10
-133584.0
 20
606915.5
 10
-132874.9
 20
607575.7
 10
-132161.9
 20
608230.9
 10
-131444.9
 20
608881.0
 10
-130724.0
 20
609526.0
 10
-129999.2
 20
610165.9
 10
-129270.5
 20
610800.8
 10
-128537.9
 20
611430.6
 10
-127801.5
 20
612055.4
 10
-127061.3
 20
612675.3
 10
-126317.4
 20
613290.1
 10
-125569.7
 20
613900.1
 10
-124818.4
 20
614505.1
 10
-124063.3
 20
615105.3
 10
-123304.6
 20
615700.6
 10
-122542.4
 20
616291.1
 10
-121776.5
 20
616876.7
 10
-121007.1
 20
617457.6
 10
-120234.2
 20
618033.7
 10
-119457.8
 20
618605.1
 10
-118677.9
 20
619171.7
 10
-117894.6
 20
619733.7
 10
-117107.9
 20
620291.0
 10
-116317.9
 20
620843.6
 10
-115524.5
 20
621391.7
 10
-114727.9
 20
621935.1
 10
-113927.9
 20
622474.0
 10
-113124.7
 20
623008.3
 10
-112318.4
 20
623538.1
 10
-111508.8
 20
624063.5
 10
-110696.1
 20
624584.3
 10
-109880.3
 20
625100.7
 10
-109061.4
 20
625612.7
 10
-108239.4
 20
626120.3
 10
-107414.4
 20
626623.5
 10
-106586.4
 20
627122.3
 10
-105755.5
 20
627616.8
 10
-104921.6
 20
628107.1
 10
-104084.8
 20
628593.0
 10
-103245.2
 20
629074.7
 10
-102402.7
 20
629552.2
 10
-101557.4
 20
630025.4
 10
-100709.3
 20
630494.5
 10
-99858.5
 20
630959.5
 10
-99005.0
 20
631420.2
 10
-98148.7
 20
631876.9
 10
-97289.9
 20
632329.5
 10
-96428.4
 20
632778.1
 10
-95564.3
 20
633222.6
 10
-94697.6
 20
633663.1
 10
-93828.4
 20
634099.6
 10
-92956.7
 20
634532.2
 10
-92082.6
 20
634960.8
 10
-91205.9
 20
635385.5
 10
-90326.9
 20
635806.3
 10
-89445.5
 20
636223.3
 10
-88561.8
 20
636636.4
 10
-87675.7
 20
637045.7
 10
-86787.4
 20
637451.2
 10
-85896.8
 20
637852.9
 10
-85004.0
 20
638250.9
 10
-84108.9
 20
638645.2
 10
-83211.8
 20
639035.7
 10
-82312.4
 20
639422.6
 10
-81411.0
 20
639805.9
 10
-80507.5
 20
640185.6
 10
-79602.0
 20
640561.6
 10
-78694.4
 20
640934.1
 10
-77784.9
 20
641303.0
 10
-76873.4
 20
641668.4
 10
-75960.0
 20
642030.3
 10
-75044.8
 20
642388.7
 10
-74127.6
 20
642743.7
 10
-73208.7
 20
643095.2
 10
-72287.9
 20
643443.3
 10
-71365.4
 20
643788.1
 10
-70441.1
 20
644129.5
 10
-69515.2
 20
644467.6
 10
-68587.5
 20
644802.3
 10
-67658.3
 20
645133.8
 10
-66727.4
 20
645462.0
 10
-65794.9
 20
645787.0
 10
-64860.9
 20
646108.8
 10
-63925.4
 20
646427.4
 10
-62988.3
 20
646742.8
 10
-62049.9
 20
647055.1
 10
-61110.0
 20
647364.3
 10
-60168.6
 20
647670.4
 10
-59226.0
 20
647973.5
 10
-58282.0
 20
648273.4
 10
-57336.7
 20
648570.4
 10
-56390.1
 20
648864.4
 10
-55442.3
 20
649155.4
 10
-54493.2
 20
649443.5
 10
-53543.0
 20
649728.7
 10
-52591.6
 20
650011.0
 10
-51639.2
 20
650290.4
 10
-50685.6
 20
650566.9
 10
-49730.9
 20
650840.6
 10
-48775.3
 20
651111.6
 10
-47818.6
 20
651379.8
 10
-46861.0
 20
651645.2
 10
-45902.4
 20
651907.9
 10
-44943.0
 20
652167.9
 10
-43982.6
 20
652425.2
 10
-43021.4
 20
652679.8
 10
-42059.5
 20
652931.9
 10
-41096.7
 20
653181.3
 10
-40133.1
 20
653428.2
 10
-39168.9
 20
653672.5
 10
-38204.0
 20
653914.3
 10
-37238.4
 20
654153.5
 10
-36272.1
 20
654390.3
 10
-35305.3
 20
654624.7
 10
-34337.9
 20
654856.6
 10
-33369.8
 20
655086.2
 10
-32401.2
 20
655313.4
 10
-31432.1
 20
655538.4
 10
-30462.3
 20
655761.2
 10
-29492.1
 20
655981.7
 10
-28521.3
 20
656200.2
 10
-27549.9
 20
656416.5
 10
-26578.1
 20
656630.7
 10
-25605.7
 20
656842.9
 10
-24632.9
 20
657053.2
 10
-23659.5
 20
657261.5
 10
-22685.7
 20
657467.9
 10
-21711.4
 20
657672.5
 10
-20736.7
 20
657875.3
 10
-19761.5
 20
658076.3
 10
-18785.9
 20
658275.6
 10
-17809.8
 20
658473.2
 10
-16833.4
 20
658669.2
 10
-15856.5
 20
658863.6
 10
-14879.3
 20
659056.4
 10
-13901.6
 20
659247.8
 10
-12923.6
 20
659437.7
 10
-11945.2
 20
659626.1
 10
-10966.5
 20
659813.2
 10
-9987.4
 20
659999.0
 10
-9008.0
 20
660183.4
 10
-8028.3
 20
660366.6
 10
-7048.3
 20
660548.6
 10
-6067.9
 20
660729.5
 10
-5087.3
 20
660909.2
 10
-4106.4
 20
661087.9
 10
-3125.2
 20
661265.5
 10
-2143.7
 20
661442.1
 10
-1162.0
 20
661617.8
 10
-180.1
 20
661792.6
 10
802.1
 20
661966.5
 10
1784.5
 20
662139.6
 10
2767.1
 20
662311.9
 10
3749.9
 20
662483.5
 10
4732.9
 20
662654.3
 10
5716.1
 20
662824.6
 10
6699.5
 20
662994.2
 10
7683.0
 20
663163.3
 10
8666.7
 20
663331.9
 10
9650.5
 20
663499.9
 10
10634.4
 20
663667.6
 10
11618.4
 20
663834.8
 10
12602.6
 20
664001.8
 10
13586.9
 20
664168.4
 10
14571.2
 20
664334.7
 10
15555.6
 20
664500.8
 10
16540.1
 20
664666.8
 10
17524.7
 20
664832.6
 10
18509.3
 20
664998.3
 10
19493.9
 20
665164.0
 10
20478.6
 20
665329.6
 10
21463.3
 20
665495.3
 10
22448.0
 20
665661.1
 10
23432.7
 20
665827.0
 10
24417.3
 20
665993.1
 10
25402.0
 20
666159.4
 10
26386.6
 20
666325.9
 10
27371.2
 20
666492.8
 10
28355.7
 20
666659.9
 10
29340.1
 20
666827.5
 10
30324.5
 20
666995.5
 10
31308.8
 20
667163.9
 10
32293.0
 20
667332.8
 10
33277.1
 20
667502.3
 10
34261.1
 20
667672.4
 10
35245.0
 20
667843.2
 10
36228.7
 20
668014.6
 10
37212.3
 20
668186.7
 10
38195.7
 20
668359.6
 10
39178.9
 20
668533.3
 10
40162.0
 20
668707.9
 10
41144.9
 20
668883.3
 10
42127.6
 20
669059.7
 10
43110.1
 20
669237.1
 10
44092.4
 20
669415.5
 10
45074.4
 20
669595.0
 10
46056.2
 20
669775.5
 10
47037.8
 20
669957.2
 10
48019.1
 20
670140.2
 10
49000.1
 20
670324.3
 10
49980.9
 20
670509.7
 10
50961.4
 20
670696.5
 10
51941.5
 20
670884.6
 10
52921.4
 20
671074.2
 10
53900.9
 20
671265.1
 10
54880.2
 20
671457.6
 10
55859.0
 20
671651.6
 10
56837.6
 20
671847.2
 10
57815.7
 20
672044.4
 10
58793.5
 20
672243.3
 10
59770.9
 20
672443.9
 10
60748.0
 20
672646.3
 10
61724.6
 20
672850.4
 10
62700.8
 20
673056.4
 10
63676.6
 20
673264.2
 10
64652.0
 20
673474.0
 10
65626.9
 20
673685.8
 10
66601.4
 20
673899.5
 10
67575.4
 20
674115.3
 10
68548.9
 20
674333.2
 10
69522.0
 20
674553.2
 10
70494.6
 20
674775.5
 10
71466.6
 20
674999.9
 10
72438.2
 20
675226.6
 10
73409.2
 20
675455.6
 10
74379.7
 20
675687.0
 10
75349.7
 20
675920.7
 10
76319.0
 20
676156.9
 10
77287.7
 20
676395.9
 10
78255.3
 20
676637.9
 10
79221.7
 20
676883.5
 10
80186.5
 20
677133.1
 10
81149.4
 20
677387.0
 10
82110.3
 20
677645.7
 10
83068.7
 20
677909.5
 10
84024.5
 20
678179.0
 10
84977.4
 20
678454.4
 10
85927.1
 20
678736.2
 10
86873.3
 20
679024.8
 10
87815.8
 20
679320.7
 10
88754.2
 20
679624.1
 10
89688.3
 20
679935.6
 10
90617.9
 20
680255.5
 10
91542.6
 20
680584.3
 10
92462.2
 20
680922.3
 10
93376.4
 20
681270.0
 10
94285.0
 20
681627.8
 10
95187.6
 20
681996.0
 10
96083.9
 20
682375.1
 10
96973.8
 20
682765.5
 10
97857.0
 20
683167.7
 10
98733.1
 20
683581.9
 10
99601.9
 20
684008.6
 10
100463.1
 20
684448.3
 10
101316.5
 20
684901.3
 10
102161.7
 20
685368.1
 10
102998.7
 20
685848.6
 10
103827.8
 20
686342.6
 10
104649.0
 20
686849.9
 10
105462.6
 20
687369.9
 10
106268.7
 20
687902.5
 10
107067.5
 20
688447.4
 10
107859.2
 20
689004.1
 10
108644.0
 20
689572.5
 10
109422.1
 20
690152.1
 10
110193.6
 20
690742.7
 10
110958.7
 20
691343.9
 10
111717.7
 20
691955.4
 10
112470.6
 20
692576.9
 10
113217.7
 20
693208.1
 10
113959.2
 20
693848.7
 10
114695.2
 20
694498.3
 10
115425.9
 20
695156.6
 10
116151.5
 20
695823.3
 10
116872.2
 20
696498.1
 10
117588.1
 20
697180.7
 10
118299.5
 20
697870.8
 10
119006.5
 20
698568.0
 10
119709.4
 20
699272.0
 10
120408.2
 20
699982.5
 10
121103.2
 20
700699.1
 10
121794.5
 20
701421.7
 10
122482.4
 20
702149.8
 10
123167.0
 20
702883.1
 10
123848.5
 20
703621.3
 10
124527.0
 20
704364.1
 10
125202.7
 20
705111.3
 10
125875.4
 20
705862.7
 10
126545.3
 20
706618.0
 10
127212.3
 20
707377.1
 10
127876.5
 20
708139.7
 10
128537.7
 20
708905.6
 10
129196.1
 20
709674.7
 10
129851.7
 20
710446.7
 10
130504.4
 20
711221.4
 10
131154.2
 20
711998.6
 10
131801.2
 20
712778.1
 10
132445.4
 20
713559.7
 10
133086.7
 20
714343.2
 10
133725.2
 20
715128.4
 10
134360.8
 20
715915.0
 10
134993.5
 20
716703.2
 10
135623.0
 20
717492.9
 10
136249.2
 20
718284.3
 10
136871.9
 20
719077.3
 10
137490.9
 20
719872.0
 10
138106.0
 20
720668.4
 10
138717.2
 20
721466.7
 10
139324.1
 20
722266.9
 10
139926.7
 20
723068.9
 10
140524.7
 20
723873.0
 10
141118.0
 20
724679.0
 10
141706.5
 20
725487.2
 10
142289.8
 20
726297.4
 10
142867.9
 20
727109.8
 10
143440.7
 20
727924.5
 10
144008.0
 20
728741.4
 10
144570.0
 20
729560.6
 10
145126.6
 20
730382.1
 10
145677.8
 20
731205.9
 10
146223.6
 20
732032.1
 10
146764.1
 20
732860.7
 10
147299.3
 20
733691.6
 10
147829.1
 20
734525.0
 10
148353.7
 20
735360.8
 10
148872.9
 20
736199.1
 10
149386.9
 20
737039.8
 10
149895.6
 20
737883.1
 10
150399.0
 20
738729.0
 10
150897.2
 20
739577.3
 10
151390.1
 20
740428.3
 10
151877.9
 20
741281.9
 10
152360.4
 20
742138.1
 10
152837.7
 20
742997.0
 10
153309.8
 20
743858.6
 10
153776.8
 20
744722.8
 10
154238.6
 20
745589.8
 10
154695.3
 20
746459.6
 10
155146.8
 20
747332.1
 10
155593.2
 20
748207.4
 10
156034.5
 20
749085.5
 10
156470.7
 20
749966.5
 10
156902.0
 20
750850.2
 10
157328.5
 20
751736.5
 10
157750.4
 20
752625.4
 10
158167.8
 20
753516.7
 10
158580.9
 20
754410.3
 10
158989.9
 20
755306.1
 10
159394.9
 20
756204.1
 10
159796.1
 20
757104.0
 10
160193.6
 20
758005.8
 10
160587.6
 20
758909.4
 10
160978.3
 20
759814.7
 10
161365.8
 20
760721.6
 10
161750.3
 20
761630.0
 10
162131.9
 20
762539.7
 10
162510.9
 20
763450.7
 10
162887.2
 20
764362.8
 10
163261.2
 20
765276.0
 10
163633.0
 20
766190.1
 10
164002.7
 20
767105.1
 10
164370.5
 20
768020.8
 10
164736.6
 20
768937.2
 10
165101.1
 20
769854.0
 10
165464.1
 20
770771.3
 10
165825.9
 20
771688.9
 10
166186.6
 20
772606.7
 10
166546.4
 20
773524.6
 10
166905.3
 20
774442.5
 10
167263.7
 20
775360.3
 10
167621.6
 20
776277.9
 10
167979.1
 20
777195.1
 10
168336.5
 20
778112.0
 10
168694.0
 20
779028.3
 10
169051.6
 20
779943.9
 10
169409.5
 20
780858.9
 10
169768.0
 20
781772.9
 10
170127.1
 20
782686.1
 10
170487.0
 20
783598.1
 10
170847.8
 20
784509.0
 10
171209.8
 20
785418.6
 10
171573.1
 20
786326.9
 10
171937.9
 20
787233.7
 10
172304.2
 20
788138.8
 10
172672.4
 20
789042.3
 10
173042.4
 20
789944.0
 10
173414.6
 20
790843.8
 10
173789.0
 20
791741.6
 10
174165.8
 20
792637.3
 10
174545.2
 20
793530.7
 10
174927.3
 20
794421.8
 10
175312.3
 20
795310.5
 10
175700.3
 20
796196.7
 10
176091.6
 20
797080.2
 10
176486.2
 20
797961.0
 10
176884.3
 20
798838.9
 10
177286.2
 20
799713.8
 10
177691.9
 20
800585.7
 10
178101.6
 20
801454.5
 10
178515.4
 20
802319.9
 10
178933.3
 20
803182.2
 10
179355.4
 20
804041.4
 10
179781.4
 20
804897.5
 10
180211.4
 20
805750.6
 10
180645.4
 20
806600.8
 10
181083.2
 20
807448.3
 10
181524.7
 20
808293.0
 10
181970.1
 20
809135.1
 10
182419.1
 20
809974.6
 10
182871.8
 20
810811.6
 10
183328.1
 20
811646.3
 10
183787.9
 20
812478.6
 10
184251.2
 20
813308.7
 10
184717.9
 20
814136.6
 10
185188.0
 20
814962.5
 10
185661.4
 20
815786.3
 10
186138.1
 20
816608.2
 10
186618.0
 20
817428.3
 10
187101.0
 20
818246.7
 10
187587.2
 20
819063.3
 10
188076.4
 20
819878.4
 10
188568.6
 20
820691.9
 10
189063.8
 20
821504.1
 10
189561.8
 20
822314.8
 10
190062.7
 20
823124.3
 10
190566.4
 20
823932.6
 10
191072.8
 20
824739.8
 10
191581.9
 20
825546.0
 10
192093.6
 20
826351.2
 10
192607.8
 20
827155.5
 10
193124.6
 20
827959.1
 10
193643.9
 20
828761.9
 10
194165.5
 20
829564.2
 10
194689.5
 20
830365.8
 10
195215.8
 20
831167.0
 10
195744.4
 20
831967.8
 10
196275.2
 20
832768.4
 10
196808.1
 20
833568.6
 10
197343.0
 20
834368.8
 10
197880.0
 20
835168.9
 10
198419.0
 20
835969.0
 10
198960.0
 20
836769.2
 10
199502.7
 20
837569.5
 10
200047.3
 20
838370.2
 10
200593.7
 20
839171.1
 10
201141.8
 20
839972.5
 10
201691.5
 20
840774.4
 10
202242.9
 20
841576.9
 10
202795.8
 20
842380.0
 10
203350.1
 20
843183.9
 10
203906.0
 20
843988.6
 10
204463.2
 20
844794.2
 10
205021.7
 20
845600.8
 10
205581.6
 20
846408.4
 10
206142.6
 20
847217.2
 10
206704.9
 20
848027.0
 10
207268.5
 20
848837.8
 10
207833.3
 20
849649.3
 10
208399.3
 20
850461.5
 10
208966.7
 20
851274.3
 10
209535.4
 20
852087.5
 10
210105.3
 20
852901.1
 10
210676.6
 20
853714.8
 10
211249.3
 20
854528.6
 10
211823.3
 20
855342.4
 10
212398.6
 20
856156.0
 10
212975.4
 20
856969.3
 10
213553.5
 20
857782.2
 10
214133.0
 20
858594.6
 10
214714.0
 20
859406.3
 10
215296.4
 20
860217.3
 10
215880.2
 20
861027.3
 10
216465.5
 20
861836.4
 10
217052.2
 20
862644.3
 10
217640.4
 20
863450.9
 10
218230.2
 20
864256.2
 10
218821.4
 20
865060.0
 10
219414.2
 20
865862.2
 10
220008.5
 20
866662.6
 10
220604.3
 20
867461.2
 10
221201.8
 20
868257.8
 10
221800.7
 20
869052.3
 10
222401.3
 20
869844.5
 10
223003.5
 20
870634.5
 10
223607.3
 20
871421.9
 10
224212.7
 20
872206.8
 10
224819.8
 20
872988.9
 10
225428.5
 20
873768.3
 10
226038.9
 20
874544.7
 10
226651.0
 20
875318.0
 10
227264.8
 20
876088.1
 10
227880.2
 20
876854.9
 10
228497.4
 20
877618.3
 10
229116.4
 20
878378.1
 10
229737.0
 20
879134.3
 10
230359.5
 20
879886.6
 10
230983.7
 20
880635.0
 10
231609.7
 20
881379.4
 10
232237.5
 20
882119.7
 10
232867.1
 20
882855.6
 10
233498.5
 20
883587.2
 10
234131.8
 20
884314.2
 10
234766.9
 20
885036.6
 10
235403.9
 20
885754.2
 10
236042.8
 20
886467.0
 10
236683.6
 20
887174.7
 10
237326.2
 20
887877.3
 10
237970.8
 20
888574.7
 10
238617.4
 20
889266.7
 10
239265.8
 20
889953.2
 10
239916.2
 20
890634.1
 10
240568.6
 20
891309.2
 10
241223.2
 20
891978.7
 10
241880.0
 20
892642.5
 10
242539.5
 20
893300.8
 10
243201.8
 20
893953.8
 10
243867.2
 20
894601.4
 10
244535.9
 20
895243.9
 10
245208.1
 20
895881.3
 10
245884.1
 20
896513.7
 10
246564.1
 20
897141.3
 10
247248.4
 20
897764.1
 10
247937.2
 20
898382.3
 10
248630.7
 20
898995.9
 10
249329.2
 20
899605.1
 10
250032.9
 20
900210.0
 10
250742.0
 20
900810.6
 10
251456.9
 20
901407.2
 10
252177.6
 20
901999.8
 10
252904.5
 20
902588.4
 10
253637.8
 20
903173.3
 10
254377.8
 20
903754.5
 10
255124.6
 20
904332.1
 10
255878.5
 20
904906.3
 10
256639.8
 20
905477.1
 10
257408.7
 20
906044.7
 10
258185.4
 20
906609.1
 10
258970.2
 20
907170.5
 10
259763.1
 20
907728.9
 10
260564.1
 20
908284.1
 10
261372.9
 20
908835.9
 10
262189.1
 20
909384.1
 10
263012.6
 20
909928.4
 10
263843.1
 20
910468.6
 10
264680.3
 20
911004.4
 10
265524.0
 20
911535.7
 10
266373.9
 20
912062.1
 10
267229.7
 20
912583.5
 10
268091.2
 20
913099.7
 10
268958.1
 20
913610.3
 10
269830.2
 20
914115.1
 10
270707.2
 20
914614.0
 10
271588.9
 20
915106.7
 10
272474.9
 20
915593.0
 10
273365.1
 20
916072.5
 10
274259.1
 20
916545.2
 10
275156.8
 20
917010.6
 10
276057.8
 20
917468.8
 10
276961.9
 20
917919.3
 10
277868.8
 20
918361.9
 10
278778.3
 20
918796.5
 10
279690.2
 20
919222.7
 10
280604.1
 20
919640.4
 10
281519.8
 20
920049.4
 10
282437.2
 20
920449.6
 10
283356.4
 20
920841.2
 10
284277.3
 20
921224.2
 10
285199.9
 20
921598.8
 10
286124.1
 20
921965.0
 10
287050.0
 20
922322.9
 10
287977.5
 20
922672.6
 10
288906.7
 20
923014.1
 10
289837.4
 20
923347.7
 10
290769.7
 20
923673.3
 10
291703.5
 20
923991.1
 10
292638.9
 20
924301.1
 10
293575.8
 20
924603.5
 10
294514.2
 20
924898.3
 10
295454.0
 20
925185.6
 10
296395.4
 20
925465.4
 10
297338.1
 20
925738.0
 10
298282.3
 20
926003.4
 10
299227.8
 20
926261.6
 10
300174.7
 20
926512.8
 10
301123.0
 20
926757.0
 10
302072.6
 20
926994.4
 10
303023.6
 20
927224.9
 10
303975.8
 20
927448.8
 10
304929.3
 20
927666.1
 10
305884.1
 20
927876.9
 10
306840.1
 20
928081.2
 10
307797.3
 20
928279.3
 10
308755.7
 20
928471.0
 10
309715.3
 20
928656.7
 10
310676.1
 20
928836.2
 10
311638.0
 20
929009.8
 10
312601.0
 20
929177.5
 10
313565.1
 20
929339.4
 10
314530.3
 20
929495.5
 10
315496.6
 20
929646.1
 10
316463.9
 20
929791.1
 10
317432.2
 20
929930.7
 10
318401.5
 20
930064.9
 10
319371.9
 20
930193.9
 10
320343.1
 20
930317.7
 10
321315.4
 20
930436.3
 10
322288.5
 20
930550.0
 10
323262.6
 20
930658.8
 10
324237.5
 20
930762.8
 10
325213.3
 20
930862.0
 10
326189.9
 20
930956.6
 10
327167.4
 20
931046.6
 10
328145.7
 20
931132.2
 10
329124.8
 20
931213.4
 10
330104.6
 20
931290.2
 10
331085.2
 20
931362.9
 10
332066.5
 20
931431.5
 10
333048.5
 20
931496.1
 10
334031.2
 20
931556.7
 10
335014.6
 20
931613.5
 10
335998.6
 20
931666.5
 10
336983.3
 20
931715.9
 10
337968.6
 20
931761.7
 10
338954.4
 20
931804.0
 10
339940.9
 20
931842.9
 10
340927.9
 20
931878.5
 10
341915.4
 20
931910.9
 10
342903.4
 20
931940.1
 10
343891.9
 20
931966.3
 10
344880.9
 20
931989.5
 10
345870.4
 20
932009.9
 10
346860.3
 20
932027.5
 10
347850.6
 20
932042.4
 10
348841.3
 20
932054.7
 10
349832.4
 20
932064.5
 10
350823.8
 20
932071.9
 10
351815.6
 20
932076.9
 10
352807.7
 20
932079.7
 10
353800.1
 20
932080.4
 10
354792.7
 20
932078.9
 10
355785.6
 20
932075.5
 10
356778.8
 20
932070.3
 10
357772.2
 20
932063.2
 10
358765.8
 20
932054.4
 10
359759.5
 20
932044.0
 10
360753.4
 20
932032.0
 10
361747.5
 20
932018.6
 10
362741.7
 20
932003.9
 10
363736.0
 20
931987.9
 10
364730.3
 20
931970.7
 10
365724.8
 20
931952.4
 10
366719.2
 20
931933.1
 10
367713.7
 20
931913.0
 10
368708.2
 20
931891.9
 10
369702.7
 20
931870.2
 10
370697.2
 20
931847.8
 10
371691.6
 20
931824.9
 10
372685.9
 20
931801.5
 10
373680.1
 20
931777.7
 10
374674.2
 20
931753.7
 10
375668.2
 20
931729.4
 10
376662.0
 20
931705.0
 10
377655.7
 20
931680.6
 10
378649.1
 20
931656.3
 10
379642.4
 20
931632.1
 10
380635.4
 20
931608.2
 10
381628.2
 20
931584.6
 10
382620.7
 20
931561.5
 10
383612.9
 20
931538.8
 10
384604.8
 20
931516.8
 10
385596.4
 20
931495.4
 10
386587.6
 20
931474.8
 10
387578.4
 20
931455.1
 10
388568.9
 20
931436.4
 10
389559.0
 20
931418.7
 10
390548.6
 20
931402.0
 10
391537.8
 20
931386.4
 10
392526.6
 20
931371.6
 10
393515.0
 20
931357.7
 10
394502.9
 20
931344.6
 10
395490.5
 20
931332.1
 10
396477.6
 20
931320.1
 10
397464.3
 20
931308.7
 10
398450.6
 20
931297.7
 10
399436.5
 20
931287.0
 10
400422.0
 20
931276.5
 10
401407.0
 20
931266.2
 10
402391.6
 20
931256.0
 10
403375.8
 20
931245.8
 10
404359.6
 20
931235.5
 10
405343.0
 20
931225.0
 10
406326.0
 20
931214.3
 10
407308.5
 20
931203.2
 10
408290.7
 20
931191.7
 10
409272.4
 20
931179.7
 10
410253.7
 20
931167.2
 10
411234.6
 20
931153.9
 10
412215.1
 20
931140.0
 10
413195.2
 20
931125.1
 10
414174.9
 20
931109.4
 10
415154.2
 20
931092.7
 10
416133.0
 20
931074.8
 10
417111.4
 20
931055.8
 10
418089.5
 20
931035.6
 10
419067.1
 20
931014.0
 10
420044.3
 20
930991.0
 10
421021.1
 20
930966.6
 10
421997.5
 20
930940.5
 10
422973.5
 20
930912.8
 10
423949.1
 20
930883.3
 10
424924.3
 20
930852.0
 10
425899.1
 20
930818.8
 10
426873.4
 20
930783.6
 10
427847.4
 20
930746.3
 10
428821.0
 20
930706.8
 10
429794.1
 20
930665.1
 10
430766.9
 20
930621.1
 10
431739.2
 20
930574.6
 10
432711.1
 20
930525.7
 10
433682.7
 20
930474.2
 10
434653.8
 20
930420.0
 10
435624.6
 20
930363.1
 10
436594.9
 20
930303.4
 10
437564.8
 20
930240.7
 10
438534.4
 20
930175.1
 10
439503.5
 20
930106.3
 10
440472.2
 20
930034.5
 10
441440.5
 20
929959.3
 10
442408.5
 20
929880.9
 10
443376.0
 20
929799.0
 10
444343.1
 20
929713.7
 10
445309.9
 20
929624.8
 10
446276.2
 20
929532.2
 10
447242.1
 20
929435.9
 10
448207.7
 20
929335.8
 10
449172.8
 20
929231.7
 10
450137.6
 20
929123.7
 10
451101.9
 20
929011.6
 10
452065.9
 20
928895.4
 10
453029.5
 20
928774.9
 10
453992.6
 20
928650.1
 10
454955.4
 20
928520.8
 10
455917.8
 20
928387.1
 10
456879.8
 20
928248.9
 10
457841.3
 20
928105.9
 10
458802.5
 20
927958.3
 10
459763.4
 20
927805.8
 10
460723.8
 20
927648.4
 10
461683.8
 20
927486.1
 10
462643.4
 20
927318.6
 10
463602.7
 20
927146.1
 10
464561.5
 20
926968.2
 10
465520.0
 20
926785.1
 10
466478.0
 20
926596.6
 10
467435.7
 20
926402.6
 10
468393.0
 20
926203.0
 10
469349.9
 20
925997.8
 10
470306.4
 20
925786.8
 10
471262.6
 20
925570.0
 10
472218.3
 20
925347.4
 10
473173.6
 20
925118.7
 10
474128.6
 20
924884.0
 10
475083.2
 20
924643.1
 10
476037.4
 20
924396.0
 10
476991.2
 20
924142.6
 10
477944.6
 20
923882.8
 10
478897.7
 20
923616.5
 10
479850.3
 20
923343.7
 10
480802.6
 20
923064.2
 10
481754.5
 20
922778.0
 10
482706.0
 20
922485.0
 10
483657.1
 20
922185.1
 10
484607.8
 20
921878.2
 10
485558.2
 20
921564.2
 10
486508.2
 20
921243.1
 10
487457.8
 20
920914.8
 10
488407.0
 20
920579.2
 10
489355.8
 20
920236.1
 10
490304.2
 20
919885.6
 10
491252.3
 20
919527.6
 10
492200.0
 20
919161.9
 10
493147.3
 20
918788.5
 10
494094.3
 20
918407.2
 10
495040.8
 20
918018.1
 10
495987.0
 20
917621.0
 10
496932.8
 20
917215.9
  0
TEXT
  5
44
330
17
100
AcDbEntity
  8
ISO_LABELS
100
AcDbText
 10
110958.7
 20
691343.9
 30
0.0
 40
6000.0
  1
28
 72
1
 11
110958.7
 21
691343.9
 31
0.0
100
AcDbText
 73
2
  0
LWPOLYLINE
  5
45
330
17
100
AcDbEntity
  8
ISO_WHOLE
100
AcDbPolyline
 90
66
 70
0
 10
-201665.5
 20
252788.0
 10
-201731.3
 20
251787.5
 10
-201795.9
 20
250783.9
 10
-201859.1
 20
249777.4
 10
-201920.4
 20
248768.3
 10
-201979.8
 20
247756.6
 10
-202036.8
 20
246742.5
 10
-202091.3
 20
245726.3
 10
-202142.8
 20
244708.0
 10
-202191.2
 20
243687.8
 10
-202236.1
 20
242666.0
 10
-202277.2
 20
241642.6
 10
-202314.4
 20
240617.8
 10
-202347.3
 20
239591.8
 10
-202375.5
 20
238564.8
 10
-202398.9
 20
237536.9
 10
-202417.2
 20
236508.3
 10
-202430.0
 20
235479.2
 10
-202437.2
 20
234449.6
 10
-202438.3
 20
233419.9
 10
-202433.1
 20
232390.2
 10
-202421.4
 20
231360.5
 10
-202402.8
 20
230331.2
 10
-202377.2
 20
229302.3
 10
-202344.1
 20
228274.0
 10
-202303.3
 20
227246.5
 10
-202254.5
 20
226219.9
 10
-202197.5
 20
225194.5
 10
-202132.0
 20
224170.4
 10
-202057.6
 20
223147.7
 10
-201974.1
 20
222126.7
 10
-201881.3
 20
221107.4
 10
-201778.7
 20
220090.1
 10
-201666.3
 20
219074.9
 10
-201543.6
 20
218061.9
 10
-201410.3
 20
217051.5
 10
-201266.3
 20
216043.6
 10
-201111.2
 20
215038.5
 10
-200944.8
 20
214036.4
 10
-200766.7
 20
213037.4
 10
-200576.6
 20
212041.6
 10
-200374.4
 20
211049.3
 10
-200159.6
 20
210060.6
 10
-199932.1
 20
209075.7
 10
-199691.6
 20
208094.8
 10
-199437.6
 20
207117.9
 10
-199170.1
 20
206145.3
 10
-198888.7
 20
205177.2
 10
-198593.0
 20
204213.7
 10
-198283.0
 20
203254.9
 10
-197958.1
 20
202301.1
 10
-197618.2
 20
201352.4
 10
-197263.0
 20
200409.0
 10
-196892.2
 20
199471.0
 10
-196505.5
 20
198538.6
 10
-196102.7
 20
197612.0
 10
-195683.4
 20
196691.3
 10
-195247.4
 20
195776.7
 10
-194794.3
 20
194868.4
 10
-194324.0
 20
193966.6
 10
-193836.1
 20
193071.3
 10
-193330.3
 20
192182.8
 10
-192806.4
 20
191301.2
 10
-192264.1
 20
190426.8
 10
-191703.1
 20
189559.6
 10
-191123.0
 20
188699.8
  0
TEXT
  5
46
330
17
100
AcDbEntity
  8
ISO_LABELS
100
AcDbText
 10
-202197.5
 20
225194.5
 30
0.0
 40
6000.0
  1
28
 72
1
 11
-202197.5
 21
225194.5
 31
0.0
100
AcDbText
 73
2
  0
LWPOLYLINE
  5
47
330
17
100
AcDbEntity
  8
ISO_WHOLE
100
AcDbPolyline
 90
652
 70
0
 10
497242.4
 20
1026545.8
 10
496221.6
 20
1026611.6
 10
495202.0
 20
1026668.7
 10
494183.6
 20
1026717.2
 10
493166.6
 20
1026757.3
 10
492150.8
 20
1026789.0
 10
491136.2
 20
1026812.6
 10
490122.9
 20
1026828.2
 10
489110.8
 20
1026835.8
 10
488099.9
 20
1026835.6
 10
487090.2
 20
1026827.8
 10
486081.6
 20
1026812.4
 10
485074.2
 20
1026789.7
 10
484068.0
 20
1026759.7
 10
483062.9
 20
1026722.5
 10
482058.9
 20
1026678.4
 10
481056.1
 20
1026627.4
 10
480054.3
 20
1026569.6
 10
479053.6
 20
1026505.3
 10
478054.0
 20
1026434.5
 10
477055.5
 20
1026357.3
 10
476058.0
 20
1026274.0
 10
475061.5
 20
1026184.6
 10
474066.1
 20
1026089.2
 10
473071.6
 20
1025988.0
 10
472078.2
 20
1025881.1
 10
471085.7
 20
1025768.7
 10
470094.2
 20
1025650.8
 10
469103.7
 20
1025527.7
 10
468114.1
 20
1025399.4
 10
467125.5
 20
1025266.1
 10
466137.7
 20
1025127.9
 10
465150.9
 20
1024985.0
 10
464164.9
 20
1024837.4
 10
463179.9
 20
1024685.3
 10
462195.7
 20
1024528.9
 10
461212.3
 20
1024368.2
 10
460229.8
 20
1024203.4
 10
459248.1
 20
1024034.6
 10
458267.3
 20
1023862.0
 10
457287.2
 20
1023685.7
 10
456308.0
 20
1023505.9
 10
455329.5
 20
1023322.5
 10
454351.7
 20
1023135.9
 10
453374.8
 20
1022946.1
 10
452398.5
 20
1022753.2
 10
451423.0
 20
1022557.4
 10
450448.2
 20
1022358.9
 10
449474.1
 20
1022157.6
 10
448500.7
 20
1021953.9
 10
447527.9
 20
1021747.8
 10
446555.8
 20
1021539.4
 10
445584.4
 20
1021328.8
 10
444613.6
 20
1021116.3
 10
443643.4
 20
1020901.9
 10
442673.8
 20
1020685.8
 10
441704.8
 20
1020468.1
 10
440736.4
 20
1020248.9
 10
439768.6
 20
1020028.4
 10
438801.3
 20
1019806.7
 10
437834.6
 20
1019583.9
 10
436868.4
 20
1019360.1
 10
435902.7
 20
1019135.5
 10
434937.5
 20
1018910.3
 10
433972.8
 20
1018684.5
 10
433008.6
 20
1018458.3
 10
432044.9
 20
1018231.8
 10
431081.6
 20
1018005.2
 10
430118.8
 20
1017778.5
 10
429156.3
 20
1017551.9
 10
428194.3
 20
1017325.6
 10
427232.8
 20
1017099.7
 10
426271.5
 20
1016874.2
 10
425310.7
 20
1016649.4
 10
424350.2
 20
1016425.4
 10
423390.1
 20
1016202.2
 10
422430.3
 20
1015980.1
 10
421470.9
 20
1015759.2
 10
420511.7
 20
1015539.5
 10
419552.9
 20
1015321.3
 10
418594.3
 20
1015104.6
 10
417636.0
 20
1014889.6
 10
416678.0
 20
1014676.5
 10
415720.2
 20
1014465.3
 10
414762.7
 20
1014256.1
 10
413805.4
 20
1014048.9
 10
412848.3
 20
1013843.7
 10
411891.4
 20
1013640.4
 10
410934.8
 20
1013439.0
 10
409978.4
 20
1013239.5
 10
409022.2
 20
1013041.9
 10
408066.1
 20
1012846.1
 10
407110.3
 20
1012652.1
 10
406154.7
 20
1012459.9
 10
405199.2
 20
1012269.4
 10
404244.0
 20
1012080.7
 10
403288.9
 20
1011893.7
 10
402334.0
 20
1011708.3
 10
401379.2
 20
1011524.6
 10
400424.7
 20
1011342.4
 10
399470.2
 20
1011161.9
 10
398516.0
 20
1010982.9
 10
397561.9
 20
1010805.5
 10
396607.9
 20
1010629.5
 10
395654.0
 20
1010455.1
 10
394700.3
 20
1010282.1
 10
393746.7
 20
1010110.5
 10
392793.3
 20
1009940.3
 10
391839.9
 20
1009771.4
 10
390886.7
 20
1009603.9
 10
389933.6
 20
1009437.8
 10
388980.6
 20
1009272.9
 10
388027.7
 20
1009109.2
 10
387074.8
 20
1008946.8
 10
386122.1
 20
1008785.6
 10
385169.4
 20
1008625.6
 10
384216.9
 20
1008466.7
 10
383264.4
 20
1008309.0
 10
382311.9
 20
1008152.3
 10
381359.5
 20
1007996.7
 10
380407.2
 20
1007842.1
 10
379455.0
 20
1007688.6
 10
378502.7
 20
1007536.0
 10
377550.6
 20
1007384.4
 10
376598.4
 20
1007233.7
 10
375646.3
 20
1007084.0
 10
374694.2
 20
1006935.1
 10
373742.2
 20
1006787.0
 10
372790.2
 20
1006639.8
 10
371838.1
 20
1006493.4
 10
370886.1
 20
1006347.7
 10
369934.1
 20
1006202.7
 10
368982.1
 20
1006058.5
 10
368030.1
 20
1005915.0
 10
367078.0
 20
1005772.1
 10
366126.0
 20
1005629.8
 10
365173.9
 20
1005488.2
 10
364221.8
 20
1005347.1
 10
363269.7
 20
1005206.6
 10
362317.5
 20
1005066.6
 10
361365.3
 20
1004927.0
 10
360413.0
 20
1004788.0
 10
359460.7
 20
1004649.4
 10
358508.4
 20
1004511.2
 10
357555.9
 20
1004373.3
 10
356603.4
 20
1004235.9
 10
355650.9
 20
1004098.7
 10
354698.2
 20
1003961.9
 10
353745.5
 20
1003825.3
 10
352792.7
 20
1003689.0
 10
351839.8
 20
1003552.9
 10
350886.8
 20
1003417.0
 10
349933.7
 20
1003281.2
 10
348980.5
 20
1003145.6
 10
348027.1
 20
1003010.1
 10
347073.7
 20
1002874.7
 10
346120.1
 20
1002739.3
 10
345166.4
 20
1002604.0
 10
344212.6
 20
1002468.6
 10
343258.7
 20
1002333.3
 10
342304.6
 20
1002197.8
 10
341350.3
 20
1002062.3
 10
340395.9
 20
1001926.7
 10
339441.4
 20
1001791.0
 10
338486.6
 20
1001655.1
 10
337531.8
 20
1001519.0
 10
336576.7
 20
1001382.7
 10
335621.4
 20
1001246.4
 10
334666.0
 20
1001109.9
 10
333710.3
 20
1000973.4
 10
332754.3
 20
1000836.9
 10
331798.2
 20
1000700.3
 10
330841.7
 20
1000563.8
 10
329885.0
 20
1000427.4
 10
328928.0
 20
1000291.0
 10
327970.7
 20
1000154.7
 10
327013.1
 20
1000018.6
 10
326055.2
 20
999882.7
 10
325096.9
 20
999747.0
 10
324138.3
 20
999611.5
 10
323179.3
 20
999476.3
 10
322220.0
 20
999341.3
 10
321260.2
 20
999206.7
 10
320300.1
 20
999072.5
 10
319339.5
 20
998938.6
 10
318378.5
 20
998805.1
 10
317417.0
 20
998672.1
 10
316455.1
 20
998539.6
 10
315492.7
 20
998407.5
 10
314529.9
 20
998276.0
 10
313566.5
 20
998145.1
 10
312602.7
 20
998014.7
 10
311638.3
 20
997885.0
 10
310673.4
 20
997755.9
 10
309707.9
 20
997627.5
 10
308741.9
 20
997499.8
 10
307775.3
 20
997372.8
 10
306808.1
 20
997246.6
 10
305840.3
 20
997121.2
 10
304871.9
 20
996996.6
 10
303902.9
 20
996872.9
 10
302933.2
 20
996750.1
 10
301962.9
 20
996628.1
 10
300991.9
 20
996507.2
 10
300020.2
 20
996387.2
 10
299047.9
 20
996268.2
 10
298074.8
 20
996150.2
 10
297101.0
 20
996033.4
 10
296126.1
 20
995917.8
 10
295150.2
 20
995803.7
 10
294173.0
 20
995691.1
 10
293194.3
 20
995580.3
 10
292214.0
 20
995471.3
 10
291231.9
 20
995364.4
 10
290247.9
 20
995259.7
 10
289261.7
 20
995157.4
 10
288273.2
 20
995057.6
 10
287282.2
 20
994960.4
 10
286288.6
 20
994866.0
 10
285292.2
 20
994774.7
 10
284292.9
 20
994686.4
 10
283290.3
 20
994601.4
 10
282284.5
 20
994519.9
 10
281275.2
 20
994442.0
 10
280262.2
 20
994367.8
 10
279245.4
 20
994297.5
 10
278224.7
 20
994231.1
 10
277200.5
 20
994168.1
 10
276173.7
 20
994107.1
 10
275145.1
 20
994046.8
 10
274115.8
 20
993985.8
 10
273086.6
 20
993923.0
 10
272058.3
 20
993856.9
 10
271031.9
 20
993786.3
 10
270008.2
 20
993709.8
 10
268988.2
 20
993626.2
 10
267972.8
 20
993534.2
 10
266962.7
 20
993432.5
 10
265959.1
 20
993319.6
 10
264962.6
 20
993194.5
 10
263974.3
 20
993055.6
 10
262995.0
 20
992901.8
 10
262025.6
 20
992731.8
 10
261067.0
 20
992544.1
 10
260120.0
 20
992337.6
 10
259185.7
 20
992110.9
 10
258264.7
 20
991862.9
 10
257357.1
 20
991593.7
 10
256462.4
 20
991303.7
 10
255580.3
 20
990993.5
 10
254710.6
 20
990663.5
 10
253852.8
 20
990314.3
 10
253006.7
 20
989946.3
 10
252171.8
 20
989560.0
 10
251347.9
 20
989156.0
 10
250534.6
 20
988734.6
 10
249731.5
 20
988296.5
 10
248938.5
 20
987842.1
 10
248155.0
 20
987371.9
 10
247380.8
 20
986886.4
 10
246615.5
 20
986386.0
 10
245858.8
 20
985871.4
 10
245110.4
 20
985342.9
 10
244369.8
 20
984801.1
 10
243636.9
 20
984246.4
 10
242911.2
 20
983679.5
 10
242192.4
 20
983100.6
 10
241480.2
 20
982510.4
 10
240774.2
 20
981909.4
 10
240074.2
 20
981298.0
 10
239379.6
 20
980676.7
 10
238690.3
 20
980046.0
 10
238005.9
 20
979406.5
 10
237326.0
 20
978758.6
 10
236650.4
 20
978102.8
 10
235978.6
 20
977439.5
 10
235310.3
 20
976769.4
 10
234645.3
 20
976092.9
 10
233983.1
 20
975410.4
 10
233323.5
 20
974722.5
 10
232666.0
 20
974029.7
 10
232010.4
 20
973332.5
 10
231356.3
 20
972631.3
 10
230703.3
 20
971926.7
 10
230051.2
 20
971219.1
 10
229399.7
 20
970509.1
 10
228748.2
 20
969797.1
 10
228096.7
 20
969083.6
 10
227444.7
 20
968369.0
 10
226792.4
 20
967653.3
 10
226139.9
 20
966936.4
 10
225487.2
 20
966218.3
 10
224834.5
 20
965499.0
 10
224181.7
 20
964778.6
 10
223529.1
 20
964056.8
 10
222876.6
 20
963333.8
 10
222224.4
 20
962609.5
 10
221572.6
 20
961883.8
 10
220921.1
 20
961156.9
 10
220270.2
 20
960428.5
 10
219619.9
 20
959698.8
 10
218970.3
 20
958967.6
 10
218321.4
 20
958235.0
 10
217673.4
 20
957500.9
 10
217026.2
 20
956765.3
 10
216380.2
 20
956028.2
 10
215735.2
 20
955289.6
 10
215091.3
 20
954549.4
 10
214448.8
 20
953807.6
 10
213807.6
 20
953064.1
 10
213167.8
 20
952319.1
 10
212529.5
 20
951572.4
 10
211892.8
 20
950823.9
 10
211257.8
 20
950073.8
 10
210624.6
 20
949322.0
 10
209993.2
 20
948568.3
 10
209363.7
 20
947812.9
 10
208736.2
 20
947055.7
 10
208110.9
 20
946296.6
 10
207487.7
 20
945535.7
 10
206866.7
 20
944772.9
 10
206248.2
 20
944008.2
 10
205632.0
 20
943241.5
 10
205018.4
 20
942472.9
 10
204407.3
 20
941702.3
 10
203798.9
 20
940929.7
 10
203193.3
 20
940155.1
 10
202590.5
 20
939378.4
 10
201990.6
 20
938599.7
 10
201393.6
 20
937818.9
 10
200799.4
 20
937036.1
 10
200208.0
 20
936251.3
 10
199619.5
 20
935464.4
 10
199033.6
 20
934675.6
 10
198450.6
 20
933884.9
 10
197870.2
 20
933092.2
 10
197292.6
 20
932297.5
 10
196717.6
 20
931501.0
 10
196145.3
 20
930702.6
 10
195575.6
 20
929902.2
 10
195008.6
 20
929100.1
 10
194444.1
 20
928296.1
 10
193882.2
 20
927490.3
 10
193322.9
 20
926682.6
 10
192766.0
 20
925873.2
 10
192211.7
 20
925062.0
 10
191659.9
 20
924249.1
 10
191110.5
 20
923434.4
 10
190563.5
 20
922618.0
 10
190019.0
 20
921799.9
 10
189476.8
 20
920980.1
 10
188937.0
 20
920158.6
 10
188399.5
 20
919335.5
 10
187864.4
 20
918510.8
 10
187331.6
 20
917684.4
 10
186801.0
 20
916856.4
 10
186272.7
 20
916026.9
 10
185746.6
 20
915195.8
 10
185222.7
 20
914363.1
 10
184701.1
 20
913528.9
 10
184181.5
 20
912693.2
 10
183664.2
 20
911856.0
 10
183148.9
 20
911017.3
 10
182635.7
 20
910177.2
 10
182124.6
 20
909335.6
 10
181615.6
 20
908492.5
 10
181108.6
 20
907648.1
 10
180603.6
 20
906802.3
 10
180100.5
 20
905955.1
 10
179599.5
 20
905106.5
 10
179100.3
 20
904256.6
 10
178603.1
 20
903405.3
 10
178107.8
 20
902552.8
 10
177614.4
 20
901699.0
 10
177122.7
 20
900843.8
 10
176633.0
 20
899987.5
 10
176145.0
 20
899129.9
 10
175658.8
 20
898271.0
 10
175174.4
 20
897411.0
 10
174691.7
 20
896549.8
 10
174210.7
 20
895687.4
 10
173731.4
 20
894823.8
 10
173253.8
 20
893959.1
 10
172777.8
 20
893093.3
 10
172303.4
 20
892226.4
 10
171830.7
 20
891358.4
 10
171359.5
 20
890489.3
 10
170889.9
 20
889619.2
 10
170421.8
 20
888748.0
 10
169955.2
 20
887875.8
 10
169490.1
 20
887002.7
 10
169026.5
 20
886128.5
 10
168564.3
 20
885253.4
 10
168103.6
 20
884377.3
 10
167644.2
 20
883500.3
 10
167186.2
 20
882622.4
 10
166729.6
 20
881743.5
 10
166274.3
 20
880863.8
 10
165820.3
 20
879983.3
 10
165367.6
 20
879101.9
 10
164916.2
 20
878219.6
 10
164466.0
 20
877336.6
 10
164017.0
 20
876452.7
 10
163569.2
 20
875568.1
 10
163122.6
 20
874682.7
 10
162677.1
 20
873796.6
 10
162232.8
 20
872909.7
 10
161789.6
 20
872022.2
 10
161347.4
 20
871133.9
 10
160906.3
 20
870245.0
 10
160466.3
 20
869355.4
 10
160027.3
 20
868465.2
 10
159589.2
 20
867574.3
 10
159152.2
 20
866682.9
 10
158716.1
 20
865790.8
 10
158280.9
 20
864898.2
 10
157846.6
 20
864005.0
 10
157413.2
 20
863111.3
 10
156980.6
 20
862217.1
 10
156548.9
 20
861322.3
 10
156118.0
 20
860427.1
 10
155687.9
 20
859531.4
 10
155258.6
 20
858635.3
 10
154830.0
 20
857738.7
 10
154402.2
 20
856841.7
 10
153975.0
 20
855944.3
 10
153548.5
 20
855046.5
 10
153122.7
 20
854148.4
 10
152697.5
 20
853249.9
 10
152272.9
 20
852351.0
 10
151848.9
 20
851451.9
 10
151425.5
 20
850552.4
 10
151002.6
 20
849652.7
 10
150580.2
 20
848752.7
 10
150158.4
 20
847852.5
 10
149737.0
 20
846952.0
 10
149316.1
 20
846051.3
 10
148895.6
 20
845150.5
 10
148475.5
 20
844249.4
 10
148055.8
 20
843348.2
 10
147636.4
 20
842446.9
 10
147217.4
 20
841545.4
 10
146798.7
 20
840643.8
 10
146380.3
 20
839742.1
 10
145962.2
 20
838840.3
 10
145544.4
 20
837938.5
 10
145126.7
 20
837036.7
 10
144709.3
 20
836134.8
 10
144292.1
 20
835232.9
 10
143875.0
 20
834331.0
 10
143458.1
 20
833429.2
 10
143041.2
 20
832527.4
 10
142624.5
 20
831625.6
 10
142207.9
 20
830724.0
 10
141791.3
 20
829822.4
 10
141374.7
 20
828920.9
 10
140958.1
 20
828019.6
 10
140541.5
 20
827118.4
 10
140124.9
 20
826217.4
 10
139708.2
 20
825316.6
 10
139291.4
 20
824416.0
 10
138874.5
 20
823515.6
 10
138457.5
 20
822615.4
 10
138040.3
 20
821715.4
 10
137622.9
 20
820815.8
 10
137205.4
 20
819916.4
 10
136787.6
 20
819017.3
 10
136369.6
 20
818118.6
 10
135951.3
 20
817220.1
 10
135532.7
 20
816322.1
 10
135113.9
 20
815424.4
 10
134694.7
 20
814527.1
 10
134275.1
 20
813630.2
 10
133855.1
 20
812733.7
 10
133434.8
 20
811837.6
 10
133014.0
 20
810942.0
 10
132592.8
 20
810046.9
 10
132171.1
 20
809152.3
 10
131748.9
 20
808258.2
 10
131326.3
 20
807364.6
 10
130903.0
 20
806471.5
 10
130479.3
 20
805579.0
 10
130054.9
 20
804687.1
 10
129629.9
 20
803795.8
 10
129204.3
 20
802905.1
 10
128778.1
 20
802015.0
 10
128351.2
 20
801125.5
 10
127923.6
 20
800236.8
 10
127495.3
 20
799348.7
 10
127066.2
 20
798461.3
 10
126636.4
 20
797574.6
 10
126205.8
 20
796688.6
 10
125774.4
 20
795803.4
 10
125342.1
 20
794919.0
 10
124908.9
 20
794035.4
 10
124474.7
 20
793152.8
 10
124039.4
 20
792271.1
 10
123602.8
 20
791390.6
 10
123165.0
 20
790511.2
 10
122725.8
 20
789633.0
 10
122285.1
 20
788756.2
 10
121842.9
 20
787880.7
 10
121399.1
 20
787006.6
 10
120953.6
 20
786134.1
 10
120506.3
 20
785263.1
 10
120057.0
 20
784393.8
 10
119605.9
 20
783526.3
 10
119152.6
 20
782660.5
 10
118697.2
 20
781796.6
 10
118239.6
 20
780934.7
 10
117779.7
 20
780074.8
 10
117317.4
 20
779217.0
 10
116852.6
 20
778361.4
 10
116385.2
 20
777508.0
 10
115915.2
 20
776656.9
 10
115442.4
 20
775808.2
 10
114966.8
 20
774961.9
 10
114488.3
 20
774118.2
 10
114006.8
 20
773277.1
 10
113522.3
 20
772438.7
 10
113034.5
 20
771603.0
 10
112543.5
 20
770770.2
 10
112049.1
 20
769940.2
 10
111551.4
 20
769113.2
 10
111050.1
 20
768289.2
 10
110545.2
 20
767468.4
 10
110036.6
 20
766650.7
 10
109524.3
 20
765836.3
 10
109008.1
 20
765025.3
 10
108488.0
 20
764217.6
 10
107963.8
 20
763413.4
 10
107435.6
 20
762612.8
 10
106903.1
 20
761815.7
 10
106366.4
 20
761022.4
 10
105825.2
 20
760232.8
 10
105279.7
 20
759447.1
 10
104729.6
 20
758665.3
 10
104174.8
 20
757887.5
 10
103615.4
 20
757113.7
 10
103051.2
 20
756344.0
 10
102482.0
 20
755578.6
 10
101907.9
 20
754817.4
 10
101328.8
 20
754060.6
 10
100744.5
 20
753308.2
 10
100155.0
 20
752560.3
 10
99560.2
 20
751816.9
 10
98960.0
 20
751078.2
 10
98354.3
 20
750344.2
 10
97743.0
 20
749615.0
 10
97126.1
 20
748890.6
 10
96503.5
 20
748171.2
 10
95875.0
 20
747456.7
 10
95240.6
 20
746747.3
 10
94600.2
 20
746043.1
 10
93953.7
 20
745344.1
 10
93301.1
 20
744650.4
 10
92642.2
 20
743962.0
 10
91977.0
 20
743279.1
 10
91305.3
 20
742601.7
 10
90627.2
 20
741929.9
 10
89942.4
 20
741263.7
 10
89251.0
 20
740603.3
 10
88552.8
 20
739948.6
 10
87847.7
 20
739299.8
 10
87135.7
 20
738657.0
 10
86416.7
 20
738020.2
 10
85690.6
 20
737389.4
 10
84957.2
 20
736764.9
 10
84216.6
 20
736146.5
 10
83468.7
 20
735534.5
 10
82713.2
 20
734928.9
 10
81950.3
 20
734329.7
 10
81179.7
 20
733737.0
 10
80401.5
 20
733150.9
 10
79615.8
 20
732571.4
 10
78822.7
 20
731998.6
 10
78022.4
 20
731432.5
 10
77215.0
 20
730873.1
 10
76400.7
 20
730320.5
 10
75579.6
 20
729774.6
 10
74751.9
 20
729235.6
 10
73917.7
 20
728703.4
 10
73077.2
 20
728178.1
 10
72230.4
 20
727659.8
 10
71377.6
 20
727148.4
 10
70518.9
 20
726643.9
 10
69654.4
 20
726146.6
 10
68784.3
 20
725656.2
 10
67908.8
 20
725173.0
 10
67027.8
 20
724696.9
 10
66141.7
 20
724228.0
 10
65250.6
 20
723766.3
 10
64354.6
 20
723311.7
 10
63453.8
 20
722864.5
 10
62548.4
 20
722424.5
 10
61638.5
 20
721991.9
 10
60724.3
 20
721566.7
 10
59806.0
 20
721148.8
 10
58883.6
 20
720738.4
 10
57957.4
 20
720335.4
 10
57027.4
 20
719940.0
 10
56093.8
 20
719552.1
 10
55156.7
 20
719171.7
 10
54216.4
 20
718799.0
 10
53272.9
 20
718433.8
 10
52326.4
 20
718076.4
 10
51377.0
 20
717726.6
 10
50424.9
 20
717384.6
 10
49470.2
 20
717050.4
 10
48513.0
 20
716723.9
 10
47553.6
 20
716405.3
 10
46592.1
 20
716094.6
 10
45628.5
 20
715791.8
 10
44663.1
 20
715496.9
 10
43696.0
 20
715210.0
 10
42727.3
 20
714931.1
 10
41757.2
 20
714660.2
 10
40785.8
 20
714397.5
 10
39813.2
 20
714142.8
 10
38839.7
 20
713896.3
 10
37865.4
 20
713657.9
 10
36890.4
 20
713427.7
 10
35914.8
 20
713205.8
 10
34938.8
 20
712992.2
 10
33962.5
 20
712786.9
 10
32986.1
 20
712589.9
 10
32009.8
 20
712401.3
 10
31033.6
 20
712221.2
 10
30057.7
 20
712049.4
 10
29082.3
 20
711886.2
 10
28107.5
 20
711731.4
 10
27133.5
 20
711585.2
 10
26160.4
 20
711447.6
 10
25188.3
 20
711318.6
 10
24217.4
 20
711198.3
 10
23247.8
 20
711086.6
 10
22279.7
 20
710983.7
 10
21313.2
 20
710889.5
 10
20348.5
 20
710804.1
 10
19385.7
 20
710727.5
 10
18424.9
 20
710659.8
 10
17466.4
 20
710600.9
 10
16510.2
 20
710551.0
 10
15556.5
 20
710510.0
 10
14605.4
 20
710478.0
 10
13657.1
 20
710455.0
 10
12711.7
 20
710441.1
 10
11769.4
 20
710436.3
 10
10830.4
 20
710440.6
 10
9894.6
 20
710454.0
 10
8962.4
 20
710476.7
 10
8033.8
 20
710508.6
  0
TEXT
  5
48
330
17
100
AcDbEntity
  8
ISO_LABELS
100
AcDbText
 10
237326.0
 20
978758.6
 30
0.0
 40
6000.0
  1
29
 72
1
 11
237326.0
 21
978758.6
 31
0.0
100
AcDbText
 73
2
  0
LWPOLYLINE
  5
49
330
17
100
AcDbEntity
  8
ISO_WHOLE
100
AcDbPolyline
 90
718
 70
0
 10
499038.2
 20
1111028.7
 10
498050.0
 20
1110870.0
 10
497061.7
 20
1110714.5
 10
496073.3
 20
1110562.4
 10
495084.8
 20
1110413.5
 10
494096.3
 20
1110267.9
 10
493107.7
 20
1110125.5
 10
492119.0
 20
1109986.2
 10
491130.2
 20
1109850.1
 10
490141.3
 20
1109717.2
 10
489152.3
 20
1109587.3
 10
488163.3
 20
1109460.5
 10
487174.1
 20
1109336.7
 10
486184.9
 20
1109216.0
 10
485195.6
 20
1109098.2
 10
484206.3
 20
1108983.4
 10
483216.8
 20
1108871.5
 10
482227.3
 20
1108762.5
 10
481237.7
 20
1108656.3
 10
480248.0
 20
1108553.0
 10
479258.2
 20
1108452.6
 10
478268.3
 20
1108354.8
 10
477278.4
 20
1108259.9
 10
476288.3
 20
1108167.7
 10
475298.2
 20
1108078.1
 10
474308.1
 20
1107991.2
 10
473317.8
 20
1107907.0
 10
472327.5
 20
1107825.4
 10
471337.1
 20
1107746.3
 10
470346.6
 20
1107669.9
 10
469356.0
 20
1107595.9
 10
468365.3
 20
1107524.4
 10
467374.6
 20
1107455.4
 10
466383.8
 20
1107388.9
 10
465392.9
 20
1107324.7
 10
464402.0
 20
1107262.9
 10
463410.9
 20
1107203.5
 10
462419.8
 20
1107146.4
 10
461428.6
 20
1107091.6
 10
460437.4
 20
1107039.1
 10
459446.0
 20
1106988.8
 10
458454.6
 20
1106940.7
 10
457463.1
 20
1106894.8
 10
456471.6
 20
1106851.0
 10
455480.0
 20
1106809.4
 10
454488.2
 20
1106769.9
 10
453496.5
 20
1106732.4
 10
452504.6
 20
1106697.0
 10
451512.7
 20
1106663.6
 10
450520.7
 20
1106632.2
 10
449528.6
 20
1106602.7
 10
448536.5
 20
1106575.1
 10
447544.2
 20
1106549.5
 10
446552.0
 20
1106525.7
 10
445559.6
 20
1106503.7
 10
444567.2
 20
1106483.6
 10
443574.7
 20
1106465.2
 10
442582.1
 20
1106448.6
 10
441589.4
 20
1106433.8
 10
440596.7
 20
1106420.6
 10
439603.9
 20
1106409.1
 10
438611.1
 20
1106399.2
 10
437618.2
 20
1106390.9
 10
436625.2
 20
1106384.3
 10
435632.1
 20
1106379.1
 10
434639.0
 20
1106375.5
 10
433645.8
 20
1106373.4
 10
432652.5
 20
1106372.8
 10
431659.2
 20
1106373.6
 10
430665.8
 20
1106375.8
 10
429672.3
 20
1106379.4
 10
428678.8
 20
1106384.3
 10
427685.2
 20
1106390.6
 10
426691.5
 20
1106398.2
 10
425697.8
 20
1106407.0
 10
424704.0
 20
1106417.1
 10
423710.1
 20
1106428.4
 10
422716.2
 20
1106440.9
 10
421722.2
 20
1106454.5
 10
420728.1
 20
1106469.2
 10
419734.0
 20
1106485.1
 10
418739.8
 20
1106502.0
 10
417745.5
 20
1106520.0
 10
416751.2
 20
1106538.9
 10
415756.8
 20
1106558.9
 10
414762.4
 20
1106579.8
 10
413767.9
 20
1106601.6
 10
412773.3
 20
1106624.4
 10
411778.7
 20
1106648.0
 10
410784.0
 20
1106672.4
 10
409789.2
 20
1106697.7
 10
408794.4
 20
1106723.7
 10
407799.5
 20
1106750.5
 10
406804.6
 20
1106778.0
 10
405809.6
 20
1106806.2
 10
404814.5
 20
1106835.1
 10
403819.4
 20
1106864.6
 10
402824.2
 20
1106894.8
 10
401829.0
 20
1106925.5
 10
400833.7
 20
1106956.7
 10
399838.3
 20
1106988.5
 10
398842.9
 20
1107020.8
 10
397847.4
 20
1107053.6
 10
396851.9
 20
1107086.8
 10
395856.3
 20
1107120.4
 10
394860.7
 20
1107154.4
 10
393865.0
 20
1107188.8
 10
392869.2
 20
1107223.5
 10
391873.4
 20
1107258.4
 10
390877.5
 20
1107293.7
 10
389881.5
 20
1107329.2
 10
388885.6
 20
1107364.9
 10
387889.5
 20
1107400.8
 10
386893.4
 20
1107436.8
 10
385897.2
 20
1107473.0
 10
384901.0
 20
1107509.3
 10
383904.8
 20
1107545.6
 10
382908.4
 20
1107582.0
 10
381912.0
 20
1107618.4
 10
380915.6
 20
1107654.7
 10
379919.1
 20
1107691.1
 10
378922.6
 20
1107727.3
 10
377926.0
 20
1107763.5
 10
376929.3
 20
1107799.5
 10
375932.6
 20
1107835.4
 10
374935.9
 20
1107871.1
 10
373939.1
 20
1107906.5
 10
372942.2
 20
1107941.7
 10
371945.3
 20
1107976.7
 10
370948.4
 20
1108011.3
 10
369951.4
 20
1108045.6
 10
368954.3
 20
1108079.6
 10
367957.2
 20
1108113.2
 10
366960.0
 20
1108146.3
 10
365962.8
 20
1108179.0
 10
364965.6
 20
1108211.3
 10
363968.2
 20
1108243.0
 10
362970.9
 20
1108274.2
 10
361973.5
 20
1108304.9
 10
360976.0
 20
1108334.9
 10
359978.5
 20
1108364.4
 10
358980.9
 20
1108393.2
 10
357983.3
 20
1108421.3
 10
356985.7
 20
1108448.7
 10
355988.0
 20
1108475.4
 10
354990.3
 20
1108501.4
 10
353992.5
 20
1108526.5
 10
352994.6
 20
1108550.9
 10
351996.7
 20
1108574.4
 10
350998.8
 20
1108597.0
 10
350000.8
 20
1108618.7
 10
349002.8
 20
1108639.5
 10
348004.7
 20
1108659.3
 10
347006.6
 20
1108678.2
 10
346008.5
 20
1108696.0
 10
345010.3
 20
1108712.8
 10
344012.0
 20
1108728.5
 10
343013.7
 20
1108743.2
 10
342015.4
 20
1108756.6
 10
341017.0
 20
1108769.0
 10
340018.6
 20
1108780.1
 10
339020.1
 20
1108790.1
 10
338021.6
 20
1108798.7
 10
337023.1
 20
1108806.2
 10
336024.5
 20
1108812.3
 10
335025.9
 20
1108817.1
 10
334027.2
 20
1108820.5
 10
333028.5
 20
1108822.5
 10
332029.7
 20
1108823.2
 10
331030.9
 20
1108822.3
 10
330032.1
 20
1108820.1
 10
329033.2
 20
1108816.3
 10
328034.3
 20
1108811.0
 10
327035.3
 20
1108804.1
 10
326036.4
 20
1108795.6
 10
325037.3
 20
1108785.6
 10
324038.2
 20
1108773.8
 10
323039.1
 20
1108760.5
 10
322040.0
 20
1108745.4
 10
321040.8
 20
1108728.6
 10
320041.6
 20
1108710.0
 10
319042.3
 20
1108689.6
 10
318043.0
 20
1108667.5
 10
317043.7
 20
1108643.4
 10
316044.3
 20
1108617.6
 10
315044.9
 20
1108589.8
 10
314045.4
 20
1108560.1
 10
313046.0
 20
1108528.5
 10
312046.5
 20
1108495.0
 10
311047.1
 20
1108459.6
 10
310047.7
 20
1108422.3
 10
309048.3
 20
1108383.1
 10
308049.0
 20
1108342.0
 10
307049.8
 20
1108299.0
 10
306050.7
 20
1108254.1
 10
305051.6
 20
1108207.4
 10
304052.7
 20
1108158.8
 10
303053.9
 20
1108108.2
 10
302055.2
 20
1108055.9
 10
301056.7
 20
1108001.6
 10
300058.4
 20
1107945.5
 10
299060.3
 20
1107887.4
 10
298062.3
 20
1107827.6
 10
297064.6
 20
1107765.8
 10
296067.1
 20
1107702.2
 10
295069.9
 20
1107636.8
 10
294072.9
 20
1107569.5
 10
293076.2
 20
1107500.3
 10
292079.7
 20
1107429.3
 10
291083.6
 20
1107356.5
 10
290087.8
 20
1107281.8
 10
289092.3
 20
1107205.2
 10
288097.2
 20
1107126.8
 10
287102.4
 20
1107046.6
 10
286108.0
 20
1106964.6
 10
285114.0
 20
1106880.7
 10
284120.3
 20
1106795.0
 10
283127.1
 20
1106707.5
 10
282134.3
 20
1106618.1
 10
281142.0
 20
1106526.9
 10
280150.1
 20
1106433.9
 10
279158.7
 20
1106339.1
 10
278167.8
 20
1106242.5
 10
277177.4
 20
1106144.1
 10
276187.5
 20
1106043.9
 10
275198.1
 20
1105941.8
 10
274209.3
 20
1105838.0
 10
273221.0
 20
1105732.4
 10
272233.3
 20
1105624.9
 10
271246.2
 20
1105515.7
 10
270259.7
 20
1105404.7
 10
269273.8
 20
1105291.9
 10
268288.5
 20
1105177.3
 10
267303.9
 20
1105061.0
 10
266319.9
 20
1104942.8
 10
265336.6
 20
1104822.9
 10
264354.0
 20
1104701.2
 10
263372.1
 20
1104577.7
 10
262390.9
 20
1104452.5
 10
261410.5
 20
1104325.5
 10
260430.8
 20
1104196.8
 10
259451.8
 20
1104066.2
 10
258473.6
 20
1103934.0
 10
257496.2
 20
1103799.9
 10
256519.6
 20
1103664.1
 10
255543.8
 20
1103526.6
 10
254568.9
 20
1103387.3
 10
253594.8
 20
1103246.3
 10
252621.5
 20
1103103.6
 10
251649.1
 20
1102959.1
 10
250677.6
 20
1102812.8
 10
249707.0
 20
1102664.9
 10
248737.4
 20
1102515.2
 10
247768.6
 20
1102363.7
 10
246800.8
 20
1102210.6
 10
245834.0
 20
1102055.7
 10
244868.1
 20
1101899.1
 10
243903.2
 20
1101740.8
 10
242939.3
 20
1101580.8
 10
241976.4
 20
1101419.1
 10
241014.6
 20
1101255.6
 10
240053.8
 20
1101090.5
 10
239094.1
 20
1100923.6
 10
238135.4
 20
1100755.1
 10
237177.8
 20
1100584.8
 10
236221.3
 20
1100412.9
 10
235266.0
 20
1100239.3
 10
234311.7
 20
1100063.9
 10
233358.6
 20
1099886.9
 10
232406.7
 20
1099708.2
 10
231455.9
 20
1099527.9
 10
230506.4
 20
1099345.8
 10
229558.0
 20
1099162.1
 10
228610.8
 20
1098976.7
 10
227664.9
 20
1098789.6
 10
226720.2
 20
1098600.9
 10
225776.8
 20
1098410.3
 10
224834.9
 20
1098217.4
 10
223894.4
 20
1098021.9
 10
222955.6
 20
1097823.4
 10
222018.5
 20
1097621.6
 10
221083.3
 20
1097416.0
 10
220150.0
 20
1097206.2
 10
219218.7
 20
1096991.9
 10
218289.6
 20
1096772.7
 10
217362.8
 20
1096548.3
 10
216438.3
 20
1096318.2
 10
215516.3
 20
1096082.1
 10
214596.9
 20
1095839.5
 10
213680.2
 20
1095590.2
 10
212766.3
 20
1095333.6
 10
211855.3
 20
1095069.6
 10
210947.3
 20
1094797.6
 10
210042.4
 20
1094517.3
 10
209140.7
 20
1094228.3
 10
208242.4
 20
1093930.2
 10
207347.5
 20
1093622.7
 10
206456.1
 20
1093305.4
 10
205568.4
 20
1092978.0
 10
204684.2
 20
1092640.5
 10
203803.6
 20
1092293.1
 10
202926.4
 20
1091936.0
 10
202052.7
 20
1091569.2
 10
201182.3
 20
1091192.9
 10
200315.1
 20
1090807.3
 10
199451.3
 20
1090412.4
 10
198590.6
 20
1090008.4
 10
197733.0
 20
1089595.4
 10
196878.5
 20
1089173.6
 10
196027.1
 20
1088743.0
 10
195178.6
 20
1088303.9
 10
194332.9
 20
1087856.3
 10
193490.2
 20
1087400.4
 10
192650.2
 20
1086936.4
 10
191813.0
 20
1086464.2
 10
190978.4
 20
1085984.2
 10
190146.5
 20
1085496.4
 10
189317.1
 20
1085000.9
 10
188490.2
 20
1084497.9
 10
187665.8
 20
1083987.5
 10
186843.7
 20
1083469.8
 10
186024.1
 20
1082945.0
 10
185207.0
 20
1082413.1
 10
184392.4
 20
1081874.2
 10
183580.4
 20
1081328.3
 10
182771.0
 20
1080775.6
 10
181964.4
 20
1080216.1
 10
181160.5
 20
1079649.9
 10
180359.6
 20
1079077.0
 10
179561.5
 20
1078497.6
 10
178766.4
 20
1077911.6
 10
177974.4
 20
1077319.3
 10
177185.4
 20
1076720.6
 10
176399.7
 20
1076115.6
 10
175617.1
 20
1075504.4
 10
174837.9
 20
1074887.1
 10
174062.1
 20
1074263.8
 10
173289.6
 20
1073634.5
 10
172520.7
 20
1072999.2
 10
171755.3
 20
1072358.2
 10
170993.5
 20
1071711.4
 10
170235.4
 20
1071058.9
 10
169481.1
 20
1070400.8
 10
168730.6
 20
1069737.2
 10
167983.9
 20
1069068.1
 10
167241.2
 20
1068393.6
 10
166502.5
 20
1067713.8
 10
165767.8
 20
1067028.8
 10
165037.3
 20
1066338.6
 10
164311.0
 20
1065643.3
 10
163588.9
 20
1064943.0
 10
162871.2
 20
1064237.7
 10
162157.8
 20
1063527.6
 10
161448.9
 20
1062812.7
 10
160744.5
 20
1062093.1
 10
160044.7
 20
1061368.8
 10
159349.5
 20
1060640.0
 10
158659.0
 20
1059906.6
 10
157973.3
 20
1059168.8
 10
157292.4
 20
1058426.7
 10
156616.4
 20
1057680.3
 10
155945.3
 20
1056929.7
 10
155279.3
 20
1056175.0
 10
154618.4
 20
1055416.2
 10
153962.6
 20
1054653.4
 10
153312.0
 20
1053886.7
 10
152666.7
 20
1053116.1
 10
152026.5
 20
1052341.7
 10
151391.6
 20
1051563.4
 10
150762.0
 20
1050781.4
 10
150137.6
 20
1049995.6
 10
149518.6
 20
1049206.1
 10
148904.8
 20
1048413.0
 10
148296.5
 20
1047616.2
 10
147693.4
 20
1046815.8
 10
147095.8
 20
1046011.8
 10
146503.6
 20
1045204.3
 10
145916.8
 20
1044393.4
 10
145335.4
 20
1043579.0
 10
144759.5
 20
1042761.1
 10
144189.0
 20
1041939.9
 10
143624.1
 20
1041115.4
 10
143064.6
 20
1040287.5
 10
142510.8
 20
1039456.4
 10
141962.4
 20
1038622.1
 10
141419.6
 20
1037784.5
 10
140882.5
 20
1036943.8
 10
140350.9
 20
1036100.0
 10
139825.0
 20
1035253.1
 10
139304.7
 20
1034403.2
 10
138790.1
 20
1033550.2
 10
138281.2
 20
1032694.3
 10
137777.9
 20
1031835.5
 10
137280.5
 20
1030973.7
 10
136788.7
 20
1030109.1
 10
136302.7
 20
1029241.6
 10
135822.5
 20
1028371.4
 10
135348.2
 20
1027498.4
 10
134879.6
 20
1026622.7
 10
134416.9
 20
1025744.3
 10
133960.0
 20
1024863.3
 10
133509.0
 20
1023979.6
 10
133063.9
 20
1023093.4
 10
132624.8
 20
1022204.7
 10
132191.5
 20
1021313.5
 10
131764.3
 20
1020419.8
 10
131343.0
 20
1019523.7
 10
130927.7
 20
1018625.2
 10
130518.4
 20
1017724.3
 10
130115.1
 20
1016821.2
 10
129717.9
 20
1015915.7
 10
129326.8
 20
1015008.0
 10
128941.8
 20
1014098.2
 10
128562.9
 20
1013186.1
 10
128190.1
 20
1012272.0
 10
127823.4
 20
1011355.7
 10
127462.9
 20
1010437.4
 10
127108.6
 20
1009517.1
 10
126760.6
 20
1008594.7
 10
126418.7
 20
1007670.5
 10
126083.1
 20
1006744.3
 10
125753.7
 20
1005816.3
 10
125430.7
 20
1004886.4
 10
125113.9
 20
1003954.7
 10
124803.5
 20
1003021.3
 10
124499.4
 20
1002086.2
 10
124201.6
 20
1001149.3
 10
123910.3
 20
1000210.8
 10
123625.3
 20
999270.7
 10
123346.7
 20
998329.0
 10
123074.6
 20
997385.8
 10
122809.0
 20
996441.1
 10
122549.8
 20
995494.9
 10
122297.1
 20
994547.2
 10
122050.9
 20
993598.2
 10
121811.3
 20
992647.8
 10
121578.2
 20
991696.1
 10
121351.7
 20
990743.1
 10
121131.7
 20
989788.9
 10
120918.4
 20
988833.5
 10
120711.7
 20
987876.9
 10
120511.7
 20
986919.1
 10
120318.3
 20
985960.2
 10
120131.6
 20
985000.3
 10
119951.6
 20
984039.4
 10
119778.4
 20
983077.5
 10
119611.8
 20
982114.6
 10
119452.1
 20
981150.8
 10
119299.1
 20
980186.1
 10
119152.9
 20
979220.6
 10
119013.6
 20
978254.2
 10
118881.1
 20
977287.1
 10
118755.4
 20
976319.3
 10
118636.6
 20
975350.7
 10
118524.8
 20
974381.6
 10
118419.8
 20
973411.7
 10
118321.8
 20
972441.3
 10
118230.7
 20
971470.4
 10
118146.4
 20
970498.9
 10
118068.6
 20
969527.0
 10
117997.0
 20
968554.5
 10
117931.2
 20
967581.7
 10
117871.1
 20
966608.4
 10
117816.2
 20
965634.7
 10
117766.4
 20
964660.7
 10
117721.2
 20
963686.3
 10
117680.3
 20
962711.6
 10
117643.6
 20
961736.7
 10
117610.6
 20
960761.4
 10
117581.0
 20
959786.0
 10
117554.7
 20
958810.3
 10
117531.2
 20
957834.5
 10
117510.2
 20
956858.5
 10
117491.5
 20
955882.4
 10
117474.7
 20
954906.2
 10
117459.6
 20
953929.9
 10
117445.9
 20
952953.6
 10
117433.2
 20
951977.2
 10
117421.2
 20
951000.8
 10
117409.6
 20
950024.5
 10
117398.2
 20
949048.2
 10
117386.6
 20
948072.0
 10
117374.5
 20
947096.0
 10
117361.7
 20
946120.0
 10
117347.8
 20
945144.2
 10
117332.5
 20
944168.6
 10
117315.5
 20
943193.2
 10
117296.5
 20
942218.1
 10
117275.3
 20
941243.2
 10
117251.4
 20
940268.6
 10
117224.7
 20
939294.3
 10
117194.7
 20
938320.4
 10
117161.2
 20
937346.8
 10
117124.0
 20
936373.6
 10
117082.6
 20
935400.9
 10
117036.8
 20
934428.6
 10
116986.3
 20
933456.7
 10
116930.8
 20
932485.4
 10
116870.0
 20
931514.6
 10
116803.5
 20
930544.4
 10
116731.2
 20
929574.7
 10
116652.5
 20
928605.6
 10
116567.4
 20
927637.2
 10
116475.5
 20
926669.4
 10
116376.7
 20
925702.3
 10
116271.1
 20
924735.8
 10
116158.9
 20
923770.1
 10
116040.0
 20
922805.1
 10
115914.6
 20
921840.8
 10
115782.8
 20
920877.2
 10
115644.6
 20
919914.4
 10
115500.0
 20
918952.4
 10
115349.3
 20
917991.1
 10
115192.4
 20
917030.6
 10
115029.4
 20
916071.0
 10
114860.5
 20
915112.1
 10
114685.6
 20
914154.0
 10
114504.8
 20
913196.8
 10
114318.3
 20
912240.5
 10
114126.2
 20
911285.0
 10
113928.4
 20
910330.4
 10
113725.1
 20
909376.7
 10
113516.3
 20
908423.9
 10
113302.1
 20
907472.0
 10
113082.7
 20
906521.1
 10
112858.0
 20
905571.1
 10
112628.1
 20
904622.0
 10
112393.2
 20
903673.9
 10
112153.3
 20
902726.8
 10
111908.5
 20
901780.7
 10
111658.8
 20
900835.6
 10
111404.4
 20
899891.5
 10
111145.3
 20
898948.5
 10
110881.6
 20
898006.5
 10
110613.3
 20
897065.5
 10
110340.6
 20
896125.7
 10
110063.5
 20
895186.9
 10
109782.1
 20
894249.2
 10
109496.5
 20
893312.7
 10
109206.7
 20
892377.2
 10
108912.9
 20
891442.9
 10
108615.1
 20
890509.7
 10
108313.3
 20
889577.8
 10
108007.7
 20
888646.9
 10
107698.4
 20
887717.3
 10
107385.4
 20
886788.9
 10
107068.7
 20
885861.7
 10
106748.5
 20
884935.7
 10
106424.8
 20
884010.8
 10
106097.7
 20
883087.2
 10
105767.1
 20
882164.7
 10
105433.3
 20
881243.3
 10
105096.1
 20
880323.0
 10
104755.7
 20
879403.8
 10
104412.2
 20
878485.7
 10
104065.5
 20
877568.7
 10
103715.8
 20
876652.7
 10
103363.1
 20
875737.8
 10
103007.4
 20
874823.8
 10
102648.8
 20
873910.9
 10
102287.4
 20
872998.9
 10
101923.2
 20
872087.9
 10
101556.3
 20
871177.9
 10
101186.6
 20
870268.7
 10
100814.4
 20
869360.5
 10
100439.6
 20
868453.2
 10
100062.3
 20
867546.7
 10
99682.5
 20
866641.1
 10
99300.3
 20
865736.4
 10
98915.7
 20
864832.4
 10
98528.9
 20
863929.3
 10
98139.8
 20
863027.0
 10
97748.5
 20
862125.4
 10
97355.1
 20
861224.6
 10
96959.7
 20
860324.6
 10
96562.2
 20
859425.2
 10
96162.7
 20
858526.6
 10
95761.3
 20
857628.6
 10
95358.1
 20
856731.3
 10
94953.0
 20
855834.7
 10
94546.2
 20
854938.7
 10
94137.7
 20
854043.4
 10
93727.6
 20
853148.6
 10
93315.9
 20
852254.4
 10
92902.7
 20
851360.8
 10
92487.9
 20
850467.7
 10
92071.8
 20
849575.2
 10
91654.3
 20
848683.2
 10
91235.5
 20
847791.7
 10
90815.4
 20
846900.7
 10
90394.1
 20
846010.1
 10
89971.7
 20
845120.0
 10
89548.1
 20
844230.3
 10
89123.6
 20
843341.0
 10
88698.0
 20
842452.2
 10
88271.6
 20
841563.7
 10
87844.2
 20
840675.6
 10
87416.0
 20
839787.8
 10
86987.1
 20
838900.3
 10
86557.4
 20
838013.2
 10
86127.1
 20
837126.4
 10
85696.2
 20
836239.8
 10
85264.8
 20
835353.5
 10
84832.8
 20
834467.4
 10
84400.4
 20
833581.6
 10
83967.7
 20
832696.0
 10
83534.6
 20
831810.6
 10
83101.2
 20
830925.3
 10
82667.6
 20
830040.2
 10
82233.9
 20
829155.3
 10
81800.0
 20
828270.4
 10
81366.1
 20
827385.7
 10
80932.2
 20
826501.1
 10
80498.3
 20
825616.5
 10
80064.6
 20
824732.0
 10
79631.0
 20
823847.6
 10
79197.6
 20
822963.1
 10
78764.5
 20
822078.7
 10
78331.7
 20
821194.2
 10
77899.3
 20
820309.8
 10
77467.4
 20
819425.2
 10
77035.9
 20
818540.7
 10
76605.0
 20
817656.0
 10
76174.7
 20
816771.2
 10
75745.0
 20
815886.4
 10
75316.1
 20
815001.3
 10
74887.9
 20
814116.2
 10
74460.5
 20
813230.9
 10
74034.0
 20
812345.4
 10
73608.5
 20
811459.7
 10
73183.9
 20
810573.7
 10
72760.3
 20
809687.6
 10
72337.4
 20
808801.6
 10
71914.8
 20
807916.1
 10
71492.0
 20
807031.5
 10
71068.8
 20
806148.2
 10
70644.6
 20
805266.5
 10
70219.1
 20
804386.9
 10
69791.9
 20
803509.8
 10
69362.6
 20
802635.5
 10
68930.7
 20
801764.4
 10
68495.9
 20
800897.0
 10
68057.8
 20
800033.5
 10
67616.0
 20
799174.5
 10
67170.0
 20
798320.3
 10
66719.5
 20
797471.2
 10
66264.0
 20
796627.7
 10
65803.2
 20
795790.2
 10
65336.7
 20
794959.1
 10
64864.0
 20
794134.7
 10
64384.8
 20
793317.4
 10
63898.7
 20
792507.6
 10
63405.2
 20
791705.8
 10
62903.9
 20
790912.3
 10
62394.5
 20
790127.5
 10
61876.6
 20
789351.7
 10
61349.7
 20
788585.5
 10
60813.4
 20
787829.1
 10
60267.4
 20
787082.9
 10
59711.2
 20
786347.4
 10
59144.5
 20
785623.0
 10
58566.8
 20
784910.0
 10
57977.7
 20
784208.8
 10
57376.9
 20
783519.8
 10
56763.9
 20
782843.4
 10
56138.4
 20
782180.0
 10
55499.9
 20
781530.0
 10
54848.0
 20
780893.8
 10
54182.3
 20
780271.7
 10
53502.4
 20
779664.2
 10
52808.0
 20
779071.6
 10
52098.6
 20
778494.3
 10
51373.8
 20
777932.8
 10
50633.3
 20
777387.4
 10
49876.5
 20
776858.5
 10
49103.4
 20
776346.4
 10
48314.1
 20
775851.1
 10
47509.2
 20
775372.7
 10
46688.9
 20
774911.1
 10
45853.8
 20
774466.5
 10
45004.0
 20
774038.6
 10
44140.1
 20
773627.7
 10
43262.5
 20
773233.6
 10
42371.4
 20
772856.5
 10
41467.4
 20
772496.2
 10
40550.7
 20
772152.8
 10
39621.8
 20
771826.4
 10
38681.0
 20
771516.8
 10
37728.8
 20
771224.2
 10
36765.5
 20
770948.5
 10
35791.6
 20
770689.8
 10
34807.3
 20
770447.9
 10
33813.1
 20
770223.1
 10
32809.3
 20
770015.1
 10
31796.5
 20
769824.2
 10
30774.8
 20
769650.2
 10
29744.8
 20
769493.1
 10
28706.8
 20
769353.1
 10
27661.2
 20
769230.0
 10
26608.4
 20
769123.9
 10
25548.7
 20
769034.8
 10
24482.6
 20
768962.7
 10
23410.4
 20
768907.7
 10
22332.5
 20
768869.6
 10
21249.4
 20
768848.5
 10
20161.4
 20
768844.5
 10
19068.8
 20
768857.5
 10
17972.1
 20
768887.6
 10
16871.6
 20
768934.7
 10
15767.8
 20
768998.9
 10
14661.0
 20
769080.1
 10
13551.6
 20
769178.3
 10
12440.1
 20
769293.7
 10
11326.7
 20
769426.1
 10
10211.8
 20
769575.6
 10
9095.9
 20
769742.2
 10
7979.4
 20
769925.9
 10
6862.5
 20
770126.7
  0
TEXT
  5
4A
330
17
100
AcDbEntity
  8
ISO_LABELS
100
AcDbText
 10
202926.4
 20
1091936.0
 30
0.0
 40
6000.0
  1
30
 72
1
 11
202926.4
 21
1091936.0
 31
0.0
100
AcDbText
 73
2
  0
LWPOLYLINE
  5
4B
330
17
100
AcDbEntity
  8
ISO_WHOLE
100
AcDbPolyline
 90
280
 70
0
 10
360161.6
 20
1239581.8
 10
359124.4
 20
1239584.6
 10
358089.4
 20
1239580.9
 10
357056.8
 20
1239570.7
 10
356026.3
 20
1239554.0
 10
354998.1
 20
1239530.9
 10
353972.1
 20
1239501.3
 10
352948.3
 20
1239465.5
 10
351926.6
 20
1239423.4
 10
350907.0
 20
1239375.1
 10
349889.6
 20
1239320.6
 10
348874.3
 20
1239260.0
 10
347861.1
 20
1239193.4
 10
346849.9
 20
1239120.7
 10
345840.7
 20
1239042.1
 10
344833.6
 20
1238957.6
 10
343828.5
 20
1238867.3
 10
342825.4
 20
1238771.1
 10
341824.3
 20
1238669.3
 10
340825.1
 20
1238561.7
 10
339827.8
 20
1238448.5
 10
338832.4
 20
1238329.7
 10
337838.9
 20
1238205.4
 10
336847.3
 20
1238075.6
 10
335857.6
 20
1237940.4
 10
334869.6
 20
1237799.8
 10
333883.5
 20
1237653.9
 10
332899.2
 20
1237502.7
 10
331916.7
 20
1237346.3
 10
330935.9
 20
1237184.7
 10
329956.8
 20
1237018.1
 10
328979.5
 20
1236846.4
 10
328003.9
 20
1236669.7
 10
327029.9
 20
1236488.0
 10
326057.6
 20
1236301.4
 10
325087.0
 20
1236110.0
 10
324117.9
 20
1235913.8
 10
323150.5
 20
1235712.9
 10
322184.6
 20
1235507.2
 10
321220.3
 20
1235297.0
 10
320257.6
 20
1235082.1
 10
319296.4
 20
1234862.8
 10
318336.7
 20
1234638.9
 10
317378.4
 20
1234410.7
 10
316421.7
 20
1234178.0
 10
315466.3
 20
1233941.1
 10
314512.5
 20
1233699.8
 10
313560.0
 20
1233454.4
 10
312608.9
 20
1233204.8
 10
311659.2
 20
1232951.1
 10
310710.8
 20
1232693.4
 10
309763.8
 20
1232431.6
 10
308818.1
 20
1232165.9
 10
307873.7
 20
1231896.3
 10
306930.5
 20
1231622.9
 10
305988.6
 20
1231345.7
 10
305048.0
 20
1231064.7
 10
304108.5
 20
1230780.0
 10
303170.3
 20
1230491.8
 10
302233.2
 20
1230199.9
 10
301297.3
 20
1229904.5
 10
300362.6
 20
1229605.6
 10
299428.9
 20
1229303.4
 10
298496.4
 20
1228997.7
 10
297564.9
 20
1228688.8
 10
296634.6
 20
1228376.5
 10
295705.2
 20
1228061.1
 10
294776.9
 20
1227742.5
 10
293849.6
 20
1227420.8
 10
292923.3
 20
1227096.0
 10
291997.9
 20
1226768.3
 10
291073.5
 20
1226437.6
 10
290150.0
 20
1226104.0
 10
289227.4
 20
1225767.6
 10
288305.8
 20
1225428.3
 10
287385.0
 20
1225086.4
 10
286465.0
 20
1224741.7
 10
285545.9
 20
1224394.5
 10
284627.6
 20
1224044.6
 10
283710.1
 20
1223692.3
 10
282793.3
 20
1223337.4
 10
281877.4
 20
1222980.2
 10
280962.1
 20
1222620.5
 10
280047.6
 20
1222258.6
 10
279133.8
 20
1221894.4
 10
278220.6
 20
1221528.0
 10
277308.1
 20
1221159.4
 10
276396.3
 20
1220788.7
 10
275485.1
 20
1220416.0
 10
274574.5
 20
1220041.3
 10
273664.4
 20
1219664.6
 10
272754.9
 20
1219286.1
 10
271846.0
 20
1218905.7
 10
270937.6
 20
1218523.5
 10
270029.7
 20
1218139.6
 10
269122.3
 20
1217754.0
 10
268215.4
 20
1217366.8
 10
267308.9
 20
1216978.0
 10
266402.8
 20
1216587.7
 10
265497.2
 20
1216195.9
 10
264591.9
 20
1215802.7
 10
263687.1
 20
1215408.1
 10
262782.5
 20
1215012.2
 10
261878.3
 20
1214615.1
 10
260974.4
 20
1214216.7
 10
260070.9
 20
1213817.2
 10
259167.6
 20
1213416.6
 10
258264.5
 20
1213015.0
 10
257361.7
 20
1212612.3
 10
256459.1
 20
1212208.7
 10
255556.7
 20
1211804.2
 10
254654.5
 20
1211398.9
 10
253752.4
 20
1210992.8
 10
252850.5
 20
1210586.0
 10
251948.7
 20
1210178.5
 10
251047.0
 20
1209770.3
 10
250145.4
 20
1209361.6
 10
249243.9
 20
1208952.4
 10
248342.4
 20
1208542.7
 10
247440.9
 20
1208132.5
 10
246539.5
 20
1207722.1
 10
245638.0
 20
1207311.3
 10
244736.5
 20
1206900.2
 10
243834.9
 20
1206489.0
 10
242933.3
 20
1206077.6
 10
242031.6
 20
1205666.1
 10
241129.8
 20
1205254.5
 10
240227.9
 20
1204843.0
 10
239325.8
 20
1204431.5
 10
238423.5
 20
1204020.1
 10
237521.1
 20
1203608.9
 10
236618.4
 20
1203197.9
 10
235715.6
 20
1202787.2
 10
234812.4
 20
1202376.8
 10
233909.1
 20
1201966.7
 10
233005.4
 20
1201557.1
 10
232101.5
 20
1201148.0
 10
231197.2
 20
1200739.4
 10
230292.6
 20
1200331.4
 10
229387.6
 20
1199924.1
 10
228482.3
 20
1199517.4
 10
227576.6
 20
1199111.4
 10
226670.5
 20
1198706.0
 10
225764.2
 20
1198301.2
 10
224857.5
 20
1197897.0
 10
223950.6
 20
1197493.3
 10
223043.3
 20
1197090.1
 10
222135.8
 20
1196687.5
 10
221228.1
 20
1196285.3
 10
220320.1
 20
1195883.5
 10
219411.9
 20
1195482.1
 10
218503.6
 20
1195081.1
 10
217595.0
 20
1194680.5
 10
216686.3
 20
1194280.2
 10
215777.4
 20
1193880.1
 10
214868.4
 20
1193480.4
 10
213959.3
 20
1193080.8
 10
213050.1
 20
1192681.5
 10
212140.9
 20
1192282.4
 10
211231.5
 20
1191883.4
 10
210322.1
 20
1191484.5
 10
209412.7
 20
1191085.8
 10
208503.3
 20
1190687.1
 10
207593.9
 20
1190288.4
 10
206684.4
 20
1189889.8
 10
205775.1
 20
1189491.1
 10
204865.7
 20
1189092.4
 10
203956.5
 20
1188693.7
 10
203047.3
 20
1188294.8
 10
202138.2
 20
1187895.8
 10
201229.3
 20
1187496.7
 10
200320.4
 20
1187097.3
 10
199411.8
 20
1186697.8
 10
198503.2
 20
1186298.0
 10
197594.9
 20
1185897.9
 10
196686.8
 20
1185497.6
 10
195778.8
 20
1185096.9
 10
194871.2
 20
1184695.9
 10
193963.7
 20
1184294.5
 10
193056.5
 20
1183892.7
 10
192149.6
 20
1183490.4
 10
191243.0
 20
1183087.7
 10
190336.7
 20
1182684.5
 10
189430.8
 20
1182280.8
 10
188525.1
 20
1181876.5
 10
187619.9
 20
1181471.7
 10
186715.0
 20
1181066.3
 10
185810.5
 20
1180660.2
 10
184906.4
 20
1180253.4
 10
184002.8
 20
1179846.0
 10
183099.6
 20
1179437.9
 10
182196.8
 20
1179029.0
 10
181294.5
 20
1178619.3
 10
180392.8
 20
1178208.9
 10
179491.5
 20
1177797.6
 10
178590.7
 20
1177385.5
 10
177690.5
 20
1176972.4
 10
176790.9
 20
1176558.5
 10
175891.8
 20
1176143.6
 10
174993.3
 20
1175727.8
 10
174095.4
 20
1175310.9
 10
173198.2
 20
1174893.1
 10
172301.5
 20
1174474.2
 10
171405.6
 20
1174054.2
 10
170510.3
 20
1173633.1
 10
169615.7
 20
1173210.8
 10
168721.8
 20
1172787.4
 10
167828.6
 20
1172362.8
 10
166936.1
 20
1171937.0
 10
166044.4
 20
1171509.9
 10
165153.5
 20
1171081.6
 10
164263.4
 20
1170652.0
 10
163374.1
 20
1170221.0
 10
162485.5
 20
1169788.6
 10
161597.9
 20
1169354.9
 10
160711.0
 20
1168919.8
 10
159825.1
 20
1168483.2
 10
158940.0
 20
1168045.1
 10
158055.8
 20
1167605.6
 10
157172.6
 20
1167164.5
 10
156290.2
 20
1166721.8
 10
155408.8
 20
1166277.6
 10
154528.4
 20
1165831.8
 10
153649.0
 20
1165384.3
 10
152770.6
 20
1164935.1
 10
151893.2
 20
1164484.3
 10
151016.8
 20
1164031.7
 10
150141.4
 20
1163577.4
 10
149267.1
 20
1163121.3
 10
148394.0
 20
1162663.4
 10
147521.9
 20
1162203.6
 10
146650.9
 20
1161742.0
 10
145781.0
 20
1161278.5
 10
144912.3
 20
1160813.1
 10
144044.7
 20
1160345.7
 10
143178.4
 20
1159876.4
 10
142313.2
 20
1159405.0
 10
141449.2
 20
1158931.6
 10
140586.5
 20
1158456.2
 10
139725.0
 20
1157978.6
 10
138864.7
 20
1157499.0
 10
138005.8
 20
1157017.2
 10
137148.1
 20
1156533.2
 10
136291.8
 20
1156047.0
 10
135436.7
 20
1155558.6
 10
134583.0
 20
1155067.9
 10
133730.7
 20
1154575.0
 10
132879.7
 20
1154079.7
 10
132030.1
 20
1153582.1
 10
131182.0
 20
1153082.2
 10
130335.2
 20
1152579.8
 10
129489.9
 20
1152075.0
 10
128646.1
 20
1151567.7
 10
127803.7
 20
1151058.0
 10
126962.8
 20
1150545.8
 10
126123.4
 20
1150031.0
 10
125285.6
 20
1149513.7
 10
124449.3
 20
1148993.7
 10
123614.5
 20
1148471.2
 10
122781.3
 20
1147946.0
 10
121949.7
 20
1147418.1
 10
121119.7
 20
1146887.5
 10
120291.3
 20
1146354.2
 10
119464.5
 20
1145818.1
 10
118639.4
 20
1145279.2
 10
117816.0
 20
1144737.6
 10
116994.2
 20
1144193.0
 10
116174.2
 20
1143645.6
 10
115355.8
 20
1143095.3
 10
114539.2
 20
1142542.1
 10
113724.4
 20
1141985.9
 10
112911.3
 20
1141426.7
 10
112100.0
 20
1140864.5
 10
111290.5
 20
1140299.3
 10
110482.8
 20
1139730.9
 10
109676.9
 20
1139159.5
 10
108872.9
 20
1138585.0
 10
108070.8
 20
1138007.3
 10
107270.5
 20
1137426.5
 10
106472.2
 20
1136842.4
  0
TEXT
  5
4C
330
17
100
AcDbEntity
  8
ISO_LABELS
100
AcDbText
 10
249243.9
 20
1208952.4
 30
0.0
 40
6000.0
  1
31
 72
1
 11
249243.9
 21
1208952.4
 31
0.0
100
AcDbText
 73
2
  0
LWPOLYLINE
  5
4D
330
17
100
AcDbEntity
  8
ISO_HALF
100
AcDbPolyline
 90
300
 70
1
 10
409710.7
 20
178173.1
 10
409969.5
 20
177025.0
 10
410244.3
 20
175883.6
 10
410534.7
 20
174748.7
 10
410840.7
 20
173620.1
 10
411162.0
 20
172497.7
 10
411498.4
 20
171381.4
 10
411849.7
 20
170271.0
 10
412215.6
 20
169166.4
 10
412596.0
 20
168067.5
 10
412990.6
 20
166974.1
 10
413399.3
 20
165886.1
 10
413821.7
 20
164803.3
 10
414257.7
 20
163725.7
 10
414707.1
 20
162653.0
 10
415169.7
 20
161585.2
 10
415645.3
 20
160522.1
 10
416133.5
 20
159463.5
 10
416634.3
 20
158409.4
 10
417147.4
 20
157359.6
 10
417672.7
 20
156314.0
 10
418209.8
 20
155272.4
 10
418758.5
 20
154234.7
 10
419318.8
 20
153200.7
 10
419890.2
 20
152170.4
 10
420472.7
 20
151143.5
 10
421066.1
 20
150120.0
 10
421670.0
 20
149099.7
 10
422284.3
 20
148082.5
 10
422908.8
 20
147068.2
 10
423543.2
 20
146056.8
 10
424187.4
 20
145048.0
 10
424841.2
 20
144041.7
 10
425504.3
 20
143037.8
 10
426176.4
 20
142036.2
 10
426857.5
 20
141036.7
 10
427547.2
 20
140039.2
 10
428245.8
 20
139044.7
 10
428954.1
 20
138055.9
 10
429672.9
 20
137075.8
 10
430403.1
 20
136107.6
 10
431145.6
 20
135154.1
 10
431901.2
 20
134218.5
 10
432671.0
 20
133303.7
 10
433455.6
 20
132412.7
 10
434256.1
 20
131548.5
 10
435073.2
 20
130714.3
 10
435907.9
 20
129912.9
 10
436761.1
 20
129147.4
 10
437633.6
 20
128420.8
 10
438526.2
 20
127736.1
 10
439440.0
 20
127096.3
 10
440375.8
 20
126504.6
 10
441334.3
 20
125963.7
 10
442316.6
 20
125476.9
 10
443323.5
 20
125047.0
 10
444355.9
 20
124677.1
 10
445414.4
 20
124369.7
 10
446497.5
 20
124123.0
 10
447603.3
 20
123933.6
 10
448729.3
 20
123798.2
 10
449873.6
 20
123713.4
 10
451033.9
 20
123675.7
 10
452208.0
 20
123681.9
 10
453393.8
 20
123728.4
 10
454589.1
 20
123812.0
 10
455791.7
 20
123929.2
 10
456999.4
 20
124076.6
 10
458210.2
 20
124250.9
 10
459421.7
 20
124448.7
 10
460631.9
 20
124666.5
 10
461838.5
 20
124901.1
 10
463039.4
 20
125148.9
 10
464232.4
 20
125406.7
 10
465415.4
 20
125671.0
 10
466587.9
 20
125940.1
 10
467750.6
 20
126213.2
 10
468904.4
 20
126489.8
 10
470050.2
 20
126769.3
 10
471188.9
 20
127051.1
 10
472321.2
 20
127334.6
 10
473448.2
 20
127619.3
 10
474570.6
 20
127904.5
 10
475689.4
 20
128189.8
 10
476805.3
 20
128474.4
 10
477919.3
 20
128757.9
 10
479032.2
 20
129039.6
 10
480144.8
 20
129318.9
 10
481258.2
 20
129595.4
 10
482373.0
 20
129868.3
 10
483490.3
 20
130137.1
 10
484610.8
 20
130401.3
 10
485735.4
 20
130660.2
 10
486865.0
 20
130913.3
 10
488000.2
 20
131160.9
 10
489141.1
 20
131406.6
 10
490287.4
 20
131654.8
 10
491438.9
 20
131909.8
 10
492595.5
 20
132176.0
 10
493756.9
 20
132457.5
 10
494922.9
 20
132758.9
 10
496093.4
 20
133084.4
 10
497265.2
 20
133438.4
 10
498427.9
 20
133825.8
 10
499570.2
 20
134251.1
 10
500680.4
 20
134719.2
 10
501747.1
 20
135234.8
 10
502758.7
 20
135802.7
 10
503703.9
 20
136427.6
 10
504571.1
 20
137114.2
 10
505348.8
 20
137867.4
 10
506025.5
 20
138691.8
 10
506589.7
 20
139592.2
 10
507029.9
 20
140573.4
 10
507337.3
 20
141638.8
 10
507531.9
 20
142776.5
 10
507651.2
 20
143965.6
 10
507733.5
 20
145185.0
 10
507816.6
 20
146413.5
 10
507938.6
 20
147629.9
 10
508137.6
 20
148813.0
 10
508436.2
 20
149949.6
 10
508809.4
 20
151051.6
 10
509222.3
 20
152135.9
 10
509641.0
 20
153218.9
 10
510048.2
 20
154309.0
 10
510444.1
 20
155406.1
 10
510829.8
 20
156509.5
 10
511206.5
 20
157618.8
 10
511575.2
 20
158733.2
 10
511937.1
 20
159852.4
 10
512293.2
 20
160975.7
 10
512644.7
 20
162102.5
 10
512992.7
 20
163232.3
 10
513338.2
 20
164364.4
 10
513682.4
 20
165498.5
 10
514025.8
 20
166633.8
 10
514366.7
 20
167770.3
 10
514703.0
 20
168907.7
 10
515032.8
 20
170045.8
 10
515353.9
 20
171184.5
 10
515664.2
 20
172323.6
 10
515961.7
 20
173462.9
 10
516244.4
 20
174602.3
 10
516510.0
 20
175741.4
 10
516756.7
 20
176880.3
 10
516982.2
 20
178018.6
 10
517184.6
 20
179156.2
 10
517361.7
 20
180293.0
 10
517513.7
 20
181429.0
 10
517646.3
 20
182565.4
 10
517765.6
 20
183703.2
 10
517878.0
 20
184843.6
 10
517989.7
 20
185987.8
 10
518107.2
 20
187136.8
 10
518236.6
 20
188291.8
 10
518384.4
 20
189454.1
 10
518555.9
 20
190624.4
 10
518737.1
 20
191800.6
 10
518892.3
 20
192976.6
 10
518985.2
 20
194146.3
 10
518979.3
 20
195303.5
 10
518847.1
 20
196442.9
 10
518593.7
 20
197562.3
 10
518231.8
 20
198660.1
 10
517773.9
 20
199734.8
 10
517232.5
 20
200784.8
 10
516620.3
 20
201808.7
 10
515949.7
 20
202804.9
 10
515233.5
 20
203771.9
 10
514484.1
 20
204708.1
 10
513710.1
 20
205613.2
 10
512913.4
 20
206488.6
 10
512095.2
 20
207336.1
 10
511256.7
 20
208157.4
 10
510399.2
 20
208954.2
 10
509523.9
 20
209728.2
 10
508631.9
 20
210481.2
 10
507724.6
 20
211214.9
 10
506803.1
 20
211930.9
 10
505868.6
 20
212631.1
 10
504922.4
 20
213317.0
 10
503965.6
 20
213990.5
 10
502999.6
 20
214653.3
 10
502025.4
 20
215307.0
 10
501044.4
 20
215953.3
 10
500057.8
 20
216594.1
 10
499066.7
 20
217231.0
 10
498072.4
 20
217865.7
 10
497076.1
 20
218499.8
 10
496077.9
 20
219133.4
 10
495077.8
 20
219765.8
 10
494075.6
 20
220396.5
 10
493071.2
 20
221024.6
 10
492064.4
 20
221649.7
 10
491055.1
 20
222270.9
 10
490043.1
 20
222887.7
 10
489028.3
 20
223499.5
 10
488010.6
 20
224105.5
 10
486989.7
 20
224705.1
 10
485965.7
 20
225297.7
 10
484938.2
 20
225882.6
 10
483907.2
 20
226459.1
 10
482872.5
 20
227026.6
 10
481833.9
 20
227584.4
 10
480791.4
 20
228131.9
 10
479744.8
 20
228668.5
 10
478693.9
 20
229193.4
 10
477638.6
 20
229706.0
 10
476578.8
 20
230205.7
 10
475514.2
 20
230691.8
 10
474444.8
 20
231163.6
 10
473370.4
 20
231620.5
 10
472290.9
 20
232061.9
 10
471206.0
 20
232487.1
 10
470115.8
 20
232895.4
 10
469019.9
 20
233286.2
 10
467918.4
 20
233658.8
 10
466811.0
 20
234012.5
 10
465697.5
 20
234346.8
 10
464577.9
 20
234661.0
 10
463452.0
 20
234954.3
 10
462319.7
 20
235226.2
 10
461180.7
 20
235476.0
 10
460035.0
 20
235703.1
 10
458882.5
 20
235906.7
 10
457723.2
 20
236085.8
 10
456558.5
 20
236237.5
 10
455390.2
 20
236358.7
 10
454219.9
 20
236445.9
 10
453049.3
 20
236495.9
 10
451880.0
 20
236505.6
 10
450713.6
 20
236471.6
 10
449552.0
 20
236390.6
 10
448396.6
 20
236259.5
 10
447249.3
 20
236074.9
 10
446111.6
 20
235833.5
 10
444985.3
 20
235532.3
 10
443871.9
 20
235167.7
 10
442773.2
 20
234736.7
 10
441690.7
 20
234238.4
 10
440625.3
 20
233680.6
 10
439578.2
 20
233073.0
 10
438550.0
 20
232425.3
 10
437541.8
 20
231747.2
 10
436554.5
 20
231048.3
 10
435588.9
 20
230338.1
 10
434644.6
 20
229621.0
 10
433720.3
 20
228896.8
 10
432814.2
 20
228165.0
 10
431924.9
 20
227425.3
 10
431050.7
 20
226677.2
 10
430190.2
 20
225920.4
 10
429341.9
 20
225154.3
 10
428504.0
 20
224378.6
 10
427675.1
 20
223592.9
 10
426853.7
 20
222796.7
 10
426038.2
 20
221989.7
 10
425227.0
 20
221171.4
 10
424418.6
 20
220341.4
 10
423611.4
 20
219499.3
 10
422803.9
 20
218644.7
 10
421996.0
 20
217777.4
 10
421189.8
 20
216897.3
 10
420387.8
 20
216004.6
 10
419592.3
 20
215099.3
 10
418805.6
 20
214181.6
 10
418030.1
 20
213251.4
 10
417268.1
 20
212308.9
 10
416522.1
 20
211354.1
 10
415794.4
 20
210387.1
 10
415087.3
 20
209407.9
 10
414403.2
 20
208416.7
 10
413744.5
 20
207413.5
 10
413113.6
 20
206398.4
 10
412512.7
 20
205371.5
 10
411944.2
 20
204332.7
 10
411410.6
 20
203282.3
 10
410914.2
 20
202220.2
 10
410457.2
 20
201146.6
 10
410042.2
 20
200061.4
 10
409671.4
 20
198964.9
 10
409347.3
 20
197857.0
 10
409071.2
 20
196738.0
 10
408841.9
 20
195608.9
 10
408657.4
 20
194470.7
 10
408515.8
 20
193324.5
 10
408415.2
 20
192171.3
 10
408353.7
 20
191012.2
 10
408329.4
 20
189848.2
 10
408340.4
 20
188680.4
 10
408384.7
 20
187509.9
 10
408460.4
 20
186337.6
 10
408565.7
 20
185164.7
 10
408698.6
 20
183992.3
 10
408857.3
 20
182821.3
 10
409039.7
 20
181652.8
 10
409244.0
 20
180487.9
 10
409468.3
 20
179327.6
 10
409710.7
 20
178173.1
  0
TEXT
  5
4E
330
17
100
AcDbEntity
  8
ISO_LABELS
100
AcDbText
 10
500057.8
 20
216594.1
 30
0.0
 40
6000.0
  1
21.5
 72
1
 11
500057.8
 21
216594.1
 31
0.0
100
AcDbText
 73
2
  0
LWPOLYLINE
  5
4F
330
17
100
AcDbEntity
  8
ISO_HALF
100
AcDbPolyline
 90
1145
 70
0
 10
354305.1
 20
44742.3
 10
353807.7
 20
45497.5
 10
353310.2
 20
46254.6
 10
352812.7
 20
47013.6
 10
352315.4
 20
47774.5
 10
351818.2
 20
48537.2
 10
351321.3
 20
49301.8
 10
350824.9
 20
50068.2
 10
350329.0
 20
50836.6
 10
349833.7
 20
51606.8
 10
349339.1
 20
52378.9
 10
348845.3
 20
53152.9
 10
348352.4
 20
53928.9
 10
347860.5
 20
54706.7
 10
347369.7
 20
55486.4
 10
346880.2
 20
56268.0
 10
346391.9
 20
57051.6
 10
345905.1
 20
57837.1
 10
345419.7
 20
58624.4
 10
344936.0
 20
59413.7
 10
344454.0
 20
60205.0
 10
343973.8
 20
60998.1
 10
343495.5
 20
61793.2
 10
343019.2
 20
62590.3
 10
342545.0
 20
63389.3
 10
342073.0
 20
64190.2
 10
341603.3
 20
64993.1
 10
341136.0
 20
65797.9
 10
340671.2
 20
66604.7
 10
340209.0
 20
67413.5
 10
339749.5
 20
68224.2
 10
339292.9
 20
69036.9
 10
338839.1
 20
69851.5
 10
338388.3
 20
70668.1
 10
337940.6
 20
71486.8
 10
337496.2
 20
72307.4
 10
337055.0
 20
73129.9
 10
336617.2
 20
73954.5
 10
336182.9
 20
74781.1
 10
335752.3
 20
75609.7
 10
335325.3
 20
76440.2
 10
334902.1
 20
77272.8
 10
334482.8
 20
78107.4
 10
334067.6
 20
78944.0
 10
333656.4
 20
79782.6
 10
333249.4
 20
80623.2
 10
332846.7
 20
81465.9
 10
332448.4
 20
82310.6
 10
332054.6
 20
83157.3
 10
331665.4
 20
84006.1
 10
331280.9
 20
84856.8
 10
330901.2
 20
85709.7
 10
330526.3
 20
86564.6
 10
330156.5
 20
87421.5
 10
329791.8
 20
88280.5
 10
329432.2
 20
89141.5
 10
329078.0
 20
90004.6
 10
328729.1
 20
90869.8
 10
328385.7
 20
91737.1
 10
328047.9
 20
92606.4
 10
327715.9
 20
93477.8
 10
327389.6
 20
94351.2
 10
327069.1
 20
95226.8
 10
326754.7
 20
96104.4
 10
326446.4
 20
96984.2
 10
326144.3
 20
97866.0
 10
325848.4
 20
98749.9
 10
325558.9
 20
99635.9
 10
325276.0
 20
100524.1
 10
324999.6
 20
101414.3
 10
324729.9
 20
102306.7
 10
324466.9
 20
103201.2
 10
324210.9
 20
104097.8
 10
323961.9
 20
104996.5
 10
323719.9
 20
105897.3
 10
323485.1
 20
106800.3
 10
323257.6
 20
107705.4
 10
323037.4
 20
108612.7
 10
322824.3
 20
109522.0
 10
322618.3
 20
110433.5
 10
322419.1
 20
111346.9
 10
322226.6
 20
112262.4
 10
322040.6
 20
113179.9
 10
321861.1
 20
114099.4
 10
321687.9
 20
115020.8
 10
321520.8
 20
115944.1
 10
321359.7
 20
116869.3
 10
321204.5
 20
117796.4
 10
321054.9
 20
118725.4
 10
320910.9
 20
119656.1
 10
320772.3
 20
120588.6
 10
320639.0
 20
121522.9
 10
320510.8
 20
122459.0
 10
320387.6
 20
123396.7
 10
320269.2
 20
124336.1
 10
320155.5
 20
125277.2
 10
320046.3
 20
126219.9
 10
319941.5
 20
127164.3
 10
319841.0
 20
128110.2
 10
319744.6
 20
129057.6
 10
319652.2
 20
130006.6
 10
319563.5
 20
130957.1
 10
319478.6
 20
131909.0
 10
319397.2
 20
132862.4
 10
319319.1
 20
133817.3
 10
319244.3
 20
134773.5
 10
319172.6
 20
135731.1
 10
319103.9
 20
136690.0
 10
319037.9
 20
137650.3
 10
318974.6
 20
138611.8
 10
318913.8
 20
139574.6
 10
318855.4
 20
140538.7
 10
318799.3
 20
141503.9
 10
318745.2
 20
142470.4
 10
318693.0
 20
143438.0
 10
318642.7
 20
144406.7
 10
318593.9
 20
145376.6
 10
318546.7
 20
146347.5
 10
318500.9
 20
147319.5
 10
318456.2
 20
148292.6
 10
318412.7
 20
149266.6
 10
318370.0
 20
150241.6
 10
318328.2
 20
151217.5
 10
318286.9
 20
152194.4
 10
318246.2
 20
153172.2
 10
318205.8
 20
154150.9
 10
318165.6
 20
155130.4
 10
318125.4
 20
156110.7
 10
318085.2
 20
157091.8
 10
318044.7
 20
158073.7
 10
318003.9
 20
159056.3
 10
317962.5
 20
160039.7
 10
317920.5
 20
161023.7
 10
317877.6
 20
162008.4
 10
317833.8
 20
162993.8
 10
317788.9
 20
163979.7
 10
317742.8
 20
164966.2
 10
317695.2
 20
165953.3
 10
317646.1
 20
166941.0
 10
317595.4
 20
167929.1
 10
317542.8
 20
168917.7
 10
317488.2
 20
169906.8
 10
317431.6
 20
170896.3
 10
317372.9
 20
171886.2
 10
317312.3
 20
172876.5
 10
317249.9
 20
173867.1
 10
317185.7
 20
174858.1
 10
317120.0
 20
175849.4
 10
317052.7
 20
176840.9
 10
316984.1
 20
177832.7
 10
316914.2
 20
178824.8
 10
316843.1
 20
179817.1
 10
316771.0
 20
180809.5
 10
316697.9
 20
181802.1
 10
316624.0
 20
182794.9
 10
316549.3
 20
183787.7
 10
316474.1
 20
184780.7
 10
316398.3
 20
185773.7
 10
316322.1
 20
186766.7
 10
316245.6
 20
187759.8
 10
316169.0
 20
188752.8
 10
316092.2
 20
189745.9
 10
316015.5
 20
190738.8
 10
315938.9
 20
191731.7
 10
315862.6
 20
192724.5
 10
315786.6
 20
193717.1
 10
315711.2
 20
194709.6
 10
315636.2
 20
195701.9
 10
315562.0
 20
196694.0
 10
315488.6
 20
197685.9
 10
315416.0
 20
198677.5
 10
315344.5
 20
199668.9
 10
315274.1
 20
200659.9
 10
315204.9
 20
201650.7
 10
315137.1
 20
202641.0
 10
315070.7
 20
203631.0
 10
315005.9
 20
204620.6
 10
314942.7
 20
205609.8
 10
314881.4
 20
206598.5
 10
314821.9
 20
207586.8
 10
314764.4
 20
208574.5
 10
314709.0
 20
209561.8
 10
314655.8
 20
210548.5
 10
314604.9
 20
211534.6
 10
314556.5
 20
212520.1
 10
314510.6
 20
213505.1
 10
314467.3
 20
214489.3
 10
314426.8
 20
215473.0
 10
314389.2
 20
216455.9
 10
314354.5
 20
217438.1
 10
314322.9
 20
218419.5
 10
314294.5
 20
219400.2
 10
314269.5
 20
220380.2
 10
314247.8
 20
221359.3
 10
314229.6
 20
222337.5
 10
314215.1
 20
223314.9
 10
314204.3
 20
224291.5
 10
314197.4
 20
225267.1
 10
314194.4
 20
226241.8
 10
314195.5
 20
227215.5
 10
314200.7
 20
228188.2
 10
314210.2
 20
229160.0
 10
314224.2
 20
230130.7
 10
314242.6
 20
231100.3
 10
314265.6
 20
232068.9
 10
314293.4
 20
233036.3
 10
314325.9
 20
234002.7
 10
314363.3
 20
234967.9
 10
314405.4
 20
235932.0
 10
314452.3
 20
236894.9
 10
314503.8
 20
237856.7
 10
314560.0
 20
238817.4
 10
314620.8
 20
239777.0
 10
314686.1
 20
240735.4
 10
314756.0
 20
241692.8
 10
314830.4
 20
242648.9
 10
314909.2
 20
243604.0
 10
314992.4
 20
244558.0
 10
315079.9
 20
245510.8
 10
315171.8
 20
246462.5
 10
315267.9
 20
247413.1
 10
315368.3
 20
248362.6
 10
315472.8
 20
249310.9
 10
315581.6
 20
250258.2
 10
315694.4
 20
251204.3
 10
315811.3
 20
252149.3
 10
315932.2
 20
253093.2
 10
316057.1
 20
254036.0
 10
316186.0
 20
254977.7
 10
316318.7
 20
255918.2
 10
316455.4
 20
256857.7
 10
316595.8
 20
257796.0
 10
316740.0
 20
258733.3
 10
316888.0
 20
259669.4
 10
317039.7
 20
260604.4
 10
317195.0
 20
261538.4
 10
317354.0
 20
262471.2
 10
317516.5
 20
263402.9
 10
317682.5
 20
264333.5
 10
317852.1
 20
265263.0
 10
318025.1
 20
266191.4
 10
318201.5
 20
267118.8
 10
318381.3
 20
268045.0
 10
318564.4
 20
268970.1
 10
318750.8
 20
269894.1
 10
318940.5
 20
270817.0
 10
319133.4
 20
271738.9
 10
319329.4
 20
272659.6
 10
319528.5
 20
273579.3
 10
319730.8
 20
274497.8
 10
319936.1
 20
275415.3
 10
320144.3
 20
276331.7
 10
320355.6
 20
277247.0
 10
320569.8
 20
278161.2
 10
320786.8
 20
279074.3
 10
321006.7
 20
279986.3
 10
321229.4
 20
280897.3
 10
321454.8
 20
281807.1
 10
321682.9
 20
282715.9
 10
321913.8
 20
283623.6
 10
322147.2
 20
284530.2
 10
322383.3
 20
285435.8
 10
322621.8
 20
286340.2
 10
322863.0
 20
287243.6
 10
323106.5
 20
288145.9
 10
323352.5
 20
289047.1
 10
323600.9
 20
289947.3
 10
323851.6
 20
290846.3
 10
324104.7
 20
291744.3
 10
324360.0
 20
292641.3
 10
324617.5
 20
293537.1
 10
324877.2
 20
294431.9
 10
325139.0
 20
295325.6
 10
325403.0
 20
296218.3
 10
325669.0
 20
297109.8
 10
325937.3
 20
298000.3
 10
326207.7
 20
298889.7
 10
326480.4
 20
299778.0
 10
326755.3
 20
300665.1
 10
327032.6
 20
301551.2
 10
327312.2
 20
302436.1
 10
327594.2
 20
303319.8
 10
327878.5
 20
304202.4
 10
328165.4
 20
305083.9
 10
328454.7
 20
305964.1
 10
328746.5
 20
306843.2
 10
329040.9
 20
307721.1
 10
329337.8
 20
308597.7
 10
329637.4
 20
309473.2
 10
329939.7
 20
310347.4
 10
330244.6
 20
311220.4
 10
330552.3
 20
312092.2
 10
330862.7
 20
312962.7
 10
331175.9
 20
313832.0
 10
331492.0
 20
314699.9
 10
331810.9
 20
315566.6
 10
332132.7
 20
316432.0
 10
332457.5
 20
317296.2
 10
332785.2
 20
318158.9
 10
333116.0
 20
319020.4
 10
333449.8
 20
319880.6
 10
333786.6
 20
320739.4
 10
334126.6
 20
321596.8
 10
334469.8
 20
322452.9
 10
334816.1
 20
323307.6
 10
335165.6
 20
324161.0
 10
335518.4
 20
325013.0
 10
335874.5
 20
325863.5
 10
336233.9
 20
326712.7
 10
336596.6
 20
327560.4
 10
336962.8
 20
328406.7
 10
337332.4
 20
329251.6
 10
337705.4
 20
330095.1
 10
338082.0
 20
330937.0
 10
338462.1
 20
331777.5
 10
338845.7
 20
332616.6
 10
339233.0
 20
333454.1
 10
339623.9
 20
334290.2
 10
340018.5
 20
335124.7
 10
340416.8
 20
335957.8
 10
340818.8
 20
336789.3
 10
341224.6
 20
337619.3
 10
341634.3
 20
338447.7
 10
342047.8
 20
339274.6
 10
342465.1
 20
340099.9
 10
342886.4
 20
340923.7
 10
343311.7
 20
341745.9
 10
343740.9
 20
342566.5
 10
344174.2
 20
343385.4
 10
344611.5
 20
344202.8
 10
345053.0
 20
345018.6
 10
345498.5
 20
345832.7
 10
345948.3
 20
346645.2
 10
346402.2
 20
347456.0
 10
346860.4
 20
348265.2
 10
347322.8
 20
349072.7
 10
347789.6
 20
349878.5
 10
348260.7
 20
350682.6
 10
348736.2
 20
351485.1
 10
349216.1
 20
352285.8
 10
349700.4
 20
353084.8
 10
350189.2
 20
353882.1
 10
350682.6
 20
354677.7
 10
351180.5
 20
355471.5
 10
351682.9
 20
356263.5
 10
352190.0
 20
357053.8
 10
352701.8
 20
357842.3
 10
353218.3
 20
358629.1
 10
353739.3
 20
359414.1
 10
354264.7
 20
360197.4
 10
354794.5
 20
360979.0
 10
355328.4
 20
361759.1
 10
355866.2
 20
362537.7
 10
356407.9
 20
363314.7
 10
356953.3
 20
364090.4
 10
357502.2
 20
364864.7
 10
358054.5
 20
365637.7
 10
358610.1
 20
366409.4
 10
359168.8
 20
367179.9
 10
359730.4
 20
367949.2
 10
360294.8
 20
368717.5
 10
360861.9
 20
369484.7
 10
361431.4
 20
370250.9
 10
362003.4
 20
371016.1
 10
362577.5
 20
371780.5
 10
363153.7
 20
372544.1
 10
363731.8
 20
373306.8
 10
364311.7
 20
374068.9
 10
364893.2
 20
374830.2
 10
365476.1
 20
375590.9
 10
366060.4
 20
376351.1
 10
366645.8
 20
377110.8
 10
367232.3
 20
377870.0
 10
367819.6
 20
378628.8
 10
368407.7
 20
379387.2
 10
368996.4
 20
380145.3
 10
369585.4
 20
380903.2
 10
370174.8
 20
381660.9
 10
370764.3
 20
382418.5
 10
371353.8
 20
383175.9
 10
371943.1
 20
383933.4
 10
372532.1
 20
384690.8
 10
373120.7
 20
385448.3
 10
373708.6
 20
386206.0
 10
374295.8
 20
386963.8
 10
374882.1
 20
387721.9
 10
375467.3
 20
388480.3
 10
376051.4
 20
389239.0
 10
376634.1
 20
389998.0
 10
377215.5
 20
390757.4
 10
377796.2
 20
391516.4
 10
378376.7
 20
392274.7
 10
378957.5
 20
393031.6
 10
379539.0
 20
393786.7
 10
380122.0
 20
394539.5
 10
380706.7
 20
395289.3
 10
381293.9
 20
396035.8
 10
381884.0
 20
396778.3
 10
382477.5
 20
397516.4
 10
383074.9
 20
398249.4
 10
383676.9
 20
398977.0
 10
384283.8
 20
399698.5
 10
384896.3
 20
400413.4
 10
385514.8
 20
401121.3
 10
386139.9
 20
401821.6
 10
386772.1
 20
402513.7
 10
387411.9
 20
403197.2
 10
388059.8
 20
403871.5
 10
388716.4
 20
404536.0
 10
389382.1
 20
405190.5
 10
390056.6
 20
405835.0
 10
390739.8
 20
406469.9
 10
391431.1
 20
407095.5
 10
392130.3
 20
407712.2
 10
392837.0
 20
408320.3
 10
393550.8
 20
408920.2
 10
394271.5
 20
409512.1
 10
394998.6
 20
410096.4
 10
395731.8
 20
410673.5
 10
396470.8
 20
411243.6
 10
397215.3
 20
411807.2
 10
397964.8
 20
412364.6
 10
398719.0
 20
412916.0
 10
399477.6
 20
413462.0
 10
400240.3
 20
414002.6
 10
401006.6
 20
414538.5
 10
401776.3
 20
415069.7
 10
402549.0
 20
415596.8
 10
403324.3
 20
416120.0
 10
404102.0
 20
416639.5
 10
404882.2
 20
417155.3
 10
405664.7
 20
417667.4
 10
406449.7
 20
418175.8
 10
407237.0
 20
418680.3
 10
408026.7
 20
419181.0
 10
408818.8
 20
419677.8
 10
409613.2
 20
420170.7
 10
410410.0
 20
420659.7
 10
411209.2
 20
421144.6
 10
412010.7
 20
421625.6
 10
412814.6
 20
422102.4
 10
413620.8
 20
422575.2
 10
414429.4
 20
423043.8
 10
415240.3
 20
423508.3
 10
416053.5
 20
423968.5
 10
416869.0
 20
424424.5
 10
417686.9
 20
424876.2
 10
418507.1
 20
425323.6
 10
419329.5
 20
425766.6
 10
420154.3
 20
426205.2
 10
420981.4
 20
426639.3
 10
421810.8
 20
427069.0
 10
422642.4
 20
427494.2
 10
423476.3
 20
427914.8
 10
424312.5
 20
428330.8
 10
425151.0
 20
428742.2
 10
425991.7
 20
429148.9
 10
426834.7
 20
429551.0
 10
427680.0
 20
429948.3
 10
428527.5
 20
430340.8
 10
429377.2
 20
430728.5
 10
430229.2
 20
431111.3
 10
431083.4
 20
431489.3
 10
431939.8
 20
431862.3
 10
432798.4
 20
432230.4
 10
433659.3
 20
432593.4
 10
434522.4
 20
432951.5
 10
435387.6
 20
433304.4
 10
436255.1
 20
433652.2
 10
437124.8
 20
433994.9
 10
437996.6
 20
434332.4
 10
438870.7
 20
434664.7
 10
439746.9
 20
434991.6
 10
440625.3
 20
435313.3
 10
441505.8
 20
435629.7
 10
442388.5
 20
435940.7
 10
443273.4
 20
436246.2
 10
444160.4
 20
436546.3
 10
445049.6
 20
436841.0
 10
445940.9
 20
437130.0
 10
446834.3
 20
437413.6
 10
447729.9
 20
437691.5
 10
448627.6
 20
437963.8
 10
449527.4
 20
438230.4
 10
450429.3
 20
438491.3
 10
451333.3
 20
438746.4
 10
452239.4
 20
438995.7
 10
453147.7
 20
439239.3
 10
454058.0
 20
439476.9
 10
454970.4
 20
439708.7
 10
455884.9
 20
439934.5
 10
456801.4
 20
440154.3
 10
457720.1
 20
440368.1
 10
458640.7
 20
440575.9
 10
459563.5
 20
440777.6
 10
460488.3
 20
440973.1
 10
461415.2
 20
441162.5
 10
462344.0
 20
441345.7
 10
463275.0
 20
441522.6
 10
464207.9
 20
441693.3
 10
465142.9
 20
441857.6
 10
466080.0
 20
442015.6
 10
467019.0
 20
442167.2
 10
467960.0
 20
442312.4
 10
468903.0
 20
442451.1
 10
469847.8
 20
442583.4
 10
470794.5
 20
442709.1
 10
471742.8
 20
442828.2
 10
472692.7
 20
442940.8
 10
473644.1
 20
443046.8
 10
474596.9
 20
443146.1
 10
475551.1
 20
443238.8
 10
476506.6
 20
443324.8
 10
477463.2
 20
443404.0
 10
478420.9
 20
443476.5
 10
479379.5
 20
443542.3
 10
480339.1
 20
443601.1
 10
481299.5
 20
443653.2
 10
482260.7
 20
443698.4
 10
483222.5
 20
443736.7
 10
484184.8
 20
443768.0
 10
485147.6
 20
443792.4
 10
486110.8
 20
443809.8
 10
487074.3
 20
443820.2
 10
488038.0
 20
443823.5
 10
489001.9
 20
443819.7
 10
489965.7
 20
443808.9
 10
490929.6
 20
443790.9
 10
491893.3
 20
443765.7
 10
492856.7
 20
443733.3
 10
493819.9
 20
443693.7
 10
494782.6
 20
443646.9
 10
495744.9
 20
443592.7
 10
496706.6
 20
443531.3
 10
497667.7
 20
443462.5
 10
498628.0
 20
443386.3
 10
499587.5
 20
443302.7
 10
500546.0
 20
443211.7
 10
501503.6
 20
443113.2
 10
502460.1
 20
443007.3
 10
503415.4
 20
442893.8
 10
504369.4
 20
442772.7
 10
505322.1
 20
442644.1
 10
506273.3
 20
442507.8
 10
507223.0
 20
442364.0
 10
508171.1
 20
442212.4
 10
509117.5
 20
442053.2
 10
510062.1
 20
441886.2
 10
511004.9
 20
441711.4
 10
511945.7
 20
441528.9
 10
512884.4
 20
441338.6
 10
513821.0
 20
441140.4
 10
514755.4
 20
440934.3
 10
515687.5
 20
440720.3
 10
516617.2
 20
440498.4
 10
517544.4
 20
440268.5
 10
518469.1
 20
440030.6
 10
519391.1
 20
439784.7
 10
520310.3
 20
439530.8
 10
521226.8
 20
439268.7
 10
522140.3
 20
438998.6
 10
523050.8
 20
438720.3
 10
523958.2
 20
438433.8
 10
524862.5
 20
438139.2
 10
525763.5
 20
437836.3
 10
526661.1
 20
437525.1
 10
527555.3
 20
437205.6
 10
528446.0
 20
436877.9
 10
529333.1
 20
436541.7
 10
530216.5
 20
436197.2
 10
531096.1
 20
435844.4
 10
531972.0
 20
435483.1
 10
532844.0
 20
435113.7
 10
533712.3
 20
434736.0
 10
534576.7
 20
434350.2
 10
535437.3
 20
433956.4
 10
536294.2
 20
433554.7
 10
537147.2
 20
433145.0
 10
537996.3
 20
432727.5
 10
538841.6
 20
432302.3
 10
539683.1
 20
431869.4
 10
540520.7
 20
431428.9
 10
541354.5
 20
430980.9
 10
542184.4
 20
430525.5
 10
543010.4
 20
430062.6
 10
543832.5
 20
429592.5
 10
544650.7
 20
429115.1
 10
545465.1
 20
428630.6
 10
546275.5
 20
428139.0
 10
547082.1
 20
427640.4
 10
547884.7
 20
427134.8
 10
548683.4
 20
426622.4
 10
549478.1
 20
426103.1
 10
550268.9
 20
425577.2
 10
551055.8
 20
425044.6
 10
551838.7
 20
424505.5
 10
552617.7
 20
423959.8
 10
553392.7
 20
423407.7
 10
554163.7
 20
422849.3
 10
554930.7
 20
422284.6
 10
555693.8
 20
421713.6
 10
556452.9
 20
421136.6
 10
557207.9
 20
420553.5
 10
557958.9
 20
419964.4
 10
558706.0
 20
419369.3
 10
559449.0
 20
418768.5
 10
560188.0
 20
418161.8
 10
560922.9
 20
417549.5
 10
561653.8
 20
416931.6
 10
562380.6
 20
416308.1
 10
563103.4
 20
415679.1
 10
563822.1
 20
415044.8
 10
564536.8
 20
414405.1
 10
565247.3
 20
413760.1
 10
565953.8
 20
413110.0
 10
566656.2
 20
412454.7
 10
567354.5
 20
411794.4
 10
568048.7
 20
411129.2
 10
568738.7
 20
410459.1
 10
569424.7
 20
409784.1
 10
570106.5
 20
409104.4
 10
570784.1
 20
408420.1
 10
571457.7
 20
407731.1
 10
572127.0
 20
407037.6
 10
572792.3
 20
406339.7
 10
573453.3
 20
405637.4
 10
574110.2
 20
404930.8
 10
574762.9
 20
404219.9
 10
575411.4
 20
403504.9
 10
576055.8
 20
402785.8
 10
576695.9
 20
402062.7
 10
577331.8
 20
401335.7
 10
577963.5
 20
400604.8
 10
578591.0
 20
399870.1
 10
579214.3
 20
399131.7
 10
579833.3
 20
398389.7
 10
580448.1
 20
397644.0
 10
581058.6
 20
396894.9
 10
581664.9
 20
396142.3
 10
582266.9
 20
395386.4
 10
582864.7
 20
394627.2
 10
583458.1
 20
393864.9
 10
584047.3
 20
393099.3
 10
584632.2
 20
392330.7
 10
585212.8
 20
391559.2
 10
585789.1
 20
390784.7
 10
586361.1
 20
390007.4
 10
586928.7
 20
389227.3
 10
587492.1
 20
388444.5
 10
588051.0
 20
387659.1
 10
588605.7
 20
386871.1
 10
589156.0
 20
386080.7
 10
589702.0
 20
385287.8
 10
590243.4
 20
384492.6
 10
590779.8
 20
383694.9
 10
591310.6
 20
382894.6
 10
591835.2
 20
382091.6
 10
592352.9
 20
381285.8
 10
592863.3
 20
380476.9
 10
593365.6
 20
379665.0
 10
593859.4
 20
378849.8
 10
594344.0
 20
378031.3
 10
594818.8
 20
377209.3
 10
595283.3
 20
376383.7
 10
595736.8
 20
375554.4
 10
596178.8
 20
374721.3
 10
596608.7
 20
373884.2
 10
597025.8
 20
373043.0
 10
597429.6
 20
372197.5
 10
597819.5
 20
371347.8
 10
598194.9
 20
370493.6
 10
598555.2
 20
369634.8
 10
598900.0
 20
368771.3
 10
599229.7
 20
367903.4
 10
599545.7
 20
367031.4
 10
599849.0
 20
366155.6
 10
600140.7
 20
365276.5
 10
600422.0
 20
364394.4
 10
600694.1
 20
363509.7
 10
600958.0
 20
362622.7
 10
601215.0
 20
361733.9
 10
601466.2
 20
360843.5
 10
601712.7
 20
359952.0
 10
601955.6
 20
359059.7
 10
602196.2
 20
358167.0
 10
602435.5
 20
357274.3
 10
602674.7
 20
356381.9
 10
602915.0
 20
355490.2
 10
603157.5
 20
354599.6
 10
603403.2
 20
353710.4
 10
603652.8
 20
352822.8
 10
603906.2
 20
351936.8
 10
604163.5
 20
351052.3
 10
604424.6
 20
350169.3
 10
604689.6
 20
349287.9
 10
604958.5
 20
348408.0
 10
605231.2
 20
347529.5
 10
605507.9
 20
346652.6
 10
605788.5
 20
345777.0
 10
606073.0
 20
344903.0
 10
606361.4
 20
344030.3
 10
606653.8
 20
343159.0
 10
606950.1
 20
342289.1
 10
607250.4
 20
341420.6
 10
607554.6
 20
340553.5
 10
607862.9
 20
339687.6
 10
608175.1
 20
338823.1
 10
608491.4
 20
337959.9
 10
608811.6
 20
337097.9
 10
609135.9
 20
336237.3
 10
609464.2
 20
335377.8
 10
609796.5
 20
334519.6
 10
610132.9
 20
333662.6
 10
610473.4
 20
332806.8
 10
610818.0
 20
331952.2
 10
611166.6
 20
331098.8
 10
611519.3
 20
330246.5
 10
611876.1
 20
329395.3
 10
612237.1
 20
328545.2
 10
612602.1
 20
327696.2
 10
612971.3
 20
326848.3
 10
613344.7
 20
326001.5
 10
613722.2
 20
325155.7
 10
614103.8
 20
324310.9
 10
614489.7
 20
323467.2
 10
614879.7
 20
322624.4
 10
615273.9
 20
321782.6
 10
615671.8
 20
320941.6
 10
616072.8
 20
320101.2
 10
616476.4
 20
319261.3
 10
616881.9
 20
318421.7
 10
617288.7
 20
317582.1
 10
617696.2
 20
316742.4
 10
618103.8
 20
315902.3
 10
618510.9
 20
315061.8
 10
618916.8
 20
314220.5
 10
619321.1
 20
313378.4
 10
619722.9
 20
312535.2
 10
620121.9
 20
311690.7
 10
620517.2
 20
310844.7
 10
620908.4
 20
309997.1
 10
621294.9
 20
309147.6
 10
621675.9
 20
308296.1
 10
622051.0
 20
307442.4
 10
622419.5
 20
306586.2
 10
622780.7
 20
305727.5
 10
623134.2
 20
304865.9
 10
623479.2
 20
304001.4
 10
623815.2
 20
303133.6
 10
624141.5
 20
302262.5
 10
624457.6
 20
301387.8
 10
624762.9
 20
300509.4
 10
625056.7
 20
299627.0
 10
625338.4
 20
298740.5
 10
625607.4
 20
297849.7
 10
625863.2
 20
296954.3
 10
626105.0
 20
296054.2
 10
626332.4
 20
295149.3
 10
626544.6
 20
294239.2
 10
626741.1
 20
293323.9
 10
626921.3
 20
292403.0
 10
627084.5
 20
291476.6
 10
627230.3
 20
290544.2
 10
627359.0
 20
289606.2
 10
627471.5
 20
288662.7
 10
627568.8
 20
287714.1
 10
627651.9
 20
286760.6
 10
627721.6
 20
285802.5
 10
627778.9
 20
284840.1
 10
627824.8
 20
283873.7
 10
627860.2
 20
282903.6
 10
627886.1
 20
281930.1
 10
627903.4
 20
280953.3
 10
627913.0
 20
279973.7
 10
627916.0
 20
278991.6
 10
627913.2
 20
278007.1
 10
627905.5
 20
277020.6
 10
627894.0
 20
276032.4
 10
627879.6
 20
275042.8
 10
627863.2
 20
274052.0
 10
627845.8
 20
273060.3
 10
627828.4
 20
272068.0
 10
627811.7
 20
271075.5
 10
627796.9
 20
270082.9
 10
627784.9
 20
269090.6
 10
627776.6
 20
268098.8
 10
627772.9
 20
267107.9
 10
627774.8
 20
266118.2
 10
627783.2
 20
265129.8
 10
627799.2
 20
264143.2
 10
627823.6
 20
263158.5
 10
627857.3
 20
262176.1
 10
627901.4
 20
261196.2
 10
627956.8
 20
260219.2
 10
628024.3
 20
259245.4
 10
628104.3
 20
258274.7
 10
628196.3
 20
257307.2
 10
628300.0
 20
256342.7
 10
628415.0
 20
255381.3
 10
628540.8
 20
254422.9
 10
628677.2
 20
253467.3
 10
628823.6
 20
252514.5
 10
628979.8
 20
251564.4
 10
629145.3
 20
250617.0
 10
629319.8
 20
249672.2
 10
629502.8
 20
248729.9
 10
629694.0
 20
247790.1
 10
629892.9
 20
246852.7
 10
630099.2
 20
245917.5
 10
630312.5
 20
244984.7
 10
630532.4
 20
244054.0
 10
630758.5
 20
243125.4
 10
630990.5
 20
242198.8
 10
631227.8
 20
241274.2
 10
631470.2
 20
240351.5
 10
631717.3
 20
239430.6
 10
631968.6
 20
238511.5
 10
632223.8
 20
237594.1
 10
632482.5
 20
236678.3
 10
632744.3
 20
235764.0
 10
633008.7
 20
234851.3
 10
633275.5
 20
233939.9
 10
633544.2
 20
233029.8
 10
633814.5
 20
232121.1
 10
634085.9
 20
231213.5
 10
634358.0
 20
230307.1
 10
634630.5
 20
229401.7
 10
634903.0
 20
228497.3
 10
635175.1
 20
227593.8
 10
635446.3
 20
226691.2
 10
635716.4
 20
225789.3
 10
635984.9
 20
224888.2
 10
636251.4
 20
223987.7
 10
636515.5
 20
223087.8
 10
636776.9
 20
222188.3
 10
637035.1
 20
221289.3
 10
637289.9
 20
220390.7
 10
637540.6
 20
219492.4
 10
637787.1
 20
218594.2
 10
638028.9
 20
217696.3
 10
638265.6
 20
216798.4
 10
638496.8
 20
215900.5
 10
638722.1
 20
215002.6
 10
638941.2
 20
214104.5
 10
639153.6
 20
213206.2
 10
639358.9
 20
212307.7
 10
639556.9
 20
211408.8
 10
639747.0
 20
210509.6
 10
639928.9
 20
209609.8
 10
640102.2
 20
208709.5
 10
640266.5
 20
207808.6
 10
640421.5
 20
206907.0
 10
640566.6
 20
206004.6
 10
640701.6
 20
205101.5
 10
640826.1
 20
204197.4
 10
640939.6
 20
203292.3
 10
641041.8
 20
202386.3
 10
641132.3
 20
201479.1
 10
641210.6
 20
200570.7
 10
641276.5
 20
199661.1
 10
641329.5
 20
198750.2
 10
641369.2
 20
197837.9
 10
641395.3
 20
196924.1
 10
641407.8
 20
196009.0
 10
641407.2
 20
195092.4
 10
641393.9
 20
194174.6
 10
641368.2
 20
193255.7
 10
641330.7
 20
192335.5
 10
641281.5
 20
191414.4
 10
641221.3
 20
190492.3
 10
641150.4
 20
189569.3
 10
641069.1
 20
188645.5
 10
640977.9
 20
187721.0
 10
640877.3
 20
186795.8
 10
640767.5
 20
185870.0
 10
640649.0
 20
184943.7
 10
640522.1
 20
184017.1
 10
640387.4
 20
183090.0
 10
640245.2
 20
182162.7
 10
640095.9
 20
181235.3
 10
639939.9
 20
180307.7
 10
639777.6
 20
179380.1
 10
639609.4
 20
178452.5
 10
639435.8
 20
177525.0
 10
639257.0
 20
176597.8
 10
639073.6
 20
175670.8
 10
638885.8
 20
174744.2
 10
638694.2
 20
173818.0
 10
638499.2
 20
172892.3
 10
638301.0
 20
171967.2
 10
638100.2
 20
171042.7
 10
637897.1
 20
170119.0
 10
637692.1
 20
169196.2
 10
637485.7
 20
168274.2
 10
637278.2
 20
167353.2
 10
637070.1
 20
166433.2
 10
636861.7
 20
165514.4
 10
636653.5
 20
164596.6
 10
636445.8
 20
163679.8
 10
636239.3
 20
162763.9
 10
636034.2
 20
161848.7
 10
635831.1
 20
160934.0
 10
635630.3
 20
160019.9
 10
635432.4
 20
159106.0
 10
635237.8
 20
158192.4
 10
635046.8
 20
157278.9
 10
634860.0
 20
156365.3
 10
634677.9
 20
155451.6
 10
634500.7
 20
154537.6
 10
634329.1
 20
153623.1
 10
634163.3
 20
152708.2
 10
634004.0
 20
151792.5
 10
633851.4
 20
150876.1
 10
633706.1
 20
149958.7
 10
633568.5
 20
149040.3
 10
633439.1
 20
148120.7
 10
633318.2
 20
147199.8
 10
633206.4
 20
146277.5
 10
633104.0
 20
145353.7
 10
633011.6
 20
144428.2
 10
632929.5
 20
143500.9
 10
632858.2
 20
142571.6
 10
632798.2
 20
141640.3
 10
632749.8
 20
140706.8
 10
632713.6
 20
139771.1
 10
632689.9
 20
138832.9
 10
632679.3
 20
137892.1
 10
632682.1
 20
136948.7
 10
632698.8
 20
136002.4
 10
632729.9
 20
135053.2
 10
632775.6
 20
134101.0
 10
632835.7
 20
133145.8
 10
632909.1
 20
132187.8
 10
632994.9
 20
131227.3
 10
633092.2
 20
130264.2
 10
633200.1
 20
129299.0
 10
633317.6
 20
128331.7
 10
633443.8
 20
127362.5
 10
633577.8
 20
126391.6
 10
633718.6
 20
125419.2
 10
633865.3
 20
124445.5
 10
634017.0
 20
123470.6
 10
634172.8
 20
122494.7
 10
634331.7
 20
121518.1
 10
634492.7
 20
120540.9
 10
634655.0
 20
119563.2
 10
634817.6
 20
118585.3
 10
634979.7
 20
117607.4
 10
635140.2
 20
116629.6
 10
635298.2
 20
115652.0
 10
635452.8
 20
114675.0
 10
635603.1
 20
113698.7
 10
635748.2
 20
112723.2
 10
635887.0
 20
111748.7
 10
636018.8
 20
110775.5
 10
636142.5
 20
109803.7
 10
636257.2
 20
108833.4
 10
636362.0
 20
107864.9
 10
636455.9
 20
106898.4
 10
636538.1
 20
105934.0
 10
636607.6
 20
104971.9
 10
636663.5
 20
104012.3
 10
636704.8
 20
103055.4
 10
636730.7
 20
102101.3
 10
636741.3
 20
101150.1
 10
636736.9
 20
100201.6
 10
636718.0
 20
99255.8
 10
636685.0
 20
98312.7
 10
636638.2
 20
97372.1
 10
636578.1
 20
96434.1
 10
636505.1
 20
95498.5
 10
636419.5
 20
94565.2
 10
636321.7
 20
93634.3
 10
636212.3
 20
92705.5
 10
636091.5
 20
91779.0
 10
635959.7
 20
90854.6
 10
635817.4
 20
89932.1
 10
635665.0
 20
89011.7
 10
635502.8
 20
88093.1
 10
635331.3
 20
87176.4
 10
635150.9
 20
86261.5
 10
634961.9
 20
85348.2
 10
634764.7
 20
84436.6
 10
634559.8
 20
83526.5
 10
634347.6
 20
82617.9
 10
634128.4
 20
81710.8
 10
633902.7
 20
80805.0
 10
633670.9
 20
79900.6
 10
633433.3
 20
78997.3
 10
633190.3
 20
78095.2
 10
632942.5
 20
77194.2
 10
632690.0
 20
76294.2
 10
632433.5
 20
75395.2
 10
632173.1
 20
74497.1
 10
631909.5
 20
73599.8
 10
631642.9
 20
72703.2
 10
631373.7
 20
71807.4
 10
631102.0
 20
70912.3
 10
630827.9
 20
70017.8
 10
630551.4
 20
69124.1
 10
630272.3
 20
68231.2
 10
629990.8
 20
67339.0
 10
629706.8
 20
66447.7
 10
629420.4
 20
65557.2
 10
629131.4
 20
64667.5
 10
628840.0
 20
63778.7
 10
628546.2
 20
62890.8
 10
628249.8
 20
62003.8
 10
627950.9
 20
61117.8
 10
627649.6
 20
60232.7
 10
627345.8
 20
59348.6
 10
627039.5
 20
58465.5
 10
626730.7
 20
57583.4
 10
626419.4
 20
56702.4
 10
626105.6
 20
55822.4
 10
625789.3
 20
54943.6
 10
625470.5
 20
54065.8
 10
625149.2
 20
53189.2
 10
624825.4
 20
52313.8
 10
624499.1
 20
51439.6
 10
624170.3
 20
50566.5
 10
623838.9
 20
49694.7
 10
623505.1
 20
48824.1
 10
623168.7
 20
47954.9
 10
622829.8
 20
47086.9
 10
622488.4
 20
46220.2
 10
622144.5
 20
45354.9
 10
621798.1
 20
44490.9
 10
621449.1
 20
43628.3
 10
621097.6
 20
42767.1
 10
620743.6
 20
41907.4
 10
620387.0
 20
41049.1
 10
620027.9
 20
40192.2
 10
619666.3
 20
39336.9
 10
619302.1
 20
38483.1
 10
618935.4
 20
37630.8
 10
618566.2
 20
36780.1
 10
618194.4
 20
35931.0
 10
617820.0
 20
35083.5
 10
617443.1
 20
34237.6
 10
617063.7
 20
33393.4
 10
616681.7
 20
32550.9
 10
616297.1
 20
31710.0
 10
615910.0
 20
30870.9
 10
615520.3
 20
30033.5
 10
615128.1
 20
29197.9
 10
614733.3
 20
28364.0
 10
614335.9
 20
27532.0
 10
613935.9
 20
26701.8
 10
613533.4
 20
25873.4
 10
613128.3
 20
25047.0
 10
612720.7
 20
24222.4
 10
612310.4
 20
23399.7
 10
611897.6
 20
22579.0
 10
611482.2
 20
21760.3
 10
611064.2
 20
20943.5
 10
610643.7
 20
20128.8
 10
610220.5
 20
19316.1
 10
609794.8
 20
18505.4
 10
609366.4
 20
17696.8
 10
608935.5
 20
16890.4
 10
608502.0
 20
16086.0
 10
608065.8
 20
15283.8
 10
607627.1
 20
14483.7
 10
607185.8
 20
13685.9
 10
606741.8
 20
12890.2
 10
606295.3
 20
12096.8
 10
605846.1
 20
11305.6
 10
605394.4
 20
10516.7
 10
604940.0
 20
9730.1
 10
604482.9
 20
8946.0
 10
604022.5
 20
8164.9
 10
603557.9
 20
7387.7
 10
603088.5
 20
6615.2
 10
602613.4
 20
5848.3
 10
602131.8
 20
5087.8
 10
601642.9
 20
4334.6
 10
601146.0
 20
3589.3
 10
600640.3
 20
2853.0
 10
600124.9
 20
2126.4
 10
599599.1
 20
1410.3
 10
599062.1
 20
705.7
 10
598513.1
 20
13.2
 10
597951.3
 20
-666.2
 10
597376.0
 20
-1331.8
 10
596786.3
 20
-1982.6
 10
596181.4
 20
-2617.9
 10
595560.7
 20
-3236.8
 10
594923.2
 20
-3838.6
 10
594268.4
 20
-4422.5
 10
593596.7
 20
-4989.1
 10
592908.8
 20
-5538.9
 10
592205.2
 20
-6072.6
 10
591486.7
 20
-6590.9
 10
590754.0
 20
-7094.5
 10
590007.5
 20
-7584.0
 10
589248.0
 20
-8060.2
 10
588476.2
 20
-8523.5
 10
587692.6
 20
-8974.8
 10
586898.0
 20
-9414.7
 10
586093.0
 20
-9843.8
 10
585278.2
 20
-10262.9
 10
584454.2
 20
-10672.5
 10
583621.8
 20
-11073.4
 10
582781.6
 20
-11466.3
 10
581934.1
 20
-11851.7
 10
581080.2
 20
-12230.3
 10
580220.3
 20
-12602.9
 10
579355.2
 20
-12970.0
 10
578485.3
 20
-13332.2
 10
577611.2
 20
-13689.8
 10
576733.4
 20
-14043.4
 10
575852.2
 20
-14393.3
 10
574968.3
 20
-14740.1
 10
574082.2
 20
-15084.1
 10
573194.2
 20
-15425.9
 10
572305.0
 20
-15765.8
 10
571415.0
 20
-16104.4
 10
570524.6
 20
-16442.0
 10
569634.5
 20
-16779.1
 10
568745.0
 20
-17116.1
 10
567856.8
 20
-17453.6
 10
566970.2
 20
-17791.8
 10
566085.7
 20
-18131.4
 10
565203.9
 20
-18472.8
 10
564325.3
 20
-18816.3
 10
563450.3
 20
-19162.4
 10
562579.4
 20
-19511.6
 10
561713.0
 20
-19864.2
 10
560851.5
 20
-20220.4
 10
559995.0
 20
-20580.6
 10
559144.0
 20
-20945.0
 10
558298.8
 20
-21313.9
 10
557459.8
 20
-21687.7
 10
556627.2
 20
-22066.5
 10
555801.4
 20
-22450.7
 10
554982.7
 20
-22840.6
 10
554171.4
 20
-23236.5
 10
553367.9
 20
-23638.6
 10
552572.6
 20
-24047.2
 10
551785.7
 20
-24462.6
 10
551007.5
 20
-24885.1
 10
550238.4
 20
-25315.0
 10
549478.8
 20
-25752.6
 10
548728.9
 20
-26198.2
  0
LWPOLYLINE
  5
50
330
17
100
AcDbEntity
  8
ISO_HALF
100
AcDbPolyline
 90
807
 70
0
 10
548130.3
 20
552966.0
 10
547387.9
 20
553341.5
 10
546634.8
 20
553715.6
 10
545871.0
 20
554087.8
 10
545097.0
 20
554458.0
 10
544313.0
 20
554825.8
 10
543519.2
 20
555191.0
 10
542715.9
 20
555553.2
 10
541903.5
 20
555912.3
 10
541082.1
 20
556267.9
 10
540252.0
 20
556619.7
 10
539413.6
 20
556967.5
 10
538567.1
 20
557310.9
 10
537712.6
 20
557649.8
 10
536850.7
 20
557983.8
 10
535981.4
 20
558312.6
 10
535105.1
 20
558636.0
 10
534222.0
 20
558953.7
 10
533332.4
 20
559265.4
 10
532436.6
 20
559570.7
 10
531534.8
 20
559869.6
 10
530627.3
 20
560161.5
 10
529714.5
 20
560446.4
 10
528796.5
 20
560723.8
 10
527873.6
 20
560993.6
 10
526946.1
 20
561255.4
 10
526014.3
 20
561508.9
 10
525078.4
 20
561754.0
 10
524138.7
 20
561990.2
 10
523195.6
 20
562217.3
 10
522249.1
 20
562435.1
 10
521299.7
 20
562643.2
 10
520347.6
 20
562841.3
 10
519393.1
 20
563029.3
 10
518436.3
 20
563206.8
 10
517477.7
 20
563373.5
 10
516517.5
 20
563529.2
 10
515555.9
 20
563673.5
 10
514593.2
 20
563806.2
 10
513629.8
 20
563927.0
 10
512665.7
 20
564035.7
 10
511701.4
 20
564131.8
 10
510737.1
 20
564215.3
 10
509773.1
 20
564285.7
 10
508809.6
 20
564342.9
 10
507846.9
 20
564386.5
 10
506885.3
 20
564416.2
 10
505925.1
 20
564431.7
 10
504966.5
 20
564432.9
 10
504009.7
 20
564419.4
 10
503055.1
 20
564391.0
 10
502102.6
 20
564348.0
 10
501152.3
 20
564290.7
 10
500204.1
 20
564219.5
 10
499258.0
 20
564134.7
 10
498314.0
 20
564036.6
 10
497372.1
 20
563925.5
 10
496432.3
 20
563801.9
 10
495494.6
 20
563666.0
 10
494559.0
 20
563518.1
 10
493625.5
 20
563358.6
 10
492694.0
 20
563187.9
 10
491764.6
 20
563006.1
 10
490837.3
 20
562813.8
 10
489912.0
 20
562611.2
 10
488988.8
 20
562398.7
 10
488067.6
 20
562176.5
 10
487148.4
 20
561945.0
 10
486231.3
 20
561704.6
 10
485316.2
 20
561455.6
 10
484403.1
 20
561198.3
 10
483492.0
 20
560933.0
 10
482582.9
 20
560660.1
 10
481675.9
 20
560379.9
 10
480770.8
 20
560092.7
 10
479867.6
 20
559799.0
 10
478966.5
 20
559498.9
 10
478067.3
 20
559192.9
 10
477170.1
 20
558881.2
 10
476274.9
 20
558564.2
 10
475381.6
 20
558242.3
 10
474490.2
 20
557915.8
 10
473600.8
 20
557584.9
 10
472713.3
 20
557250.1
 10
471827.7
 20
556911.7
 10
470944.0
 20
556569.9
 10
470062.3
 20
556225.2
 10
469182.4
 20
555877.8
 10
468304.5
 20
555528.2
 10
467428.4
 20
555176.5
 10
466554.2
 20
554823.3
 10
465681.9
 20
554468.7
 10
464811.5
 20
554113.1
 10
463943.0
 20
553756.9
 10
463076.2
 20
553400.4
 10
462211.4
 20
553044.0
 10
461348.4
 20
552687.8
 10
460487.2
 20
552332.4
 10
459627.9
 20
551978.0
 10
458770.3
 20
551624.9
 10
457914.6
 20
551273.0
 10
457060.6
 20
550922.3
 10
456208.3
 20
550572.7
 10
455357.5
 20
550224.0
 10
454508.4
 20
549876.2
 10
453660.8
 20
549529.0
 10
452814.7
 20
549182.4
 10
451970.0
 20
548836.3
 10
451126.6
 20
548490.5
 10
450284.6
 20
548145.0
 10
449443.9
 20
547799.6
 10
448604.4
 20
547454.2
 10
447766.1
 20
547108.6
 10
446928.9
 20
546762.9
 10
446092.7
 20
546416.8
 10
445257.6
 20
546070.2
 10
444423.5
 20
545723.1
 10
443590.3
 20
545375.3
 10
442757.9
 20
545026.6
 10
441926.4
 20
544677.0
 10
441095.7
 20
544326.4
 10
440265.6
 20
543974.7
 10
439436.3
 20
543621.6
 10
438607.5
 20
543267.2
 10
437779.3
 20
542911.2
 10
436951.7
 20
542553.7
 10
436124.5
 20
542194.4
 10
435297.7
 20
541833.2
 10
434471.3
 20
541470.1
 10
433645.2
 20
541104.8
 10
432819.4
 20
540737.4
 10
431993.8
 20
540367.6
 10
431168.4
 20
539995.4
 10
430343.0
 20
539620.7
 10
429517.8
 20
539243.3
 10
428692.5
 20
538863.1
 10
427867.3
 20
538480.0
 10
427041.9
 20
538093.9
 10
426216.4
 20
537704.6
 10
425390.7
 20
537312.1
 10
424564.8
 20
536916.2
 10
423738.6
 20
536516.8
 10
422912.0
 20
536113.9
 10
422085.1
 20
535707.2
 10
421257.7
 20
535296.7
 10
420429.8
 20
534882.2
 10
419601.4
 20
534463.7
 10
418772.4
 20
534041.0
 10
417942.7
 20
533614.0
 10
417112.4
 20
533182.6
 10
416281.3
 20
532746.6
 10
415449.5
 20
532306.0
 10
414616.9
 20
531860.8
 10
413783.7
 20
531410.9
 10
412950.0
 20
530956.3
 10
412115.9
 20
530497.1
 10
411281.6
 20
530033.3
 10
410447.2
 20
529564.9
 10
409612.8
 20
529091.9
 10
408778.5
 20
528614.3
 10
407944.5
 20
528132.2
 10
407110.9
 20
527645.6
 10
406277.7
 20
527154.4
 10
405445.2
 20
526658.8
 10
404613.4
 20
526158.7
 10
403782.5
 20
525654.1
 10
402952.6
 20
525145.1
 10
402123.8
 20
524631.6
 10
401296.2
 20
524113.7
 10
400470.0
 20
523591.4
 10
399645.3
 20
523064.8
 10
398822.2
 20
522533.8
 10
398000.8
 20
521998.4
 10
397181.3
 20
521458.7
 10
396363.8
 20
520914.7
 10
395548.4
 20
520366.4
 10
394735.2
 20
519813.8
 10
393924.3
 20
519256.9
 10
393115.9
 20
518695.8
 10
392310.1
 20
518130.4
 10
391507.0
 20
517560.9
 10
390706.8
 20
516987.1
 10
389909.5
 20
516409.2
 10
389115.4
 20
515827.1
 10
388324.4
 20
515240.8
 10
387536.7
 20
514650.4
 10
386752.6
 20
514055.9
 10
385972.0
 20
513457.3
 10
385195.1
 20
512854.6
 10
384422.0
 20
512247.8
 10
383652.9
 20
511637.0
 10
382887.9
 20
511022.1
 10
382127.0
 20
510403.3
 10
381370.5
 20
509780.4
 10
380618.4
 20
509153.5
 10
379870.9
 20
508522.7
 10
379128.1
 20
507887.9
 10
378390.1
 20
507249.2
 10
377657.0
 20
506606.6
 10
376929.0
 20
505960.0
 10
376206.2
 20
505309.6
 10
375488.7
 20
504655.3
 10
374776.6
 20
503997.2
 10
374070.1
 20
503335.2
 10
373369.2
 20
502669.4
 10
372674.2
 20
501999.8
 10
371985.0
 20
501326.4
 10
371301.9
 20
500649.2
 10
370625.0
 20
499968.3
 10
369954.3
 20
499283.7
 10
369289.8
 20
498595.3
 10
368631.3
 20
497903.4
 10
367978.8
 20
497207.8
 10
367332.2
 20
496508.7
 10
366691.5
 20
495806.1
 10
366056.6
 20
495100.0
 10
365427.4
 20
494390.5
 10
364803.8
 20
493677.7
 10
364185.7
 20
492961.5
 10
363573.2
 20
492242.0
 10
362966.0
 20
491519.3
 10
362364.2
 20
490793.4
 10
361767.7
 20
490064.3
 10
361176.3
 20
489332.2
 10
360590.1
 20
488597.0
 10
360008.8
 20
487858.7
 10
359432.6
 20
487117.5
 10
358861.3
 20
486373.4
 10
358294.7
 20
485626.4
 10
357732.9
 20
484876.5
 10
357175.8
 20
484123.9
 10
356623.3
 20
483368.5
 10
356075.3
 20
482610.4
 10
355531.8
 20
481849.6
 10
354992.6
 20
481086.3
 10
354457.7
 20
480320.3
 10
353927.1
 20
479551.9
 10
353400.6
 20
478780.9
 10
352878.2
 20
478007.5
 10
352359.8
 20
477231.7
 10
351845.4
 20
476453.6
 10
351334.7
 20
475673.2
 10
350827.9
 20
474890.5
 10
350324.8
 20
474105.6
 10
349825.4
 20
473318.5
 10
349329.5
 20
472529.3
 10
348837.0
 20
471738.0
 10
348348.0
 20
470944.7
 10
347862.4
 20
470149.4
 10
347380.0
 20
469352.1
 10
346900.8
 20
468553.0
 10
346424.7
 20
467751.9
 10
345951.7
 20
466949.1
 10
345481.7
 20
466144.5
 10
345014.5
 20
465338.1
 10
344550.2
 20
464530.1
 10
344088.7
 20
463720.5
 10
343629.8
 20
462909.2
 10
343173.5
 20
462096.4
 10
342719.7
 20
461282.1
 10
342268.4
 20
460466.4
 10
341819.5
 20
459649.2
 10
341372.9
 20
458830.7
 10
340928.6
 20
458010.8
 10
340486.4
 20
457189.7
 10
340046.2
 20
456367.3
 10
339608.1
 20
455543.7
 10
339172.0
 20
454719.0
 10
338737.7
 20
453893.2
 10
338305.2
 20
453066.3
 10
337874.4
 20
452238.4
 10
337445.3
 20
451409.5
 10
337017.7
 20
450579.7
 10
336591.6
 20
449749.1
 10
336167.0
 20
448917.5
 10
335743.7
 20
448085.2
 10
335321.7
 20
447252.2
 10
334900.9
 20
446418.5
 10
334481.2
 20
445584.0
 10
334062.6
 20
444749.0
 10
333644.9
 20
443913.4
 10
333228.2
 20
443077.3
 10
332812.3
 20
442240.7
 10
332397.2
 20
441403.7
 10
331982.7
 20
440566.3
 10
331568.9
 20
439728.5
 10
331155.6
 20
438890.4
 10
330742.7
 20
438052.1
 10
330330.3
 20
437213.6
 10
329918.1
 20
436374.9
 10
329506.3
 20
435536.0
 10
329094.5
 20
434697.1
 10
328682.9
 20
433858.2
 10
328271.3
 20
433019.2
 10
327859.7
 20
432180.3
 10
327447.9
 20
431341.5
 10
327035.9
 20
430502.9
 10
326623.7
 20
429664.4
 10
326211.1
 20
428826.2
 10
325798.1
 20
427988.3
 10
325384.5
 20
427150.6
 10
324970.5
 20
426313.4
 10
324555.7
 20
425476.5
 10
324140.3
 20
424640.1
 10
323724.1
 20
423804.2
 10
323307.0
 20
422968.8
 10
322889.0
 20
422134.1
 10
322469.9
 20
421299.9
 10
322049.8
 20
420466.5
 10
321628.5
 20
419633.7
 10
321206.0
 20
418801.7
 10
320782.2
 20
417970.6
 10
320357.0
 20
417140.3
 10
319930.4
 20
416310.8
 10
319502.2
 20
415482.4
 10
319072.4
 20
414654.9
 10
318640.9
 20
413828.4
 10
318207.7
 20
413003.1
 10
317772.8
 20
412178.8
 10
317336.0
 20
411355.6
 10
316897.6
 20
410533.4
 10
316457.6
 20
409712.3
 10
316015.9
 20
408892.1
 10
315572.7
 20
408073.0
 10
315128.0
 20
407254.7
 10
314681.8
 20
406437.4
 10
314234.3
 20
405621.0
 10
313785.3
 20
404805.5
 10
313335.1
 20
403990.7
 10
312883.6
 20
403176.8
 10
312430.8
 20
402363.7
 10
311976.9
 20
401551.4
 10
311521.9
 20
400739.7
 10
311065.8
 20
399928.8
 10
310608.7
 20
399118.6
 10
310150.6
 20
398309.0
 10
309691.6
 20
397500.1
 10
309231.6
 20
396691.7
 10
308770.9
 20
395884.0
 10
308309.3
 20
395076.8
 10
307847.0
 20
394270.1
 10
307384.0
 20
393463.9
 10
306920.4
 20
392658.2
 10
306456.1
 20
391852.9
 10
305991.3
 20
391048.1
 10
305526.0
 20
390243.6
 10
305060.2
 20
389439.5
 10
304594.1
 20
388635.8
 10
304127.5
 20
387832.4
 10
303660.7
 20
387029.2
 10
303193.5
 20
386226.4
 10
302726.2
 20
385423.7
 10
302258.6
 20
384621.3
 10
301791.0
 20
383819.1
 10
301323.3
 20
383017.0
 10
300855.5
 20
382215.0
 10
300387.7
 20
381413.2
 10
299920.0
 20
380611.5
 10
299452.4
 20
379809.8
 10
298985.0
 20
379008.1
 10
298517.8
 20
378206.4
 10
298050.8
 20
377404.7
 10
297584.2
 20
376603.0
 10
297117.8
 20
375801.2
 10
296651.9
 20
374999.2
 10
296186.4
 20
374197.2
 10
295721.4
 20
373395.0
 10
295256.9
 20
372592.6
 10
294793.1
 20
371790.0
 10
294329.8
 20
370987.2
 10
293867.2
 20
370184.1
 10
293405.4
 20
369380.7
 10
292944.3
 20
368577.0
 10
292484.1
 20
367773.0
 10
292024.7
 20
366968.6
 10
291566.2
 20
366163.9
 10
291108.7
 20
365358.7
 10
290652.2
 20
364553.0
 10
290196.7
 20
363746.9
 10
289742.4
 20
362940.4
 10
289289.2
 20
362133.2
 10
288837.2
 20
361325.6
 10
288386.5
 20
360517.4
 10
287937.1
 20
359708.5
 10
287489.0
 20
358899.1
 10
287042.2
 20
358089.0
 10
286597.0
 20
357278.2
 10
286153.2
 20
356466.7
 10
285710.9
 20
355654.5
 10
285270.2
 20
354841.5
 10
284831.2
 20
354027.8
 10
284393.8
 20
353213.2
 10
283958.1
 20
352397.8
 10
283524.3
 20
351581.5
 10
283092.2
 20
350764.4
 10
282662.0
 20
349946.3
 10
282233.7
 20
349127.4
 10
281807.3
 20
348307.4
 10
281383.0
 20
347486.4
 10
280960.7
 20
346664.5
 10
280540.5
 20
345841.5
 10
280122.5
 20
345017.4
 10
279706.6
 20
344192.2
 10
279293.0
 20
343365.9
 10
278881.7
 20
342538.5
 10
278472.8
 20
341709.9
 10
278066.2
 20
340880.0
 10
277662.0
 20
340049.0
 10
277260.3
 20
339216.7
 10
276861.2
 20
338383.1
 10
276464.6
 20
337548.2
 10
276070.7
 20
336712.0
 10
275679.4
 20
335874.5
 10
275290.8
 20
335035.5
 10
274905.0
 20
334195.2
 10
274522.0
 20
333353.4
 10
274141.9
 20
332510.1
 10
273764.7
 20
331665.4
 10
273390.4
 20
330819.1
 10
273019.1
 20
329971.3
 10
272650.9
 20
329121.9
 10
272285.8
 20
328271.0
 10
271923.8
 20
327418.4
 10
271565.0
 20
326564.2
 10
271209.4
 20
325708.3
 10
270856.9
 20
324850.9
 10
270507.4
 20
323991.9
 10
270160.8
 20
323131.4
 10
269817.1
 20
322269.5
 10
269476.0
 20
321406.3
 10
269137.6
 20
320541.7
 10
268801.7
 20
319675.9
 10
268468.2
 20
318808.9
 10
268137.1
 20
317940.8
 10
267808.2
 20
317071.5
 10
267481.5
 20
316201.3
 10
267156.8
 20
315330.0
 10
266834.1
 20
314457.9
 10
266513.2
 20
313584.9
 10
266194.1
 20
312711.1
 10
265876.7
 20
311836.5
 10
265560.8
 20
310961.2
 10
265246.4
 20
310085.4
 10
264933.4
 20
309208.9
 10
264621.7
 20
308331.9
 10
264311.1
 20
307454.5
 10
264001.7
 20
306576.6
 10
263693.2
 20
305698.4
 10
263385.7
 20
304819.9
 10
263079.0
 20
303941.2
 10
262773.0
 20
303062.3
 10
262467.6
 20
302183.2
 10
262162.7
 20
301304.1
 10
261858.2
 20
300425.0
 10
261554.1
 20
299545.9
 10
261250.2
 20
298666.9
 10
260946.5
 20
297788.0
 10
260642.8
 20
296909.4
 10
260339.0
 20
296031.0
 10
260035.1
 20
295153.0
 10
259731.0
 20
294275.3
 10
259426.5
 20
293398.1
 10
259121.6
 20
292521.4
 10
258816.1
 20
291645.2
 10
258510.0
 20
290769.6
 10
258203.2
 20
289894.7
 10
257895.6
 20
289020.5
 10
257587.1
 20
288147.1
 10
257277.6
 20
287274.5
 10
256966.9
 20
286402.8
 10
256655.1
 20
285532.0
 10
256341.9
 20
284662.3
 10
256027.4
 20
283793.6
 10
255711.4
 20
282926.0
 10
255393.9
 20
282059.5
 10
255075.0
 20
281194.1
 10
254755.0
 20
280329.5
 10
254434.2
 20
279465.6
 10
254112.7
 20
278602.4
 10
253790.7
 20
277739.5
 10
253468.5
 20
276877.0
 10
253146.4
 20
276014.6
 10
252824.5
 20
275152.3
 10
252503.0
 20
274289.8
 10
252182.3
 20
273427.0
 10
251862.4
 20
272563.8
 10
251543.7
 20
271700.1
 10
251226.4
 20
270835.7
 10
250910.6
 20
269970.4
 10
250596.7
 20
269104.1
 10
250284.8
 20
268236.7
 10
249975.2
 20
267368.1
 10
249668.0
 20
266498.0
 10
249363.6
 20
265626.3
 10
249062.1
 20
264753.0
 10
248763.8
 20
263877.8
 10
248468.9
 20
263000.7
 10
248177.6
 20
262121.4
 10
247890.1
 20
261239.8
 10
247606.7
 20
260355.8
 10
247327.6
 20
259469.4
 10
247053.1
 20
258580.5
 10
246783.3
 20
257689.0
 10
246518.6
 20
256795.1
 10
246259.1
 20
255898.5
 10
246005.2
 20
254999.3
 10
245757.0
 20
254097.6
 10
245514.8
 20
253193.1
 10
245278.9
 20
252286.0
 10
245049.4
 20
251376.2
 10
244826.7
 20
250463.6
 10
244610.9
 20
249548.3
 10
244402.4
 20
248630.2
 10
244201.3
 20
247709.3
 10
244007.9
 20
246785.5
 10
243822.4
 20
245858.9
 10
243645.1
 20
244929.4
 10
243476.2
 20
243996.9
 10
243316.0
 20
243061.5
 10
243164.7
 20
242123.2
 10
243022.6
 20
241181.8
 10
242889.8
 20
240237.4
 10
242766.7
 20
239290.0
 10
242653.4
 20
238339.5
 10
242549.7
 20
237385.9
 10
242455.4
 20
236429.5
 10
242369.9
 20
235470.3
 10
242293.2
 20
234508.3
 10
242224.7
 20
233543.7
 10
242164.1
 20
232576.5
 10
242111.2
 20
231606.9
 10
242065.5
 20
230635.0
 10
242026.8
 20
229660.8
 10
241994.7
 20
228684.4
 10
241968.8
 20
227706.0
 10
241948.9
 20
226725.6
 10
241934.5
 20
225743.4
 10
241925.4
 20
224759.3
 10
241921.3
 20
223773.6
 10
241921.7
 20
222786.3
 10
241926.3
 20
221797.5
 10
241934.9
 20
220807.2
 10
241947.0
 20
219815.7
 10
241962.3
 20
218823.0
 10
241980.6
 20
217829.1
 10
242001.4
 20
216834.2
 10
242024.4
 20
215838.4
 10
242049.3
 20
214841.7
 10
242075.8
 20
213844.3
 10
242103.4
 20
212846.2
 10
242131.9
 20
211847.6
 10
242161.0
 20
210848.5
 10
242190.3
 20
209849.1
 10
242219.4
 20
208849.4
 10
242248.0
 20
207849.5
 10
242275.8
 20
206849.5
 10
242302.5
 20
205849.5
 10
242327.7
 20
204849.7
 10
242351.0
 20
203850.0
 10
242372.2
 20
202850.6
 10
242390.9
 20
201851.6
 10
242406.8
 20
200853.1
 10
242419.5
 20
199855.2
 10
242428.6
 20
198858.0
 10
242434.0
 20
197861.5
 10
242435.1
 20
196865.9
 10
242431.7
 20
195871.2
 10
242423.6
 20
194877.6
 10
242410.7
 20
193884.9
 10
242393.5
 20
192893.3
 10
242371.9
 20
191902.6
 10
242346.3
 20
190912.9
 10
242316.8
 20
189924.0
 10
242283.6
 20
188936.0
 10
242246.8
 20
187948.9
 10
242206.8
 20
186962.5
 10
242163.7
 20
185977.0
 10
242117.6
 20
184992.2
 10
242068.8
 20
184008.1
 10
242017.5
 20
183024.7
 10
241963.8
 20
182042.0
 10
241908.0
 20
181060.0
 10
241850.2
 20
180078.5
 10
241790.6
 20
179097.6
 10
241729.5
 20
178117.2
 10
241667.0
 20
177137.4
 10
241603.2
 20
176158.0
 10
241538.5
 20
175179.1
 10
241473.0
 20
174200.7
 10
241406.9
 20
173222.6
 10
241340.4
 20
172244.9
 10
241273.6
 20
171267.6
 10
241206.8
 20
170290.5
 10
241140.2
 20
169313.8
 10
241073.9
 20
168337.3
 10
241008.2
 20
167361.0
 10
240943.2
 20
166384.9
 10
240879.1
 20
165409.0
 10
240816.1
 20
164433.2
 10
240754.5
 20
163457.5
 10
240694.4
 20
162481.9
 10
240636.0
 20
161506.3
 10
240579.4
 20
160530.8
 10
240525.0
 20
159555.2
 10
240472.8
 20
158579.6
 10
240423.2
 20
157603.9
 10
240376.1
 20
156628.1
 10
240332.0
 20
155652.2
 10
240290.9
 20
154676.2
 10
240253.0
 20
153699.9
 10
240218.6
 20
152723.4
 10
240187.8
 20
151746.7
 10
240160.6
 20
150769.7
 10
240137.2
 20
149792.5
 10
240117.4
 20
148815.1
 10
240101.1
 20
147837.4
 10
240088.3
 20
146859.5
 10
240078.9
 20
145881.5
 10
240073.0
 20
144903.3
 10
240070.4
 20
143924.9
 10
240071.1
 20
142946.3
 10
240075.0
 20
141967.7
 10
240082.2
 20
140988.9
 10
240092.4
 20
140010.0
 10
240105.8
 20
139031.0
 10
240122.2
 20
138051.9
 10
240141.5
 20
137072.8
 10
240163.8
 20
136093.6
 10
240189.0
 20
135114.4
 10
240217.0
 20
134135.2
 10
240247.8
 20
133155.9
 10
240281.3
 20
132176.7
 10
240317.5
 20
131197.5
 10
240356.3
 20
130218.3
 10
240397.6
 20
129239.2
 10
240441.5
 20
128260.1
 10
240487.8
 20
127281.1
 10
240536.6
 20
126302.2
 10
240587.7
 20
125323.3
 10
240641.1
 20
124344.6
 10
240696.8
 20
123366.1
 10
240754.7
 20
122387.6
 10
240814.7
 20
121409.4
 10
240876.8
 20
120431.3
 10
240941.0
 20
119453.4
 10
241007.2
 20
118475.7
 10
241075.3
 20
117498.2
 10
241145.3
 20
116520.9
 10
241217.2
 20
115543.9
 10
241290.8
 20
114567.1
 10
241366.2
 20
113590.6
 10
241443.3
 20
112614.3
 10
241522.0
 20
111638.4
 10
241602.3
 20
110662.8
 10
241684.1
 20
109687.5
 10
241767.4
 20
108712.5
 10
241852.1
 20
107737.9
 10
241938.2
 20
106763.7
 10
242025.7
 20
105789.8
 10
242114.3
 20
104816.3
 10
242204.3
 20
103843.3
 10
242295.3
 20
102870.6
 10
242387.5
 20
101898.4
 10
242480.8
 20
100926.6
 10
242575.0
 20
99955.3
 10
242670.3
 20
98984.5
 10
242766.4
 20
98014.1
 10
242863.4
 20
97044.3
 10
242961.2
 20
96075.0
 10
243059.7
 20
95106.2
 10
243159.0
 20
94138.0
 10
243258.9
 20
93170.3
 10
243359.4
 20
92203.1
 10
243460.4
 20
91236.6
 10
243561.9
 20
90270.7
 10
243663.9
 20
89305.4
 10
243766.3
 20
88340.7
 10
243868.9
 20
87376.6
 10
243971.9
 20
86413.2
 10
244075.1
 20
85450.5
 10
244178.5
 20
84488.5
 10
244282.1
 20
83527.1
 10
244385.7
 20
82566.5
 10
244489.3
 20
81606.6
 10
244592.9
 20
80647.4
 10
244696.4
 20
79689.0
 10
244799.8
 20
78731.3
 10
244903.0
 20
77774.5
 10
245006.0
 20
76818.4
 10
245108.7
 20
75863.1
 10
245211.1
 20
74908.7
 10
245313.0
 20
73955.1
 10
245414.6
 20
73002.3
 10
245515.6
 20
72050.4
 10
245616.1
 20
71099.3
 10
245716.0
 20
70149.2
 10
245815.2
 20
69200.0
 10
245913.8
 20
68251.7
 10
246011.6
 20
67304.3
 10
246108.6
 20
66357.8
 10
246204.7
 20
65412.3
 10
246299.9
 20
64467.8
 10
246394.5
 20
63524.4
 10
246489.3
 20
62582.2
 10
246585.0
 20
61641.6
 10
246682.4
 20
60702.6
 10
246782.4
 20
59765.5
 10
246885.6
 20
58830.5
 10
246993.0
 20
57897.9
 10
247105.3
 20
56967.8
 10
247223.2
 20
56040.5
 10
247347.6
 20
55116.2
 10
247479.4
 20
54195.0
 10
247619.1
 20
53277.3
 10
247767.8
 20
52363.1
 10
247926.0
 20
51452.8
 10
248094.8
 20
50546.5
 10
248274.7
 20
49644.4
 10
248466.7
 20
48746.8
 10
248671.5
 20
47853.9
 10
248889.9
 20
46965.9
 10
249122.7
 20
46082.9
 10
249370.7
 20
45205.3
 10
249634.7
 20
44333.1
 10
249915.5
 20
43466.8
 10
250213.9
 20
42606.3
 10
250530.2
 20
41751.9
 10
250864.1
 20
40903.3
 10
251214.7
 20
40060.3
 10
251581.2
 20
39222.4
 10
251962.9
 20
38389.4
 10
252359.0
 20
37561.1
 10
252768.7
 20
36737.1
 10
253191.3
 20
35917.0
 10
253626.1
 20
35100.7
 10
254072.1
 20
34287.8
 10
254528.8
 20
33477.9
 10
254995.2
 20
32670.9
 10
255470.7
 20
31866.3
 10
255954.4
 20
31064.0
 10
256445.7
 20
30263.5
 10
256943.7
 20
29464.6
 10
257447.6
 20
28667.0
 10
257956.8
 20
27870.4
 10
258470.4
 20
27074.5
 10
258987.7
 20
26279.0
 10
259507.8
 20
25483.5
 10
260030.1
 20
24687.8
 10
260553.8
 20
23891.6
 10
261078.1
 20
23094.5
 10
261602.2
 20
22296.4
 10
262125.3
 20
21496.8
 10
262646.9
 20
20695.4
 10
263166.6
 20
19892.5
 10
263684.9
 20
19088.2
 10
264202.0
 20
18283.0
 10
264718.2
 20
17477.0
 10
265233.9
 20
16670.7
 10
265749.2
 20
15864.2
 10
266264.6
 20
15058.1
 10
266780.2
 20
14252.4
 10
267296.5
 20
13447.7
 10
267813.6
 20
12644.1
 10
268332.0
 20
11841.9
 10
268851.8
 20
11041.6
 10
269373.4
 20
10243.4
 10
269897.1
 20
9447.7
 10
270423.1
 20
8654.6
 10
270951.9
 20
7864.6
 10
271483.5
 20
7078.0
 10
272018.5
 20
6295.0
 10
272557.0
 20
5516.0
 10
273099.3
 20
4741.3
 10
273645.8
 20
3971.2
 10
274196.8
 20
3206.0
 10
274752.4
 20
2446.0
 10
275313.1
 20
1691.6
 10
275879.2
 20
943.0
 10
276450.8
 20
200.6
 10
277028.4
 20
-535.3
 10
277612.3
 20
-1264.4
 10
278203.1
 20
-1985.8
 10
278801.4
 20
-2698.6
 10
279408.0
 20
-3402.2
 10
280023.5
 20
-4095.4
 10
280648.7
 20
-4777.6
 10
281284.1
 20
-5447.8
 10
281930.5
 20
-6105.2
 10
282588.5
 20
-6748.9
 10
283258.9
 20
-7378.0
 10
283942.2
 20
-7991.7
 10
284639.3
 20
-8589.2
 10
285350.6
 20
-9169.5
 10
286077.1
 20
-9731.8
 10
286819.2
 20
-10275.2
 10
287577.7
 20
-10799.0
 10
288353.3
 20
-11302.1
 10
289146.6
 20
-11783.8
 10
289958.4
 20
-12243.2
 10
290789.2
 20
-12679.4
 10
291639.9
 20
-13091.5
 10
292510.9
 20
-13478.8
 10
293403.2
 20
-13840.3
 10
294317.2
 20
-14175.2
 10
295253.7
 20
-14482.6
 10
296213.4
 20
-14761.7
 10
297197.0
 20
-15011.5
  0
LWPOLYLINE
  5
51
330
17
100
AcDbEntity
  8
ISO_HALF
100
AcDbPolyline
 90
1047
 70
0
 10
498592.0
 20
650673.9
 10
497567.9
 20
650707.0
 10
496547.5
 20
650742.8
 10
495530.7
 20
650781.2
 10
494517.4
 20
650822.4
 10
493507.7
 20
650866.5
 10
492501.5
 20
650913.4
 10
491498.8
 20
650963.4
 10
490499.4
 20
651016.3
 10
489503.4
 20
651072.4
 10
488510.7
 20
651131.6
 10
487521.2
 20
651194.0
 10
486535.0
 20
651259.8
 10
485552.0
 20
651328.9
 10
484572.1
 20
651401.5
 10
483595.3
 20
651477.6
 10
482621.6
 20
651557.2
 10
481650.9
 20
651640.4
 10
480683.1
 20
651727.4
 10
479718.3
 20
651818.1
 10
478756.3
 20
651912.7
 10
477797.2
 20
652011.2
 10
476840.8
 20
652113.6
 10
475887.2
 20
652220.1
 10
474936.4
 20
652330.6
 10
473988.2
 20
652445.4
 10
473042.6
 20
652564.4
 10
472099.5
 20
652687.6
 10
471159.1
 20
652815.3
 10
470221.1
 20
652947.3
 10
469285.5
 20
653083.9
 10
468352.4
 20
653225.1
 10
467421.6
 20
653370.8
 10
466493.1
 20
653521.3
 10
465566.9
 20
653676.6
 10
464642.9
 20
653836.7
 10
463721.2
 20
654001.7
 10
462801.5
 20
654171.6
 10
461884.0
 20
654346.6
 10
460968.5
 20
654526.7
 10
460055.0
 20
654711.9
 10
459143.5
 20
654902.4
 10
458233.9
 20
655098.2
 10
457326.3
 20
655299.4
 10
456420.4
 20
655506.0
 10
455516.3
 20
655718.1
 10
454614.0
 20
655935.8
 10
453713.5
 20
656159.1
 10
452814.5
 20
656388.1
 10
451917.2
 20
656622.8
 10
451021.5
 20
656863.5
 10
450127.3
 20
657110.0
 10
449234.6
 20
657362.4
 10
448343.4
 20
657621.0
 10
447453.6
 20
657885.6
 10
446565.1
 20
658156.4
 10
445678.0
 20
658433.4
 10
444792.1
 20
658716.7
 10
443907.4
 20
659006.4
 10
443024.0
 20
659302.5
 10
442141.7
 20
659605.1
 10
441260.5
 20
659913.7
 10
440380.2
 20
660228.0
 10
439501.0
 20
660547.7
 10
438622.5
 20
660872.2
 10
437744.9
 20
661201.2
 10
436868.0
 20
661534.4
 10
435991.8
 20
661871.3
 10
435116.2
 20
662211.5
 10
434241.1
 20
662554.6
 10
433366.4
 20
662900.3
 10
432492.1
 20
663248.1
 10
431618.1
 20
663597.7
 10
430744.4
 20
663948.6
 10
429870.9
 20
664300.4
 10
428997.4
 20
664652.9
 10
428124.0
 20
665005.4
 10
427250.6
 20
665357.8
 10
426377.0
 20
665709.5
 10
425503.3
 20
666060.2
 10
424629.3
 20
666409.4
 10
423755.0
 20
666756.9
 10
422880.4
 20
667102.1
 10
422005.3
 20
667444.7
 10
421129.6
 20
667784.4
 10
420253.4
 20
668120.6
 10
419376.5
 20
668453.1
 10
418498.9
 20
668781.3
 10
417620.5
 20
669105.0
 10
416741.2
 20
669423.7
 10
415861.0
 20
669737.0
 10
414979.8
 20
670044.5
 10
414097.5
 20
670345.9
 10
413214.1
 20
670640.7
 10
412329.4
 20
670928.6
 10
411443.5
 20
671209.1
 10
410556.2
 20
671481.9
 10
409667.4
 20
671746.5
 10
408777.2
 20
672002.6
 10
407885.5
 20
672249.7
 10
406992.0
 20
672487.6
 10
406096.9
 20
672715.7
 10
405200.1
 20
672933.7
 10
404301.3
 20
673141.1
 10
403400.7
 20
673337.7
 10
402498.1
 20
673522.9
 10
401593.4
 20
673696.5
 10
400686.7
 20
673858.0
 10
399777.7
 20
674006.9
 10
398866.5
 20
674143.0
 10
397952.9
 20
674265.8
 10
397037.0
 20
674374.9
 10
396118.6
 20
674470.0
 10
395197.6
 20
674550.6
 10
394274.1
 20
674616.3
 10
393347.9
 20
674666.7
 10
392418.9
 20
674701.5
 10
391487.1
 20
674720.3
 10
390552.5
 20
674722.6
 10
389614.8
 20
674708.1
 10
388674.2
 20
674676.3
 10
387730.5
 20
674626.9
 10
386783.7
 20
674559.6
 10
385834.0
 20
674475.0
 10
384881.8
 20
674373.8
 10
383927.3
 20
674256.8
 10
382971.0
 20
674124.6
 10
382013.1
 20
673978.0
 10
381053.9
 20
673817.8
 10
380093.8
 20
673644.6
 10
379133.0
 20
673459.2
 10
378171.9
 20
673262.4
 10
377210.9
 20
673054.9
 10
376250.2
 20
672837.4
 10
375290.1
 20
672610.7
 10
374331.0
 20
672375.4
 10
373373.2
 20
672132.4
 10
372417.0
 20
671882.3
 10
371462.7
 20
671626.0
 10
370510.6
 20
671364.0
 10
369561.1
 20
671097.2
 10
368614.5
 20
670826.4
 10
367671.1
 20
670552.1
 10
366731.2
 20
670275.3
 10
365795.2
 20
669996.5
 10
364863.3
 20
669716.6
 10
363935.8
 20
669436.3
 10
363013.2
 20
669156.3
 10
362095.7
 20
668877.3
 10
361183.5
 20
668600.2
 10
360277.2
 20
668325.5
 10
359376.9
 20
668054.1
 10
358483.0
 20
667786.4
 10
357595.6
 20
667521.1
 10
356714.8
 20
667256.2
 10
355840.8
 20
666989.8
 10
354973.7
 20
666720.0
 10
354113.6
 20
666444.8
 10
353260.6
 20
666162.3
 10
352414.9
 20
665870.6
 10
351576.5
 20
665567.8
 10
350745.6
 20
665251.8
 10
349922.3
 20
664920.8
 10
349106.8
 20
664572.8
 10
348299.1
 20
664205.9
 10
347499.3
 20
663818.2
 10
346707.6
 20
663407.7
 10
345924.1
 20
662972.4
 10
345148.9
 20
662510.6
 10
344382.3
 20
662021.4
 10
343624.8
 20
661506.0
 10
342876.7
 20
660965.5
 10
342138.5
 20
660401.1
 10
341410.8
 20
659814.0
 10
340693.9
 20
659205.5
 10
339988.3
 20
658576.7
 10
339294.6
 20
657928.8
 10
338613.1
 20
657263.1
 10
337944.3
 20
656580.8
 10
337288.7
 20
655882.9
 10
336646.7
 20
655170.8
 10
336018.8
 20
654445.7
 10
335405.5
 20
653708.7
 10
334807.2
 20
652961.1
 10
334224.5
 20
652204.0
 10
333657.6
 20
651438.6
 10
333107.1
 20
650666.2
 10
332572.7
 20
649887.2
 10
332053.8
 20
649101.8
 10
331549.7
 20
648310.3
 10
331060.0
 20
647513.0
 10
330584.0
 20
646710.1
 10
330121.1
 20
645901.8
 10
329670.7
 20
645088.3
 10
329232.3
 20
644270.0
 10
328805.3
 20
643447.0
 10
328389.0
 20
642619.6
 10
327982.9
 20
641788.1
 10
327586.4
 20
640952.6
 10
327198.9
 20
640113.4
 10
326819.9
 20
639270.8
 10
326448.6
 20
638424.9
 10
326084.6
 20
637576.1
 10
325727.2
 20
636724.6
 10
325375.9
 20
635870.6
 10
325030.1
 20
635014.4
 10
324689.1
 20
634156.1
 10
324352.5
 20
633296.1
 10
324019.5
 20
632434.5
 10
323689.6
 20
631571.7
 10
323362.3
 20
630707.8
 10
323036.9
 20
629843.2
 10
322712.9
 20
628977.9
 10
322389.6
 20
628112.4
 10
322066.4
 20
627246.8
 10
321742.9
 20
626381.3
 10
321418.3
 20
625516.2
 10
321092.1
 20
624651.8
 10
320763.8
 20
623788.3
 10
320432.9
 20
622925.7
 10
320099.7
 20
622064.2
 10
319764.3
 20
621203.5
 10
319427.0
 20
620343.5
 10
319088.0
 20
619484.3
 10
318747.5
 20
618625.6
 10
318405.6
 20
617767.5
 10
318062.7
 20
616909.8
 10
317718.9
 20
616052.5
 10
317374.5
 20
615195.3
 10
317029.6
 20
614338.4
 10
316684.5
 20
613481.5
 10
316339.3
 20
612624.7
 10
315994.3
 20
611767.7
 10
315649.8
 20
610910.6
 10
315305.8
 20
610053.1
 10
314962.7
 20
609195.4
 10
314620.6
 20
608337.1
 10
314279.8
 20
607478.4
 10
313940.4
 20
606619.0
 10
313602.7
 20
605758.9
 10
313266.8
 20
604898.1
 10
312933.1
 20
604036.3
 10
312601.7
 20
603173.6
 10
312272.8
 20
602309.8
 10
311946.6
 20
601444.9
 10
311623.4
 20
600578.8
 10
311303.3
 20
599711.3
 10
310986.6
 20
598842.5
 10
310673.5
 20
597972.1
 10
310364.2
 20
597100.2
 10
310058.9
 20
596226.6
 10
309757.6
 20
595351.3
 10
309460.3
 20
594474.4
 10
309166.7
 20
593595.9
 10
308876.9
 20
592715.9
 10
308590.7
 20
591834.4
 10
308307.9
 20
590951.4
 10
308028.5
 20
590067.1
 10
307752.4
 20
589181.3
 10
307479.3
 20
588294.3
 10
307209.3
 20
587406.1
 10
306942.2
 20
586516.6
 10
306677.8
 20
585626.0
 10
306416.1
 20
584734.3
 10
306157.0
 20
583841.5
 10
305900.3
 20
582947.7
 10
305645.9
 20
582053.0
 10
305393.7
 20
581157.3
 10
305143.6
 20
580260.8
 10
304895.4
 20
579363.4
 10
304649.1
 20
578465.3
 10
304404.5
 20
577566.5
 10
304161.6
 20
576667.0
 10
303920.2
 20
575766.8
 10
303680.1
 20
574866.1
 10
303441.3
 20
573964.9
 10
303203.7
 20
573063.2
 10
302967.2
 20
572161.0
 10
302731.5
 20
571258.5
 10
302496.7
 20
570355.6
 10
302262.5
 20
569452.4
 10
302028.9
 20
568549.0
 10
301795.8
 20
567645.4
 10
301563.1
 20
566741.6
 10
301330.6
 20
565837.8
 10
301098.2
 20
564933.9
 10
300865.7
 20
564030.0
 10
300633.2
 20
563126.2
 10
300400.5
 20
562222.4
 10
300167.4
 20
561318.8
 10
299933.8
 20
560415.4
 10
299699.6
 20
559512.2
 10
299464.8
 20
558609.4
 10
299229.1
 20
557706.8
 10
298992.6
 20
556804.6
 10
298754.9
 20
555902.9
 10
298516.2
 20
555001.7
 10
298276.1
 20
554100.9
 10
298034.7
 20
553200.8
 10
297791.7
 20
552301.3
 10
297547.1
 20
551402.4
 10
297300.8
 20
550504.3
 10
297052.7
 20
549606.9
 10
296802.6
 20
548710.4
 10
296550.3
 20
547814.7
 10
296295.9
 20
546920.0
 10
296039.2
 20
546026.2
 10
295780.0
 20
545133.4
 10
295518.3
 20
544241.6
 10
295254.0
 20
543351.0
 10
294986.8
 20
542461.5
 10
294716.8
 20
541573.3
 10
294443.9
 20
540686.2
 10
294168.2
 20
539800.3
 10
293889.7
 20
538915.5
 10
293608.6
 20
538031.8
 10
293324.9
 20
537149.2
 10
293038.7
 20
536267.7
 10
292750.0
 20
535387.1
 10
292459.0
 20
534507.6
 10
292165.6
 20
533629.0
 10
291870.1
 20
532751.3
 10
291572.3
 20
531874.6
 10
291272.5
 20
530998.7
 10
290970.7
 20
530123.6
 10
290666.9
 20
529249.4
 10
290361.2
 20
528375.9
 10
290053.8
 20
527503.2
 10
289744.6
 20
526631.2
 10
289433.7
 20
525759.9
 10
289121.3
 20
524889.3
 10
288807.4
 20
524019.2
 10
288492.0
 20
523149.8
 10
288175.2
 20
522281.0
 10
287857.2
 20
521412.7
 10
287537.9
 20
520544.9
 10
287217.5
 20
519677.6
 10
286896.0
 20
518810.7
 10
286573.5
 20
517944.3
 10
286250.0
 20
517078.2
 10
285925.7
 20
516212.6
 10
285600.6
 20
515347.2
 10
285274.8
 20
514482.2
 10
284948.3
 20
513617.4
 10
284621.2
 20
512752.9
 10
284293.7
 20
511888.6
 10
283965.7
 20
511024.4
 10
283637.3
 20
510160.5
 10
283308.6
 20
509296.6
 10
282979.8
 20
508432.9
 10
282650.8
 20
507569.2
 10
282321.7
 20
506705.5
 10
281992.6
 20
505841.9
 10
281663.5
 20
504978.2
 10
281334.6
 20
504114.5
 10
281006.0
 20
503250.7
 10
280677.6
 20
502386.8
 10
280349.6
 20
501522.7
 10
280022.0
 20
500658.5
 10
279694.9
 20
499794.1
 10
279368.3
 20
498929.4
 10
279042.4
 20
498064.5
 10
278717.3
 20
497199.3
 10
278392.9
 20
496333.7
 10
278069.4
 20
495467.8
 10
277746.8
 20
494601.6
 10
277425.2
 20
493734.9
 10
277104.7
 20
492867.8
 10
276785.3
 20
492000.2
 10
276467.2
 20
491132.1
 10
276150.3
 20
490263.5
 10
275834.8
 20
489394.3
 10
275520.8
 20
488524.5
 10
275208.2
 20
487654.1
 10
274897.3
 20
486783.1
 10
274587.9
 20
485911.4
 10
274280.0
 20
485039.1
 10
273973.5
 20
484166.3
 10
273668.5
 20
483292.8
 10
273364.9
 20
482418.7
 10
273062.5
 20
481544.2
 10
272761.4
 20
480669.1
 10
272461.5
 20
479793.5
 10
272162.8
 20
478917.5
 10
271865.1
 20
478040.9
 10
271568.5
 20
477164.0
 10
271272.9
 20
476286.7
 10
270978.3
 20
475408.9
 10
270684.5
 20
474530.8
 10
270391.6
 20
473652.4
 10
270099.4
 20
472773.6
 10
269808.0
 20
471894.5
 10
269517.3
 20
471015.1
 10
269227.2
 20
470135.5
 10
268937.7
 20
469255.6
 10
268648.7
 20
468375.5
 10
268360.2
 20
467495.2
 10
268072.1
 20
466614.8
 10
267784.4
 20
465734.1
 10
267497.0
 20
464853.4
 10
267209.8
 20
463972.5
 10
266922.9
 20
463091.5
 10
266636.2
 20
462210.5
 10
266349.5
 20
461329.4
 10
266062.9
 20
460448.3
 10
265776.4
 20
459567.1
 10
265489.7
 20
458686.0
 10
265203.0
 20
457804.9
 10
264916.1
 20
456923.9
 10
264629.1
 20
456043.0
 10
264341.7
 20
455162.1
 10
264054.1
 20
454281.4
 10
263766.1
 20
453400.8
 10
263477.7
 20
452520.3
 10
263188.9
 20
451640.1
 10
262899.5
 20
450760.0
 10
262609.6
 20
449880.2
 10
262319.0
 20
449000.6
 10
262027.8
 20
448121.3
 10
261735.8
 20
447242.3
 10
261443.1
 20
446363.6
 10
261149.6
 20
445485.2
 10
260855.1
 20
444607.1
 10
260559.8
 20
443729.5
 10
260263.5
 20
442852.2
 10
259966.1
 20
441975.3
 10
259667.6
 20
441098.9
 10
259368.1
 20
440222.9
 10
259067.3
 20
439347.5
 10
258765.3
 20
438472.5
 10
258462.0
 20
437598.0
 10
258157.3
 20
436724.1
 10
257851.2
 20
435850.7
 10
257543.7
 20
434977.9
 10
257234.7
 20
434105.8
 10
256924.2
 20
433234.2
 10
256612.0
 20
432363.3
 10
256298.2
 20
431493.1
 10
255982.6
 20
430623.6
 10
255665.2
 20
429754.8
 10
255346.0
 20
428886.8
 10
255024.7
 20
428019.6
 10
254701.4
 20
427153.2
 10
254375.9
 20
426287.7
 10
254048.3
 20
425423.1
 10
253718.4
 20
424559.5
 10
253386.0
 20
423696.8
 10
253051.3
 20
422835.2
 10
252714.0
 20
421974.6
 10
252374.1
 20
421115.1
 10
252031.6
 20
420256.7
 10
251686.3
 20
419399.5
 10
251338.1
 20
418543.4
 10
250987.1
 20
417688.6
 10
250633.0
 20
416835.0
 10
250275.9
 20
415982.7
 10
249915.6
 20
415131.7
 10
249552.1
 20
414282.1
 10
249185.3
 20
413433.9
 10
248815.0
 20
412587.1
 10
248441.4
 20
411741.8
 10
248064.2
 20
410897.9
 10
247683.3
 20
410055.6
 10
247298.8
 20
409214.9
 10
246910.5
 20
408375.7
 10
246518.3
 20
407538.2
 10
246122.2
 20
406702.3
 10
245722.1
 20
405868.2
 10
245317.9
 20
405035.7
 10
244909.6
 20
404205.1
 10
244496.9
 20
403376.2
 10
244080.0
 20
402549.2
 10
243658.6
 20
401724.1
 10
243232.8
 20
400900.8
 10
242802.4
 20
400079.5
 10
242367.4
 20
399260.2
 10
241927.6
 20
398442.9
 10
241483.1
 20
397627.6
 10
241033.7
 20
396814.4
 10
240579.3
 20
396003.4
 10
240119.9
 20
395194.4
 10
239655.4
 20
394387.7
 10
239185.7
 20
393583.1
 10
238710.7
 20
392780.9
 10
238230.4
 20
391980.8
 10
237744.6
 20
391183.2
 10
237253.4
 20
390387.8
 10
236756.6
 20
389594.9
 10
236254.1
 20
388804.3
 10
235745.9
 20
388016.3
 10
235231.8
 20
387230.7
 10
234711.9
 20
386447.6
 10
234186.0
 20
385667.1
 10
233654.1
 20
384889.2
 10
233116.0
 20
384113.9
 10
232571.7
 20
383341.3
 10
232021.1
 20
382571.4
 10
231464.2
 20
381804.2
 10
230900.8
 20
381039.7
 10
230330.9
 20
380278.1
 10
229754.4
 20
379519.3
 10
229171.2
 20
378763.4
 10
228581.3
 20
378010.3
 10
227984.8
 20
377260.1
 10
227382.1
 20
376512.6
 10
226773.8
 20
375767.4
 10
226160.4
 20
375024.3
 10
225542.5
 20
374283.2
 10
224920.7
 20
373543.6
 10
224295.4
 20
372805.5
 10
223667.2
 20
372068.6
 10
223036.7
 20
371332.5
 10
222404.3
 20
370597.2
 10
221770.7
 20
369862.2
 10
221136.3
 20
369127.5
 10
220501.7
 20
368392.7
 10
219867.5
 20
367657.6
 10
219234.1
 20
366921.9
 10
218602.2
 20
366185.5
 10
217972.2
 20
365448.0
 10
217344.7
 20
364709.3
 10
216720.3
 20
363969.0
 10
216099.4
 20
363227.0
 10
215482.7
 20
362483.0
 10
214870.6
 20
361736.7
 10
214263.7
 20
360987.9
 10
213662.6
 20
360236.4
 10
213067.7
 20
359481.9
 10
212479.7
 20
358724.2
 10
211899.0
 20
357963.0
 10
211326.2
 20
357198.2
 10
210761.9
 20
356429.3
 10
210206.5
 20
355656.3
 10
209660.6
 20
354878.8
 10
209124.8
 20
354096.6
 10
208599.7
 20
353309.5
 10
208085.6
 20
352517.3
 10
207583.2
 20
351719.6
 10
207093.0
 20
350916.3
 10
206614.9
 20
350107.5
 10
206147.2
 20
349294.1
 10
205688.6
 20
348477.1
 10
205237.4
 20
347657.5
 10
204792.0
 20
346836.2
 10
204350.9
 20
346014.1
 10
203912.6
 20
345192.2
 10
203475.4
 20
344371.5
 10
203037.8
 20
343553.0
 10
202598.3
 20
342737.5
 10
202155.2
 20
341926.1
 10
201707.1
 20
341119.7
 10
201252.3
 20
340319.3
 10
200789.3
 20
339525.8
 10
200316.5
 20
338740.2
 10
199832.4
 20
337963.5
 10
199335.3
 20
337196.5
 10
198824.3
 20
336440.0
 10
198299.5
 20
335693.4
 10
197761.1
 20
334956.4
 10
197209.6
 20
334228.3
 10
196645.2
 20
333508.7
 10
196068.3
 20
332797.1
 10
195479.3
 20
332092.8
 10
194878.5
 20
331395.5
 10
194266.2
 20
330704.6
 10
193642.8
 20
330019.5
 10
193008.5
 20
329339.7
 10
192363.8
 20
328664.8
 10
191708.9
 20
327994.2
 10
191044.3
 20
327327.4
 10
190370.2
 20
326663.8
 10
189687.0
 20
326003.0
 10
188995.0
 20
325344.5
 10
188294.6
 20
324687.6
 10
187586.1
 20
324032.4
 10
186870.1
 20
323378.5
 10
186147.0
 20
322726.0
 10
185417.2
 20
322074.8
 10
184681.1
 20
321424.8
 10
183939.2
 20
320775.8
 10
183192.0
 20
320127.9
 10
182439.9
 20
319480.8
 10
181683.4
 20
318834.6
 10
180922.8
 20
318189.1
 10
180158.7
 20
317544.2
 10
179391.4
 20
316899.9
 10
178621.4
 20
316256.0
 10
177849.2
 20
315612.5
 10
177075.3
 20
314969.3
 10
176299.9
 20
314326.2
 10
175523.7
 20
313683.3
 10
174747.0
 20
313040.3
 10
173970.3
 20
312397.3
 10
173194.1
 20
311754.1
 10
172418.7
 20
311110.6
 10
171644.6
 20
310466.7
 10
170872.3
 20
309822.4
 10
170102.2
 20
309177.6
 10
169334.8
 20
308532.1
 10
168570.4
 20
307885.9
 10
167809.6
 20
307238.9
 10
167052.8
 20
306591.0
 10
166300.5
 20
305942.1
 10
165553.0
 20
305292.1
 10
164810.8
 20
304640.9
 10
164074.4
 20
303988.5
 10
163344.3
 20
303334.7
 10
162620.7
 20
302679.5
 10
161904.3
 20
302022.7
 10
161195.4
 20
301364.4
 10
160494.6
 20
300704.3
 10
159802.0
 20
300042.3
 10
159117.6
 20
299378.3
 10
158441.4
 20
298712.1
 10
157773.1
 20
298043.4
 10
157112.6
 20
297372.0
 10
156459.7
 20
296697.7
 10
155814.4
 20
296020.2
 10
155176.5
 20
295339.4
 10
154545.8
 20
294655.0
 10
153922.1
 20
293966.8
 10
153305.4
 20
293274.6
 10
152695.6
 20
292578.1
 10
152092.3
 20
291877.2
 10
151495.6
 20
291171.7
 10
150905.3
 20
290461.2
 10
150321.2
 20
289745.6
 10
149743.1
 20
289024.7
 10
149171.1
 20
288298.2
 10
148604.8
 20
287566.0
 10
148044.1
 20
286827.7
 10
147489.0
 20
286083.3
 10
146939.3
 20
285332.4
 10
146394.7
 20
284574.9
 10
145855.3
 20
283810.5
 10
145320.8
 20
283039.0
 10
144791.1
 20
282260.2
 10
144266.1
 20
281473.8
 10
143745.5
 20
280679.7
 10
143229.3
 20
279877.7
 10
142717.4
 20
279067.4
 10
142209.5
 20
278248.8
 10
141705.6
 20
277421.5
 10
141205.4
 20
276585.4
 10
140708.9
 20
275740.2
 10
140216.0
 20
274885.7
 10
139726.4
 20
274021.7
 10
139240.1
 20
273149.2
 10
138757.4
 20
272270.5
 10
138278.4
 20
271388.2
 10
137803.3
 20
270504.7
 10
137332.4
 20
269622.5
 10
136865.7
 20
268744.1
 10
136403.6
 20
267872.1
 10
135946.1
 20
267008.8
 10
135493.4
 20
266156.9
 10
135045.8
 20
265318.8
 10
134603.5
 20
264497.0
 10
134166.6
 20
263694.1
 10
133735.3
 20
262912.4
 10
133309.8
 20
262154.5
 10
132890.3
 20
261422.9
 10
132477.0
 20
260720.2
 10
132070.1
 20
260048.7
 10
131669.9
 20
259410.7
 10
131277.9
 20
258807.5
 10
130895.6
 20
258239.9
 10
130524.6
 20
257708.8
 10
130166.5
 20
257215.1
 10
129822.9
 20
256759.8
 10
129495.3
 20
256343.8
 10
129185.3
 20
255968.0
 10
128894.5
 20
255633.1
 10
128623.0
 20
255337.2
 10
128369.7
 20
255076.2
 10
128133.7
 20
254845.7
 10
127913.8
 20
254641.3
 10
127708.9
 20
254458.6
 10
127517.9
 20
254293.4
 10
127339.8
 20
254141.2
 10
127173.4
 20
253997.6
 10
127017.7
 20
253858.5
 10
126871.6
 20
253719.3
 10
126734.0
 20
253575.8
 10
126603.9
 20
253423.5
 10
126480.0
 20
253258.2
 10
126361.4
 20
253075.5
 10
126247.0
 20
252871.0
 10
126135.6
 20
252640.4
 10
126026.3
 20
252379.3
 10
125917.8
 20
252083.3
 10
125809.1
 20
251748.2
 10
125699.2
 20
251369.5
 10
125587.3
 20
250945.5
 10
125474.0
 20
250483.9
 10
125360.3
 20
249994.9
 10
125247.2
 20
249488.8
 10
125135.6
 20
248975.7
 10
125026.5
 20
248465.8
 10
124920.9
 20
247969.3
 10
124819.6
 20
247495.8
 10
124723.1
 20
247047.7
 10
124631.0
 20
246622.5
 10
124543.5
 20
246217.8
 10
124460.2
 20
245831.1
 10
124381.1
 20
245460.0
 10
124306.1
 20
245102.0
 10
124235.0
 20
244754.6
 10
124167.8
 20
244415.5
 10
124104.3
 20
244082.0
 10
124044.4
 20
243751.9
 10
123987.9
 20
243422.5
 10
123934.8
 20
243091.5
 10
123884.9
 20
242756.4
 10
123838.1
 20
242414.7
 10
123794.2
 20
242064.0
 10
123753.3
 20
241701.8
 10
123715.1
 20
241325.7
 10
123679.4
 20
240933.1
 10
123646.3
 20
240521.7
 10
123615.6
 20
240088.9
 10
123587.1
 20
239632.3
 10
123560.8
 20
239149.5
 10
123536.4
 20
238638.0
 10
123514.0
 20
238095.8
 10
123493.8
 20
237522.5
 10
123476.0
 20
236917.9
 10
123460.7
 20
236281.8
 10
123448.2
 20
235614.0
 10
123438.8
 20
234914.2
 10
123432.6
 20
234182.4
 10
123429.8
 20
233418.2
 10
123430.8
 20
232621.5
 10
123435.5
 20
231792.6
 10
123443.8
 20
230933.6
 10
123455.3
 20
230047.0
 10
123469.7
 20
229135.5
 10
123486.7
 20
228201.5
 10
123506.0
 20
227247.6
 10
123527.1
 20
226276.4
 10
123549.8
 20
225290.5
 10
123573.8
 20
224292.4
 10
123598.7
 20
223284.6
 10
123624.2
 20
222269.8
 10
123649.9
 20
221250.5
 10
123675.6
 20
220229.1
 10
123700.8
 20
219208.3
 10
123725.6
 20
218188.9
 10
123749.9
 20
217171.0
 10
123773.9
 20
216154.6
 10
123797.4
 20
215139.6
 10
123820.7
 20
214125.9
 10
123843.6
 20
213113.7
 10
123866.4
 20
212102.8
 10
123888.9
 20
211093.2
 10
123911.3
 20
210085.0
 10
123933.6
 20
209078.0
 10
123955.8
 20
208072.3
 10
123978.0
 20
207067.8
 10
124000.3
 20
206064.6
 10
124022.6
 20
205062.6
 10
124045.0
 20
204061.7
 10
124067.6
 20
203062.1
 10
124090.4
 20
202063.5
 10
124113.4
 20
201066.1
 10
124136.7
 20
200069.7
 10
124160.3
 20
199074.4
 10
124184.3
 20
198080.2
 10
124208.7
 20
197087.0
 10
124233.6
 20
196094.8
 10
124259.0
 20
195103.6
 10
124284.9
 20
194113.3
 10
124311.4
 20
193124.0
 10
124338.5
 20
192135.6
 10
124366.3
 20
191148.1
 10
124394.9
 20
190161.5
 10
124424.1
 20
189175.7
 10
124454.2
 20
188190.7
 10
124485.2
 20
187206.5
 10
124517.0
 20
186223.2
 10
124549.7
 20
185240.6
 10
124583.5
 20
184258.7
 10
124618.2
 20
183277.5
 10
124654.0
 20
182297.1
 10
124691.0
 20
181317.3
 10
124729.0
 20
180338.1
 10
124768.3
 20
179359.6
 10
124808.8
 20
178381.7
 10
124850.6
 20
177404.4
 10
124893.6
 20
176427.7
 10
124938.1
 20
175451.5
 10
124984.0
 20
174475.8
 10
125031.3
 20
173500.6
 10
125080.1
 20
172525.9
 10
125130.5
 20
171551.6
 10
125182.4
 20
170577.8
 10
125235.9
 20
169604.3
 10
125291.2
 20
168631.3
 10
125348.1
 20
167658.6
 10
125406.8
 20
166686.3
 10
125467.3
 20
165714.3
 10
125529.6
 20
164742.6
 10
125593.7
 20
163771.2
 10
125659.7
 20
162800.1
 10
125727.5
 20
161829.3
 10
125797.0
 20
160858.9
 10
125868.4
 20
159888.8
 10
125941.5
 20
158919.1
 10
126016.3
 20
157949.7
 10
126092.9
 20
156980.7
 10
126171.1
 20
156012.1
 10
126251.1
 20
155043.9
 10
126332.8
 20
154076.1
 10
126416.1
 20
153108.7
 10
126501.1
 20
152141.7
 10
126587.8
 20
151175.2
 10
126676.0
 20
150209.1
 10
126765.9
 20
149243.4
 10
126857.4
 20
148278.2
 10
126950.4
 20
147313.5
 10
127045.0
 20
146349.3
 10
127141.2
 20
145385.6
 10
127238.9
 20
144422.3
 10
127338.1
 20
143459.6
 10
127438.9
 20
142497.4
 10
127541.1
 20
141535.8
 10
127644.8
 20
140574.6
 10
127750.0
 20
139614.1
 10
127856.6
 20
138654.1
 10
127964.6
 20
137694.6
 10
128074.1
 20
136735.8
 10
128184.9
 20
135777.5
 10
128297.2
 20
134819.9
 10
128410.8
 20
133862.8
 10
128525.8
 20
132906.4
 10
128642.1
 20
131950.6
 10
128759.8
 20
130995.4
 10
128878.8
 20
130040.9
 10
128999.0
 20
129087.1
 10
129120.6
 20
128134.0
 10
129243.4
 20
127181.5
 10
129367.5
 20
126229.7
 10
129492.8
 20
125278.6
 10
129619.3
 20
124328.2
 10
129747.1
 20
123378.6
 10
129876.0
 20
122429.6
 10
130006.1
 20
121481.4
 10
130137.4
 20
120534.0
 10
130269.8
 20
119587.3
 10
130403.4
 20
118641.4
 10
130538.1
 20
117696.3
 10
130673.9
 20
116752.0
 10
130810.8
 20
115808.5
 10
130948.7
 20
114865.8
 10
131087.8
 20
113923.9
 10
131227.8
 20
112982.8
 10
131368.9
 20
112042.6
 10
131511.0
 20
111103.2
 10
131654.2
 20
110164.7
 10
131799.1
 20
109227.4
 10
131947.4
 20
108291.8
 10
132100.6
 20
107358.5
 10
132260.2
 20
106428.1
 10
132427.9
 20
105501.3
 10
132605.2
 20
104578.5
 10
132793.6
 20
103660.3
 10
132994.8
 20
102747.5
 10
133210.3
 20
101840.4
 10
133441.7
 20
100939.8
 10
133690.5
 20
100046.2
 10
133958.3
 20
99160.3
 10
134246.8
 20
98282.4
 10
134557.3
 20
97413.4
 10
134891.6
 20
96553.7
 10
135249.9
 20
95703.4
 10
135630.3
 20
94861.9
 10
136030.8
 20
94028.2
 10
136449.4
 20
93201.7
 10
136883.9
 20
92381.4
 10
137332.5
 20
91566.7
 10
137792.9
 20
90756.5
 10
138263.2
 20
89950.3
 10
138741.3
 20
89147.1
 10
139225.2
 20
88346.2
 10
139712.9
 20
87546.8
 10
140202.2
 20
86748.0
 10
140691.2
 20
85949.0
 10
141177.7
 20
85149.0
 10
141659.9
 20
84347.3
 10
142135.5
 20
83543.0
 10
142602.9
 20
82735.4
 10
143061.8
 20
81924.5
 10
143512.5
 20
81110.3
 10
143955.0
 20
80292.8
 10
144389.4
 20
79472.1
 10
144815.9
 20
78648.3
 10
145234.7
 20
77821.3
 10
145645.9
 20
76991.4
 10
146049.7
 20
76158.4
 10
146446.0
 20
75322.5
 10
146835.3
 20
74483.7
 10
147217.4
 20
73642.0
 10
147592.7
 20
72797.6
 10
147961.1
 20
71950.5
 10
148323.0
 20
71100.6
 10
148678.4
 20
70248.2
 10
149027.4
 20
69393.1
 10
149370.2
 20
68535.6
 10
149706.9
 20
67675.5
 10
150037.8
 20
66813.0
 10
150362.8
 20
65948.2
 10
150682.2
 20
65081.1
 10
150996.1
 20
64211.6
 10
151304.6
 20
63340.0
 10
151608.0
 20
62466.2
 10
151906.2
 20
61590.3
 10
152199.5
 20
60712.4
 10
152488.0
 20
59832.4
 10
152771.8
 20
58950.5
 10
153051.1
 20
58066.7
 10
153326.0
 20
57181.0
 10
153596.7
 20
56293.6
 10
153863.3
 20
55404.3
 10
154125.9
 20
54513.5
 10
154384.8
 20
53620.9
 10
154640.0
 20
52726.9
 10
154891.6
 20
51831.3
 10
155139.9
 20
50934.3
 10
155385.0
 20
50035.9
 10
155627.0
 20
49136.2
 10
155866.2
 20
48235.3
 10
156102.5
 20
47333.1
 10
156336.2
 20
46429.9
 10
156567.4
 20
45525.6
 10
156796.4
 20
44620.3
 10
157023.1
 20
43714.1
 10
157247.8
 20
42807.0
 10
157470.6
 20
41899.0
 10
157691.7
 20
40990.4
 10
157911.2
 20
40081.0
 10
158129.3
 20
39171.1
 10
158346.0
 20
38260.5
 10
158561.6
 20
37349.5
 10
158776.3
 20
36438.1
 10
158990.0
 20
35526.2
 10
159203.1
 20
34614.1
 10
159415.6
 20
33701.7
 10
159627.8
 20
32789.2
 10
159839.6
 20
31876.5
 10
160051.4
 20
30963.8
 10
160263.2
 20
30051.0
 10
160475.1
 20
29138.4
 10
160687.4
 20
28225.8
 10
160900.2
 20
27313.5
 10
161113.6
 20
26401.4
 10
161327.8
 20
25489.6
 10
161543.0
 20
24578.2
 10
161759.2
 20
23667.3
 10
161976.6
 20
22756.9
 10
162195.4
 20
21847.0
 10
162415.7
 20
20937.8
 10
162637.6
 20
20029.2
 10
162861.4
 20
19121.4
 10
163087.2
 20
18214.5
 10
163315.0
 20
17308.4
 10
163545.1
 20
16403.2
 10
163777.6
 20
15499.1
 10
164012.7
 20
14596.0
 10
164250.4
 20
13694.1
 10
164491.0
 20
12793.4
 10
164734.6
 20
11893.9
 10
164981.4
 20
10995.7
 10
165231.4
 20
10099.0
 10
165484.9
 20
9203.6
 10
165741.9
 20
8309.8
 10
166002.7
 20
7417.6
 10
166267.4
 20
6526.9
 10
166536.1
 20
5638.0
 10
166808.9
 20
4750.9
 10
167086.1
 20
3865.5
 10
167367.8
 20
2982.1
 10
167654.1
 20
2100.5
 10
167945.2
 20
1221.0
 10
168241.1
 20
343.6
 10
168541.8
 20
-531.9
 10
168847.1
 20
-1405.4
 10
169156.9
 20
-2277.0
 10
169471.2
 20
-3146.7
 10
169789.8
 20
-4014.6
 10
170112.5
 20
-4880.8
 10
170439.4
 20
-5745.2
 10
170770.2
 20
-6608.0
 10
171104.8
 20
-7469.1
 10
171443.2
 20
-8328.7
 10
171785.3
 20
-9186.7
 10
172130.8
 20
-10043.3
 10
172479.7
 20
-10898.5
 10
172832.0
 20
-11752.2
 10
173187.4
 20
-12604.7
 10
173545.8
 20
-13455.8
 10
173907.2
 20
-14305.7
 10
174271.4
 20
-15154.5
 10
174638.4
 20
-16002.0
 10
175007.9
 20
-16848.5
 10
175380.0
 20
-17694.0
 10
175754.4
 20
-18538.5
 10
176131.1
 20
-19382.0
 10
176509.9
 20
-20224.6
 10
176890.8
 20
-21066.3
 10
177273.6
 20
-21907.3
 10
177658.2
 20
-22747.5
 10
178044.5
 20
-23587.0
 10
178432.4
 20
-24425.9
 10
178821.8
 20
-25264.1
 10
179212.5
 20
-26101.8
 10
179604.5
 20
-26938.9
 10
179997.6
 20
-27775.6
 10
180391.7
 20
-28611.9
 10
180786.7
 20
-29447.8
 10
181182.5
 20
-30283.3
 10
181579.0
 20
-31118.7
 10
181976.0
 20
-31953.7
 10
182373.5
 20
-32788.6
 10
182771.4
 20
-33623.4
 10
183169.4
 20
-34458.1
 10
183567.6
 20
-35292.8
 10
183965.8
 20
-36127.4
 10
184363.8
 20
-36962.2
 10
184761.6
 20
-37797.0
 10
185159.1
 20
-38632.0
 10
185556.1
 20
-39467.2
 10
185952.6
 20
-40302.7
 10
186348.4
 20
-41138.5
 10
186743.3
 20
-41974.6
 10
187137.4
 20
-42811.1
 10
187530.4
 20
-43648.1
 10
187922.3
 20
-44485.6
 10
188313.0
 20
-45323.6
 10
188702.3
 20
-46162.2
 10
189090.1
 20
-47001.4
 10
189476.3
 20
-47841.4
 10
189860.8
 20
-48682.1
 10
190243.5
 20
-49523.5
 10
190624.2
 20
-50365.8
 10
191003.0
 20
-51209.0
 10
191379.5
 20
-52053.1
 10
191753.8
 20
-52898.1
  0
LWPOLYLINE
  5
52
330
17
100
AcDbEntity
  8
ISO_HALF
100
AcDbPolyline
 90
1310
 70
0
 10
498644.6
 20
722349.3
 10
497766.3
 20
722718.6
 10
496891.2
 20
723092.2
 10
496019.4
 20
723470.0
 10
495150.7
 20
723851.9
 10
494285.1
 20
724237.9
 10
493422.5
 20
724627.8
 10
492562.9
 20
725021.7
 10
491706.2
 20
725419.4
 10
490852.4
 20
725820.8
 10
490001.3
 20
726226.0
 10
489153.0
 20
726634.8
 10
488307.3
 20
727047.1
 10
487464.3
 20
727463.0
 10
486623.8
 20
727882.2
 10
485785.8
 20
728304.8
 10
484950.3
 20
728730.7
 10
484117.1
 20
729159.8
 10
483286.3
 20
729592.0
 10
482457.7
 20
730027.3
 10
481631.3
 20
730465.7
 10
480807.0
 20
730906.9
 10
479984.8
 20
731351.0
 10
479164.7
 20
731797.9
 10
478346.5
 20
732247.5
 10
477530.2
 20
732699.8
 10
476715.7
 20
733154.6
 10
475903.1
 20
733612.0
 10
475092.1
 20
734071.8
 10
474282.8
 20
734534.0
 10
473475.1
 20
734998.5
 10
472669.0
 20
735465.2
 10
471864.3
 20
735934.1
 10
471061.1
 20
736405.1
 10
470259.2
 20
736878.1
 10
469458.7
 20
737353.0
 10
468659.3
 20
737829.9
 10
467861.2
 20
738308.5
 10
467064.2
 20
738788.9
 10
466268.3
 20
739271.0
 10
465473.4
 20
739754.7
 10
464679.4
 20
740239.9
 10
463886.3
 20
740726.6
 10
463094.1
 20
741214.7
 10
462302.6
 20
741704.1
 10
461511.8
 20
742194.8
 10
460721.7
 20
742686.7
 10
459932.2
 20
743179.7
 10
459143.2
 20
743673.7
 10
458354.7
 20
744168.7
 10
457566.6
 20
744664.6
 10
456778.9
 20
745161.4
 10
455991.4
 20
745658.9
 10
455204.2
 20
746157.1
 10
454417.2
 20
746656.0
 10
453630.3
 20
747155.4
 10
452843.4
 20
747655.3
 10
452056.6
 20
748155.6
 10
451269.7
 20
748656.3
 10
450482.6
 20
749157.3
 10
449695.4
 20
749658.5
 10
448908.0
 20
750159.8
 10
448120.2
 20
750661.2
 10
447332.1
 20
751162.5
 10
446543.6
 20
751663.9
 10
445754.6
 20
752165.0
 10
444965.0
 20
752666.0
 10
444174.9
 20
753166.7
 10
443384.1
 20
753667.1
 10
442592.6
 20
754167.0
 10
441800.3
 20
754666.5
 10
441007.2
 20
755165.3
 10
440213.2
 20
755663.6
 10
439418.3
 20
756161.2
 10
438622.3
 20
756658.0
 10
437825.3
 20
757154.0
 10
437027.1
 20
757649.0
 10
436227.8
 20
758143.1
 10
435427.2
 20
758636.2
 10
434625.2
 20
759128.1
 10
433822.0
 20
759618.9
 10
433017.3
 20
760108.4
 10
432211.1
 20
760596.6
 10
431403.3
 20
761083.3
 10
430594.0
 20
761568.7
 10
429783.0
 20
762052.4
 10
428970.2
 20
762534.6
 10
428155.7
 20
763015.2
 10
427339.3
 20
763493.9
 10
426521.1
 20
763970.9
 10
425700.9
 20
764445.8
 10
424878.7
 20
764918.4
 10
424054.5
 20
765388.4
 10
423228.2
 20
765855.4
 10
422399.9
 20
766319.1
 10
421569.5
 20
766779.1
 10
420736.9
 20
767235.2
 10
419902.2
 20
767687.0
 10
419065.3
 20
768134.2
 10
418226.1
 20
768576.5
 10
417384.7
 20
769013.6
 10
416541.0
 20
769445.0
 10
415695.0
 20
769870.6
 10
414846.6
 20
770289.9
 10
413995.8
 20
770702.7
 10
413142.6
 20
771108.7
 10
412287.0
 20
771507.4
 10
411428.9
 20
771898.6
 10
410568.3
 20
772281.9
 10
409705.1
 20
772657.1
 10
408839.4
 20
773023.8
 10
407971.1
 20
773381.7
 10
407100.1
 20
773730.4
 10
406226.5
 20
774069.7
 10
405350.1
 20
774399.2
 10
404471.1
 20
774718.5
 10
403589.3
 20
775027.5
 10
402704.7
 20
775325.6
 10
401817.2
 20
775612.7
 10
400926.9
 20
775888.3
 10
400033.8
 20
776152.2
 10
399137.7
 20
776404.1
 10
398238.7
 20
776643.5
 10
397336.7
 20
776870.3
 10
396431.7
 20
777084.0
 10
395523.6
 20
777284.4
 10
394612.5
 20
777471.0
 10
393698.3
 20
777643.7
 10
392780.9
 20
777802.0
 10
391860.4
 20
777945.7
 10
390936.6
 20
778074.4
 10
390009.7
 20
778187.8
 10
389079.6
 20
778285.9
 10
388146.6
 20
778368.9
 10
387210.9
 20
778437.1
 10
386272.6
 20
778490.8
 10
385332.0
 20
778530.1
 10
384389.3
 20
778555.3
 10
383444.6
 20
778566.7
 10
382498.1
 20
778564.4
 10
381550.1
 20
778548.8
 10
380600.8
 20
778520.1
 10
379650.3
 20
778478.5
 10
378698.8
 20
778424.2
 10
377746.6
 20
778357.6
 10
376793.8
 20
778278.8
 10
375840.6
 20
778188.2
 10
374887.2
 20
778085.8
 10
373933.9
 20
777972.1
 10
372980.8
 20
777847.1
 10
372028.1
 20
777711.3
 10
371076.1
 20
777564.7
 10
370124.8
 20
777407.8
 10
369174.6
 20
777240.6
 10
368225.5
 20
777063.4
 10
367277.9
 20
776876.6
 10
366331.9
 20
776680.2
 10
365387.6
 20
776474.7
 10
364445.4
 20
776260.1
 10
363505.3
 20
776036.8
 10
362567.7
 20
775805.0
 10
361632.6
 20
775565.0
 10
360700.3
 20
775316.9
 10
359771.0
 20
775061.1
 10
358844.8
 20
774797.8
 10
357922.1
 20
774527.1
 10
357002.9
 20
774249.5
 10
356087.5
 20
773965.0
 10
355176.0
 20
773674.0
 10
354268.6
 20
773376.5
 10
353365.1
 20
773072.7
 10
352465.7
 20
772762.5
 10
351570.2
 20
772446.1
 10
350678.7
 20
772123.4
 10
349791.0
 20
771794.5
 10
348907.2
 20
771459.5
 10
348027.2
 20
771118.4
 10
347151.0
 20
770771.1
 10
346278.6
 20
770417.9
 10
345409.9
 20
770058.7
 10
344544.9
 20
769693.5
 10
343683.6
 20
769322.4
 10
342825.9
 20
768945.5
 10
341971.9
 20
768562.8
 10
341121.4
 20
768174.3
 10
340274.5
 20
767780.0
 10
339431.1
 20
767380.1
 10
338591.3
 20
766974.6
 10
337754.8
 20
766563.4
 10
336921.8
 20
766146.7
 10
336092.2
 20
765724.5
 10
335266.0
 20
765296.8
 10
334443.2
 20
764863.7
 10
333623.6
 20
764425.3
 10
332807.3
 20
763981.4
 10
331994.3
 20
763532.3
 10
331184.4
 20
763078.0
 10
330377.8
 20
762618.4
 10
329574.3
 20
762153.7
 10
328774.0
 20
761683.8
 10
327976.7
 20
761208.9
 10
327182.6
 20
760728.9
 10
326391.4
 20
760244.0
 10
325603.3
 20
759754.1
 10
324818.1
 20
759259.3
 10
324035.9
 20
758759.6
 10
323256.6
 20
758255.1
 10
322480.2
 20
757745.8
 10
321706.6
 20
757231.8
 10
320935.9
 20
756713.1
 10
320167.9
 20
756189.8
 10
319402.7
 20
755661.9
 10
318640.3
 20
755129.4
 10
317880.5
 20
754592.3
 10
317123.4
 20
754050.9
 10
316369.0
 20
753504.9
 10
315617.2
 20
752954.6
 10
314867.9
 20
752400.0
 10
314121.2
 20
751841.0
 10
313377.0
 20
751277.8
 10
312635.3
 20
750710.4
 10
311896.1
 20
750138.8
 10
311159.2
 20
749563.1
 10
310424.8
 20
748983.3
 10
309692.8
 20
748399.4
 10
308963.1
 20
747811.5
 10
308235.6
 20
747219.7
 10
307510.5
 20
746624.0
 10
306787.6
 20
746024.4
 10
306066.9
 20
745421.0
 10
305348.4
 20
744813.8
 10
304632.1
 20
744202.9
 10
303917.9
 20
743588.2
 10
303205.7
 20
742969.9
 10
302495.7
 20
742348.0
 10
301787.6
 20
741722.6
 10
301081.6
 20
741093.6
 10
300377.5
 20
740461.1
 10
299675.4
 20
739825.2
 10
298975.2
 20
739185.9
 10
298276.8
 20
738543.2
 10
297580.3
 20
737897.3
 10
296885.7
 20
737248.0
 10
296192.8
 20
736595.6
 10
295501.6
 20
735939.9
 10
294812.2
 20
735281.2
 10
294124.5
 20
734619.3
 10
293438.5
 20
733954.4
 10
292754.1
 20
733286.5
 10
292071.2
 20
732615.6
 10
291390.0
 20
731941.8
 10
290710.3
 20
731265.1
 10
290032.1
 20
730585.6
 10
289355.5
 20
729903.3
 10
288680.2
 20
729218.3
 10
288006.4
 20
728530.5
 10
287334.0
 20
727840.1
 10
286662.9
 20
727147.1
 10
285993.2
 20
726451.4
 10
285325.0
 20
725753.2
 10
284658.4
 20
725052.5
 10
283993.6
 20
724349.1
 10
283330.7
 20
723643.1
 10
282669.9
 20
722934.6
 10
282011.2
 20
722223.4
 10
281354.9
 20
721509.6
 10
280701.1
 20
720793.3
 10
280049.9
 20
720074.3
 10
279401.5
 20
719352.7
 10
278756.0
 20
718628.5
 10
278113.5
 20
717901.7
 10
277474.3
 20
717172.3
 10
276838.3
 20
716440.2
 10
276205.8
 20
715705.6
 10
275577.0
 20
714968.3
 10
274951.9
 20
714228.3
 10
274330.7
 20
713485.8
 10
273713.5
 20
712740.6
 10
273100.6
 20
711992.7
 10
272491.9
 20
711242.3
 10
271887.7
 20
710489.1
 10
271288.1
 20
709733.3
 10
270693.3
 20
708974.9
 10
270103.4
 20
708213.8
 10
269518.5
 20
707450.1
 10
268938.7
 20
706683.7
 10
268364.3
 20
705914.6
 10
267795.4
 20
705142.9
 10
267232.0
 20
704368.5
 10
266674.4
 20
703591.4
 10
266122.7
 20
702811.7
 10
265576.9
 20
702029.3
 10
265037.4
 20
701244.1
 10
264504.2
 20
700456.4
 10
263977.4
 20
699665.9
 10
263457.2
 20
698872.7
 10
262943.7
 20
698076.8
 10
262437.1
 20
697278.3
 10
261937.6
 20
696477.0
 10
261445.1
 20
695673.1
 10
260960.0
 20
694866.4
 10
260482.4
 20
694057.0
 10
260012.3
 20
693245.0
 10
259549.9
 20
692430.2
 10
259095.4
 20
691612.6
 10
258648.8
 20
690792.4
 10
258209.9
 20
689969.6
 10
257778.6
 20
689144.1
 10
257354.7
 20
688316.1
 10
256938.1
 20
687485.5
 10
256528.6
 20
686652.5
 10
256126.1
 20
685817.1
 10
255730.3
 20
684979.3
 10
255341.2
 20
684139.2
 10
254958.6
 20
683296.8
 10
254582.3
 20
682452.2
 10
254212.2
 20
681605.4
 10
253848.1
 20
680756.4
 10
253489.9
 20
679905.4
 10
253137.3
 20
679052.4
 10
252790.3
 20
678197.4
 10
252448.7
 20
677340.4
 10
252112.3
 20
676481.5
 10
251781.0
 20
675620.8
 10
251454.7
 20
674758.3
 10
251133.0
 20
673894.0
 10
250816.0
 20
673028.0
 10
250503.4
 20
672160.4
 10
250195.2
 20
671291.1
 10
249891.0
 20
670420.3
 10
249590.9
 20
669548.0
 10
249294.5
 20
668674.2
 10
249001.8
 20
667799.0
 10
248712.7
 20
666922.4
 10
248426.8
 20
666044.5
 10
248144.2
 20
665165.3
 10
247864.6
 20
664284.9
 10
247587.9
 20
663403.3
 10
247314.0
 20
662520.6
 10
247042.5
 20
661636.8
 10
246773.5
 20
660751.9
 10
246506.8
 20
659866.1
 10
246242.2
 20
658979.3
 10
245979.5
 20
658091.6
 10
245718.5
 20
657203.0
 10
245459.3
 20
656313.7
 10
245201.6
 20
655423.5
 10
244945.4
 20
654532.7
 10
244690.6
 20
653641.1
 10
244437.2
 20
652748.8
 10
244184.9
 20
651856.0
 10
243933.9
 20
650962.5
 10
243684.0
 20
650068.5
 10
243435.0
 20
649173.9
 10
243187.0
 20
648278.9
 10
242939.9
 20
647383.4
 10
242693.5
 20
646487.4
 10
242447.8
 20
645591.1
 10
242202.7
 20
644694.4
 10
241958.1
 20
643797.4
 10
241714.0
 20
642900.2
 10
241470.3
 20
642002.7
 10
241226.8
 20
641104.9
 10
240983.5
 20
640207.0
 10
240740.4
 20
639309.0
 10
240497.3
 20
638410.8
 10
240254.2
 20
637512.6
 10
240011.0
 20
636614.3
 10
239767.5
 20
635716.0
 10
239523.8
 20
634817.8
 10
239279.8
 20
633919.6
 10
239035.3
 20
633021.5
 10
238790.3
 20
632123.6
 10
238544.7
 20
631225.8
 10
238298.4
 20
630328.3
 10
238051.3
 20
629431.0
 10
237803.5
 20
628533.9
 10
237554.7
 20
627637.2
 10
237304.9
 20
626740.8
 10
237054.0
 20
625844.8
 10
236801.9
 20
624949.2
 10
236548.7
 20
624054.1
 10
236294.1
 20
623159.5
 10
236038.1
 20
622265.3
 10
235780.6
 20
621371.8
 10
235521.6
 20
620478.8
 10
235260.9
 20
619586.4
 10
234998.5
 20
618694.8
 10
234734.3
 20
617803.8
 10
234468.2
 20
616913.5
 10
234200.2
 20
616024.0
 10
233930.1
 20
615135.3
 10
233657.9
 20
614247.5
 10
233383.5
 20
613360.5
 10
233106.8
 20
612474.4
 10
232827.7
 20
611589.3
 10
232546.2
 20
610705.1
 10
232262.2
 20
609822.0
 10
231975.6
 20
608939.9
 10
231686.3
 20
608058.9
 10
231394.2
 20
607179.0
 10
231099.3
 20
606300.2
 10
230801.4
 20
605422.7
 10
230500.6
 20
604546.3
 10
230196.6
 20
603671.2
 10
229889.5
 20
602797.4
 10
229579.1
 20
601925.0
 10
229265.5
 20
601053.8
 10
228948.4
 20
600184.1
 10
228627.8
 20
599315.9
 10
228303.6
 20
598449.0
 10
227975.8
 20
597583.7
 10
227644.3
 20
596719.9
 10
227309.0
 20
595857.7
 10
226969.8
 20
594997.1
 10
226626.6
 20
594138.2
 10
226279.3
 20
593280.9
 10
225927.9
 20
592425.3
 10
225572.3
 20
591571.5
 10
225212.5
 20
590719.4
 10
224848.2
 20
589869.2
 10
224479.5
 20
589020.8
 10
224106.3
 20
588174.3
 10
223728.4
 20
587329.7
 10
223345.9
 20
586487.1
 10
222958.7
 20
585646.4
 10
222567.0
 20
584807.6
 10
222170.9
 20
583970.7
 10
221770.5
 20
583135.5
 10
221366.0
 20
582302.1
 10
220957.5
 20
581470.4
 10
220545.1
 20
580640.3
 10
220128.9
 20
579811.8
 10
219709.2
 20
578984.8
 10
219285.9
 20
578159.3
 10
218859.2
 20
577335.3
 10
218429.3
 20
576512.6
 10
217996.3
 20
575691.3
 10
217560.4
 20
574871.3
 10
217121.5
 20
574052.5
 10
216680.0
 20
573234.9
 10
216235.8
 20
572418.4
 10
215789.2
 20
571603.0
 10
215340.2
 20
570788.6
 10
214889.0
 20
569975.3
 10
214435.8
 20
569162.8
 10
213980.6
 20
568351.2
 10
213523.5
 20
567540.5
 10
213064.8
 20
566730.6
 10
212604.5
 20
565921.3
 10
212142.7
 20
565112.8
 10
211679.7
 20
564304.9
 10
211215.4
 20
563497.6
 10
210750.1
 20
562690.8
 10
210283.9
 20
561884.4
 10
209816.9
 20
561078.5
 10
209349.2
 20
560273.0
 10
208881.0
 20
559467.8
 10
208412.3
 20
558662.9
 10
207943.4
 20
557858.2
 10
207474.3
 20
557053.7
 10
207005.2
 20
556249.3
 10
206536.2
 20
555445.0
 10
206067.4
 20
554640.7
 10
205599.0
 20
553836.4
 10
205131.1
 20
553032.0
 10
204663.7
 20
552227.5
 10
204197.2
 20
551422.8
 10
203731.3
 20
550618.2
 10
203265.0
 20
549815.2
 10
202797.2
 20
549015.9
 10
202326.6
 20
548222.1
 10
201851.9
 20
547435.7
 10
201371.9
 20
546658.9
 10
200885.3
 20
545893.4
 10
200391.0
 20
545141.3
 10
199887.6
 20
544404.5
 10
199373.8
 20
543684.9
 10
198848.6
 20
542984.6
 10
198310.8
 20
542305.0
 10
197760.5
 20
541646.3
 10
197198.1
 20
541008.2
 10
196623.6
 20
540390.5
 10
196037.6
 20
539793.1
 10
195440.1
 20
539215.6
 10
194831.6
 20
538657.9
 10
194212.2
 20
538119.6
 10
193582.2
 20
537600.7
 10
192942.0
 20
537100.8
 10
192291.7
 20
536619.6
 10
191631.7
 20
536156.2
 10
190962.2
 20
535709.7
 10
190283.5
 20
535279.0
 10
189595.8
 20
534863.0
 10
188899.3
 20
534460.9
 10
188194.4
 20
534071.6
 10
187481.3
 20
533694.2
 10
186760.3
 20
533327.5
 10
186031.6
 20
532970.7
 10
185295.4
 20
532622.6
 10
184552.1
 20
532282.4
 10
183801.9
 20
531949.0
 10
183045.0
 20
531621.4
 10
182281.7
 20
531298.6
 10
181512.3
 20
530979.6
 10
180737.1
 20
530663.4
 10
179956.2
 20
530349.1
 10
179169.9
 20
530035.5
 10
178378.5
 20
529721.7
 10
177582.3
 20
529406.8
 10
176781.5
 20
529089.7
 10
175976.4
 20
528769.7
 10
175166.9
 20
528447.1
 10
174353.2
 20
528122.2
 10
173535.4
 20
527795.1
 10
172713.6
 20
527466.1
 10
171887.7
 20
527135.5
 10
171058.0
 20
526803.5
 10
170224.5
 20
526470.5
 10
169387.2
 20
526136.5
 10
168546.2
 20
525802.0
 10
167701.7
 20
525467.1
 10
166853.7
 20
525132.2
 10
166002.2
 20
524797.4
 10
165147.4
 20
524463.0
 10
164289.4
 20
524129.3
 10
163428.1
 20
523796.5
 10
162563.8
 20
523464.9
 10
161696.4
 20
523134.7
 10
160826.1
 20
522806.3
 10
159952.9
 20
522479.7
 10
159076.9
 20
522155.4
 10
158198.2
 20
521833.6
 10
157316.9
 20
521514.4
 10
156433.0
 20
521198.2
 10
155546.6
 20
520885.3
 10
154657.8
 20
520575.8
 10
153766.8
 20
520270.1
 10
152873.4
 20
519968.3
 10
151978.0
 20
519670.8
 10
151080.4
 20
519377.8
 10
150180.8
 20
519089.5
 10
149279.3
 20
518806.2
 10
148376.0
 20
518528.2
 10
147470.9
 20
518255.7
 10
146564.1
 20
517989.0
 10
145655.7
 20
517728.3
 10
144745.8
 20
517473.9
 10
143834.4
 20
517226.0
 10
142921.7
 20
516984.9
 10
142007.6
 20
516750.9
 10
141092.4
 20
516524.2
 10
140176.0
 20
516304.7
 10
139258.5
 20
516092.2
 10
138340.0
 20
515886.4
 10
137420.5
 20
515686.8
 10
136500.1
 20
515493.1
 10
135578.9
 20
515304.9
 10
134656.9
 20
515121.9
 10
133734.2
 20
514943.7
 10
132810.9
 20
514770.0
 10
131886.9
 20
514600.4
 10
130962.4
 20
514434.5
 10
130037.4
 20
514272.0
 10
129112.0
 20
514112.5
 10
128186.3
 20
513955.7
 10
127260.2
 20
513801.3
 10
126334.0
 20
513648.7
 10
125407.5
 20
513497.8
 10
124480.9
 20
513348.1
 10
123554.3
 20
513199.3
 10
122627.7
 20
513051.0
 10
121701.1
 20
512902.8
 10
120774.7
 20
512754.5
 10
119848.4
 20
512605.6
 10
118922.4
 20
512455.8
 10
117996.7
 20
512304.7
 10
117071.4
 20
512152.0
 10
116146.5
 20
511997.3
 10
115222.1
 20
511840.2
 10
114298.3
 20
511680.5
 10
113375.0
 20
511517.7
 10
112452.4
 20
511351.4
 10
111530.6
 20
511181.4
 10
110609.5
 20
511007.2
 10
109689.3
 20
510828.6
 10
108770.0
 20
510645.1
 10
107851.7
 20
510456.3
 10
106934.4
 20
510262.0
 10
106018.2
 20
510061.8
 10
105103.1
 20
509855.5
 10
104189.2
 20
509643.2
 10
103276.6
 20
509425.0
 10
102365.1
 20
509201.0
 10
101454.9
 20
508971.4
 10
100545.9
 20
508736.1
 10
99638.3
 20
508495.5
 10
98732.1
 20
508249.5
 10
97827.2
 20
507998.2
 10
96923.7
 20
507741.9
 10
96021.6
 20
507480.5
 10
95121.0
 20
507214.1
 10
94221.9
 20
506943.0
 10
93324.3
 20
506667.2
 10
92428.2
 20
506386.7
 10
91533.7
 20
506101.8
 10
90640.8
 20
505812.5
 10
89749.6
 20
505519.0
 10
88860.0
 20
505221.2
 10
87972.1
 20
504919.4
 10
87085.9
 20
504613.7
 10
86201.4
 20
504304.1
 10
85318.8
 20
503990.8
 10
84437.9
 20
503673.9
 10
83558.9
 20
503353.4
 10
82681.7
 20
503029.5
 10
81806.5
 20
502702.3
 10
80933.1
 20
502372.0
 10
80061.7
 20
502038.5
 10
79192.3
 20
501702.0
 10
78324.9
 20
501362.7
 10
77459.5
 20
501020.6
 10
76596.2
 20
500675.9
 10
75735.0
 20
500328.6
 10
74875.9
 20
499978.8
 10
74019.0
 20
499626.7
 10
73164.3
 20
499272.4
 10
72311.7
 20
498916.0
 10
71461.4
 20
498557.5
 10
70613.4
 20
498197.2
 10
69767.4
 20
497835.1
 10
68923.5
 20
497471.5
 10
68081.3
 20
497106.5
 10
67240.8
 20
496740.4
 10
66401.7
 20
496373.3
 10
65563.9
 20
496005.5
 10
64727.2
 20
495637.0
 10
63891.5
 20
495268.2
 10
63056.5
 20
494899.2
 10
62222.0
 20
494530.1
 10
61388.1
 20
494161.3
 10
60554.3
 20
493792.8
 10
59720.6
 20
493425.0
 10
58886.9
 20
493057.8
 10
58052.8
 20
492691.7
 10
57218.4
 20
492326.7
 10
56383.3
 20
491963.0
 10
55547.4
 20
491600.8
 10
54710.6
 20
491240.4
 10
53872.6
 20
490881.9
 10
53033.3
 20
490525.5
 10
52192.6
 20
490171.5
 10
51350.2
 20
489819.9
 10
50506.0
 20
489471.0
 10
49659.8
 20
489124.9
 10
48811.5
 20
488782.0
 10
47960.8
 20
488442.3
 10
47107.6
 20
488106.0
 10
46251.8
 20
487773.4
 10
45393.1
 20
487444.7
 10
44531.3
 20
487119.9
 10
43666.4
 20
486799.4
 10
42798.2
 20
486483.3
 10
41926.3
 20
486171.8
 10
41050.8
 20
485865.1
 10
40171.4
 20
485563.4
 10
39288.0
 20
485266.9
 10
38400.3
 20
484975.8
 10
37508.2
 20
484690.2
 10
36611.6
 20
484410.4
 10
35710.3
 20
484136.4
 10
34804.6
 20
483867.9
 10
33894.9
 20
483604.4
 10
32981.5
 20
483345.4
 10
32064.8
 20
483090.3
 10
31145.1
 20
482838.9
 10
30222.7
 20
482590.4
 10
29298.1
 20
482344.6
 10
28371.6
 20
482100.8
 10
27443.4
 20
481858.6
 10
26514.1
 20
481617.5
 10
25583.9
 20
481377.0
 10
24653.2
 20
481136.7
 10
23722.3
 20
480896.0
 10
22791.6
 20
480654.6
 10
21861.4
 20
480411.7
 10
20932.1
 20
480167.2
 10
20004.1
 20
479920.3
 10
19077.7
 20
479670.6
 10
18153.2
 20
479417.7
 10
17231.0
 20
479161.1
 10
16311.4
 20
478900.3
 10
15394.9
 20
478634.8
 10
14481.7
 20
478364.0
 10
13572.2
 20
478087.6
 10
12666.8
 20
477805.1
 10
11765.8
 20
477515.9
 10
10869.5
 20
477219.6
 10
9978.4
 20
476915.7
 10
9092.7
 20
476603.7
 10
8212.8
 20
476283.1
 10
7339.1
 20
475953.5
 10
6472.0
 20
475614.3
 10
5611.7
 20
475265.1
 10
4758.6
 20
474905.4
 10
3913.1
 20
474534.7
 10
3075.5
 20
474152.5
 10
2246.2
 20
473758.3
 10
1425.5
 20
473351.7
 10
613.9
 20
472932.2
 10
-188.5
 20
472499.2
 10
-981.3
 20
472052.6
 10
-1764.8
 20
471592.6
 10
-2539.0
 20
471119.4
 10
-3304.1
 20
470633.3
 10
-4060.2
 20
470134.4
 10
-4807.5
 20
469623.1
 10
-5546.1
 20
469099.6
 10
-6276.2
 20
468564.2
 10
-6997.9
 20
468017.0
 10
-7711.4
 20
467458.4
 10
-8416.8
 20
466888.5
 10
-9114.2
 20
466307.7
 10
-9803.8
 20
465716.1
 10
-10485.7
 20
465114.1
 10
-11160.0
 20
464501.8
 10
-11827.0
 20
463879.5
 10
-12486.8
 20
463247.4
 10
-13139.4
 20
462605.9
 10
-13785.1
 20
461955.1
 10
-14423.9
 20
461295.3
 10
-15056.1
 20
460626.7
 10
-15681.8
 20
459949.6
 10
-16301.1
 20
459264.2
 10
-16914.1
 20
458570.8
 10
-17521.0
 20
457869.6
 10
-18122.0
 20
457160.8
 10
-18717.2
 20
456444.8
 10
-19306.7
 20
455721.7
 10
-19890.6
 20
454991.8
 10
-20469.2
 20
454255.3
 10
-21042.5
 20
453512.6
 10
-21610.8
 20
452763.7
 10
-22174.1
 20
452009.1
 10
-22732.5
 20
451248.8
 10
-23286.3
 20
450483.3
 10
-23835.6
 20
449712.6
 10
-24380.5
 20
448937.1
 10
-24921.2
 20
448157.0
 10
-25457.7
 20
447372.6
 10
-25990.3
 20
446584.1
 10
-26519.1
 20
445791.7
 10
-27044.3
 20
444995.6
 10
-27565.9
 20
444196.3
 10
-28084.1
 20
443393.7
 10
-28599.0
 20
442588.3
 10
-29110.5
 20
441780.1
 10
-29618.3
 20
440969.0
 10
-30122.1
 20
440155.2
 10
-30621.6
 20
439338.5
 10
-31116.6
 20
438519.1
 10
-31606.8
 20
437696.9
 10
-32091.9
 20
436872.0
 10
-32571.7
 20
436044.3
 10
-33045.8
 20
435213.9
 10
-33514.1
 20
434380.8
 10
-33976.1
 20
433544.9
 10
-34431.8
 20
432706.4
 10
-34880.7
 20
431865.2
 10
-35322.7
 20
431021.4
 10
-35757.4
 20
430174.9
 10
-36184.6
 20
429325.8
 10
-36603.9
 20
428474.0
 10
-37015.3
 20
427619.6
 10
-37418.2
 20
426762.7
 10
-37812.6
 20
425903.1
 10
-38198.1
 20
425041.0
 10
-38574.4
 20
424176.3
 10
-38941.3
 20
423309.1
 10
-39298.5
 20
422439.4
 10
-39645.7
 20
421567.1
 10
-39982.7
 20
420692.3
 10
-40309.2
 20
419815.0
 10
-40624.9
 20
418935.3
 10
-40929.5
 20
418053.0
 10
-41222.8
 20
417168.4
 10
-41504.5
 20
416281.2
 10
-41774.3
 20
415391.7
 10
-42032.0
 20
414499.7
 10
-42277.3
 20
413605.3
 10
-42509.9
 20
412708.6
 10
-42729.5
 20
411809.4
 10
-42935.9
 20
410907.9
 10
-43128.7
 20
410004.1
 10
-43307.8
 20
409097.9
 10
-43472.9
 20
408189.3
 10
-43623.7
 20
407278.5
 10
-43760.4
 20
406365.4
 10
-43883.5
 20
405450.1
 10
-43993.2
 20
404532.7
 10
-44090.0
 20
403613.3
 10
-44174.3
 20
402691.8
 10
-44246.4
 20
401768.5
 10
-44306.8
 20
400843.3
 10
-44355.7
 20
399916.3
 10
-44393.7
 20
398987.5
 10
-44421.0
 20
398057.2
 10
-44438.1
 20
397125.2
 10
-44445.3
 20
396191.8
 10
-44443.1
 20
395256.9
 10
-44431.8
 20
394320.6
 10
-44411.7
 20
393383.0
 10
-44383.3
 20
392444.2
 10
-44347.0
 20
391504.1
 10
-44303.1
 20
390563.0
 10
-44252.1
 20
389620.8
 10
-44194.2
 20
388677.7
 10
-44130.0
 20
387733.7
 10
-44059.7
 20
386788.8
 10
-43983.7
 20
385843.1
 10
-43902.5
 20
384896.8
 10
-43816.4
 20
383949.8
 10
-43725.8
 20
383002.2
 10
-43631.1
 20
382054.2
 10
-43532.6
 20
381105.7
 10
-43430.8
 20
380156.8
 10
-43326.0
 20
379207.7
 10
-43218.7
 20
378258.3
 10
-43109.1
 20
377308.7
 10
-42997.7
 20
376359.1
 10
-42884.9
 20
375409.4
 10
-42771.0
 20
374459.8
 10
-42656.4
 20
373510.3
 10
-42541.3
 20
372560.9
 10
-42425.5
 20
371611.6
 10
-42309.2
 20
370662.5
 10
-42192.2
 20
369713.6
 10
-42074.6
 20
368764.8
 10
-41956.3
 20
367816.2
 10
-41837.3
 20
366867.8
 10
-41717.7
 20
365919.6
 10
-41597.3
 20
364971.6
 10
-41476.3
 20
364023.8
 10
-41354.5
 20
363076.3
 10
-41231.9
 20
362129.0
 10
-41108.5
 20
361181.9
 10
-40984.4
 20
360235.1
 10
-40859.4
 20
359288.5
 10
-40733.7
 20
358342.2
 10
-40607.1
 20
357396.2
 10
-40479.6
 20
356450.4
 10
-40351.2
 20
355505.0
 10
-40222.0
 20
354559.8
 10
-40091.9
 20
353615.0
 10
-39960.8
 20
352670.5
 10
-39828.8
 20
351726.4
 10
-39695.8
 20
350782.5
 10
-39561.9
 20
349839.1
 10
-39426.9
 20
348896.0
 10
-39291.0
 20
347953.2
 10
-39154.0
 20
347010.8
 10
-39016.0
 20
346068.9
 10
-38877.0
 20
345127.3
 10
-38736.8
 20
344186.1
 10
-38595.6
 20
343245.4
 10
-38453.3
 20
342305.0
 10
-38309.8
 20
341365.1
 10
-38165.2
 20
340425.6
 10
-38019.4
 20
339486.6
 10
-37872.5
 20
338548.1
 10
-37724.4
 20
337610.0
 10
-37575.1
 20
336672.4
 10
-37424.5
 20
335735.2
 10
-37272.7
 20
334798.6
 10
-37119.7
 20
333862.5
 10
-36965.3
 20
332926.9
 10
-36809.7
 20
331991.8
 10
-36652.8
 20
331057.2
 10
-36494.5
 20
330123.2
 10
-36334.9
 20
329189.8
 10
-36174.0
 20
328256.9
 10
-36011.7
 20
327324.5
 10
-35848.0
 20
326392.8
 10
-35682.8
 20
325461.6
 10
-35516.3
 20
324531.0
 10
-35348.3
 20
323601.0
 10
-35178.9
 20
322671.7
 10
-35008.0
 20
321742.9
 10
-34835.6
 20
320814.8
 10
-34661.6
 20
319887.3
 10
-34486.2
 20
318960.5
 10
-34309.2
 20
318034.4
 10
-34130.7
 20
317108.9
 10
-33950.6
 20
316184.0
 10
-33768.9
 20
315259.9
 10
-33585.6
 20
314336.5
 10
-33400.6
 20
313413.7
 10
-33214.1
 20
312491.7
 10
-33025.8
 20
311570.4
 10
-32835.9
 20
310649.9
 10
-32644.4
 20
309730.0
 10
-32451.1
 20
308811.0
 10
-32256.0
 20
307892.6
 10
-32059.3
 20
306975.1
 10
-31860.7
 20
306058.3
 10
-31660.4
 20
305142.3
 10
-31458.4
 20
304227.1
 10
-31254.5
 20
303312.7
 10
-31048.9
 20
302399.1
 10
-30841.5
 20
301486.2
 10
-30632.5
 20
300574.1
 10
-30421.7
 20
299662.7
 10
-30209.3
 20
298752.1
 10
-29995.3
 20
297842.2
 10
-29779.7
 20
296933.0
 10
-29562.6
 20
296024.5
 10
-29343.9
 20
295116.6
 10
-29123.7
 20
294209.5
 10
-28902.0
 20
293303.0
 10
-28678.8
 20
292397.1
 10
-28454.3
 20
291491.8
 10
-28228.3
 20
290587.2
 10
-28000.9
 20
289683.2
 10
-27772.2
 20
288779.8
 10
-27542.2
 20
287876.9
 10
-27310.9
 20
286974.7
 10
-27078.3
 20
286073.0
 10
-26844.5
 20
285171.8
 10
-26609.5
 20
284271.1
 10
-26373.3
 20
283371.0
 10
-26136.0
 20
282471.4
 10
-25897.5
 20
281572.3
 10
-25657.9
 20
280673.6
 10
-25417.3
 20
279775.4
 10
-25175.6
 20
278877.7
 10
-24932.9
 20
277980.4
 10
-24689.2
 20
277083.6
 10
-24444.5
 20
276187.2
 10
-24198.9
 20
275291.2
 10
-23952.4
 20
274395.5
 10
-23705.0
 20
273500.3
 10
-23456.8
 20
272605.4
 10
-23207.7
 20
271710.9
 10
-22957.9
 20
270816.7
 10
-22707.3
 20
269922.9
 10
-22455.9
 20
269029.3
 10
-22203.8
 20
268136.1
 10
-21951.1
 20
267243.2
 10
-21697.6
 20
266350.5
 10
-21443.6
 20
265458.2
 10
-21188.9
 20
264566.0
 10
-20933.7
 20
263674.2
 10
-20677.9
 20
262782.5
 10
-20421.6
 20
261891.1
 10
-20164.8
 20
260999.9
 10
-19907.5
 20
260108.9
 10
-19649.8
 20
259218.0
 10
-19391.6
 20
258327.3
 10
-19133.1
 20
257436.8
 10
-18874.2
 20
256546.5
 10
-18615.0
 20
255656.2
 10
-18355.5
 20
254766.1
 10
-18095.8
 20
253876.1
 10
-17835.7
 20
252986.2
 10
-17575.5
 20
252096.3
 10
-17315.0
 20
251206.6
 10
-17054.4
 20
250316.9
 10
-16793.7
 20
249427.2
 10
-16532.8
 20
248537.6
 10
-16271.9
 20
247647.9
 10
-16010.9
 20
246758.3
 10
-15749.9
 20
245868.7
 10
-15488.8
 20
244979.1
 10
-15227.8
 20
244089.5
 10
-14966.9
 20
243199.8
 10
-14706.0
 20
242310.0
 10
-14445.3
 20
241420.2
 10
-14184.6
 20
240530.3
 10
-13924.2
 20
239640.3
 10
-13663.9
 20
238750.2
 10
-13403.9
 20
237860.0
 10
-13144.1
 20
236969.6
 10
-12884.6
 20
236079.1
 10
-12625.3
 20
235188.5
 10
-12366.4
 20
234297.7
 10
-12107.8
 20
233406.7
 10
-11849.6
 20
232515.6
 10
-11591.7
 20
231624.3
 10
-11334.1
 20
230732.8
 10
-11076.9
 20
229841.1
 10
-10820.0
 20
228949.3
 10
-10563.5
 20
228057.3
 10
-10307.3
 20
227165.1
 10
-10051.4
 20
226272.8
 10
-9796.0
 20
225380.3
 10
-9540.8
 20
224487.6
 10
-9286.1
 20
223594.7
 10
-9031.7
 20
222701.6
 10
-8777.7
 20
221808.4
 10
-8524.1
 20
220915.0
 10
-8270.8
 20
220021.4
 10
-8018.0
 20
219127.6
 10
-7765.5
 20
218233.6
 10
-7513.4
 20
217339.4
 10
-7261.7
 20
216445.1
 10
-7010.4
 20
215550.5
 10
-6759.5
 20
214655.8
 10
-6509.0
 20
213760.9
 10
-6258.9
 20
212865.8
 10
-6009.3
 20
211970.5
 10
-5760.0
 20
211074.9
 10
-5511.2
 20
210179.2
 10
-5262.8
 20
209283.3
 10
-5014.8
 20
208387.2
 10
-4767.2
 20
207490.9
 10
-4520.1
 20
206594.4
 10
-4273.4
 20
205697.7
 10
-4027.1
 20
204800.8
 10
-3781.3
 20
203903.7
 10
-3535.9
 20
203006.4
 10
-3291.0
 20
202108.8
 10
-3046.6
 20
201211.1
 10
-2802.5
 20
200313.2
 10
-2559.0
 20
199415.0
 10
-2315.9
 20
198516.6
 10
-2073.3
 20
197618.0
 10
-1831.2
 20
196719.2
 10
-1589.5
 20
195820.2
 10
-1348.3
 20
194921.0
 10
-1107.6
 20
194021.5
 10
-867.4
 20
193121.9
 10
-627.6
 20
192222.0
 10
-388.4
 20
191321.9
 10
-149.6
 20
190421.5
 10
88.6
 20
189521.0
 10
326.4
 20
188620.2
 10
563.6
 20
187719.2
 10
800.4
 20
186818.0
 10
1036.6
 20
185916.5
 10
1272.3
 20
185014.8
 10
1507.5
 20
184112.9
 10
1742.1
 20
183210.7
 10
1976.3
 20
182308.3
 10
2209.9
 20
181405.7
 10
2442.9
 20
180502.8
 10
2675.5
 20
179599.7
 10
2907.5
 20
178696.4
 10
3138.9
 20
177792.8
 10
3369.8
 20
176889.0
 10
3600.1
 20
175985.0
 10
3829.9
 20
175080.7
 10
4059.2
 20
174176.1
 10
4287.8
 20
173271.3
 10
4515.9
 20
172366.3
 10
4743.5
 20
171461.0
 10
4970.4
 20
170555.5
 10
5196.8
 20
169649.7
 10
5422.6
 20
168743.7
 10
5647.9
 20
167837.4
 10
5872.5
 20
166930.8
 10
6096.6
 20
166024.0
 10
6320.0
 20
165117.0
 10
6542.9
 20
164209.7
 10
6765.1
 20
163302.1
 10
6986.8
 20
162394.3
 10
7207.8
 20
161486.2
 10
7428.3
 20
160577.9
 10
7648.1
 20
159669.3
 10
7867.3
 20
158760.4
 10
8085.9
 20
157851.3
 10
8303.9
 20
156941.9
 10
8521.3
 20
156032.3
 10
8738.3
 20
155122.4
 10
8954.9
 20
154212.5
 10
9171.2
 20
153302.3
 10
9387.2
 20
152392.1
 10
9602.9
 20
151481.7
 10
9818.5
 20
150571.3
 10
10033.9
 20
149660.8
 10
10249.4
 20
148750.3
 10
10464.8
 20
147839.8
 10
10680.3
 20
146929.3
 10
10896.0
 20
146018.9
 10
11111.8
 20
145108.5
 10
11327.9
 20
144198.3
 10
11544.3
 20
143288.2
 10
11761.1
 20
142378.2
 10
11978.4
 20
141468.4
 10
12196.1
 20
140558.8
 10
12414.4
 20
139649.5
 10
12633.3
 20
138740.4
 10
12852.9
 20
137831.5
 10
13073.2
 20
136923.0
 10
13294.3
 20
136014.8
 10
13516.3
 20
135107.0
 10
13739.2
 20
134199.5
 10
13963.1
 20
133292.5
 10
14188.0
 20
132385.9
 10
14414.0
 20
131479.7
 10
14641.2
 20
130574.0
 10
14869.6
 20
129668.9
 10
15099.3
 20
128764.2
 10
15330.3
 20
127860.1
 10
15562.7
 20
126956.6
 10
15796.6
 20
126053.7
 10
16032.0
 20
125151.5
 10
16269.0
 20
124249.9
 10
16507.6
 20
123348.9
 10
16747.9
 20
122448.7
 10
16990.0
 20
121549.2
 10
17233.9
 20
120650.5
 10
17479.7
 20
119752.6
 10
17727.5
 20
118855.5
 10
17977.2
 20
117959.2
 10
18229.0
 20
117063.7
 10
18482.9
 20
116169.2
 10
18739.0
 20
115275.5
 10
18997.4
 20
114382.8
 10
19258.1
 20
113491.1
 10
19521.1
 20
112600.3
 10
19786.5
 20
111710.6
 10
20054.5
 20
110821.8
 10
20325.0
 20
109934.2
 10
20598.0
 20
109047.6
 10
20873.8
 20
108162.2
 10
21152.3
 20
107277.9
 10
21433.5
 20
106394.7
 10
21717.7
 20
105512.7
 10
22004.7
 20
104632.0
 10
22294.7
 20
103752.5
 10
22587.7
 20
102874.2
 10
22883.8
 20
101997.2
 10
23183.0
 20
101121.6
 10
23485.5
 20
100247.3
 10
23791.2
 20
99374.3
 10
24100.3
 20
98502.8
 10
24412.7
 20
97632.6
 10
24728.6
 20
96763.9
 10
25048.0
 20
95896.7
 10
25371.0
 20
95030.9
 10
25697.6
 20
94166.7
 10
26027.8
 20
93304.0
 10
26361.9
 20
92442.9
 10
26699.7
 20
91583.3
 10
27041.5
 20
90725.4
 10
27387.1
 20
89869.1
 10
27736.7
 20
89014.5
 10
28090.4
 20
88161.6
 10
28448.2
 20
87310.4
 10
28810.1
 20
86460.9
 10
29175.8
 20
85613.0
 10
29545.2
 20
84766.6
 10
29918.1
 20
83921.7
 10
30294.2
 20
83078.1
 10
30673.3
 20
82235.8
 10
31055.2
 20
81394.7
 10
31439.7
 20
80554.6
 10
31826.7
 20
79715.6
 10
32215.8
 20
78877.5
 10
32606.9
 20
78040.2
 10
32999.8
 20
77203.7
 10
33394.3
 20
76367.8
 10
33790.1
 20
75532.4
 10
34187.0
 20
74697.6
 10
34584.9
 20
73863.1
 10
34983.5
 20
73029.0
 10
35382.6
 20
72195.0
 10
35782.1
 20
71361.2
 10
36181.6
 20
70527.4
 10
36581.0
 20
69693.6
 10
36980.1
 20
68859.7
 10
37378.7
 20
68025.5
 10
37776.5
 20
67191.0
 10
38173.4
 20
66356.2
 10
38569.1
 20
65520.8
 10
38963.5
 20
64684.9
 10
39356.3
 20
63848.3
 10
39747.3
 20
63011.0
 10
40136.3
 20
62172.8
 10
40523.0
 20
61333.7
 10
40907.4
 20
60493.7
 10
41289.2
 20
59652.5
 10
41668.1
 20
58810.1
 10
42044.0
 20
57966.5
 10
42416.6
 20
57121.5
 10
42785.8
 20
56275.1
 10
43151.3
 20
55427.1
 10
43512.9
 20
54577.5
 10
43870.4
 20
53726.2
 10
44223.6
 20
52873.1
 10
44572.3
 20
52018.2
 10
44916.4
 20
51161.2
 10
45255.7
 20
50302.4
 10
45590.5
 20
49441.6
 10
45920.8
 20
48578.9
 10
46246.8
 20
47714.5
 10
46568.5
 20
46848.3
 10
46886.2
 20
45980.4
 10
47200.0
 20
45110.8
 10
47509.8
 20
44239.6
 10
47816.0
 20
43366.9
 10
48118.5
 20
42492.6
 10
48417.6
 20
41616.9
 10
48713.2
 20
40739.8
 10
49005.6
 20
39861.3
 10
49294.9
 20
38981.6
 10
49581.2
 20
38100.5
 10
49864.6
 20
37218.3
 10
50145.2
 20
36334.9
 10
50423.1
 20
35450.4
 10
50698.6
 20
34564.8
 10
50971.6
 20
33678.2
 10
51242.3
 20
32790.7
 10
51510.8
 20
31902.2
 10
51777.3
 20
31012.9
 10
52041.8
 20
30122.8
 10
52304.5
 20
29231.9
 10
52565.6
 20
28340.3
 10
52825.0
 20
27448.1
 10
53083.0
 20
26555.2
 10
53339.6
 20
25661.8
 10
53595.1
 20
24767.8
 10
53849.4
 20
23873.4
 10
54102.7
 20
22978.6
 10
54355.2
 20
22083.4
 10
54607.0
 20
21188.0
 10
54858.1
 20
20292.2
 10
55108.7
 20
19396.2
 10
55359.0
 20
18500.1
 10
55608.9
 20
17603.9
 10
55858.8
 20
16707.6
 10
56108.6
 20
15811.3
 10
56358.4
 20
14915.0
 10
56608.5
 20
14018.7
 10
56858.9
 20
13122.6
 10
57109.6
 20
12226.7
 10
57360.8
 20
11331.0
 10
57612.7
 20
10435.5
 10
57865.2
 20
9540.3
 10
58118.6
 20
8645.4
 10
58372.8
 20
7751.0
 10
58628.1
 20
6856.9
 10
58884.6
 20
5963.3
 10
59142.2
 20
5070.3
 10
59401.2
 20
4177.8
 10
59661.7
 20
3285.9
 10
59923.6
 20
2394.6
 10
60187.3
 20
1504.1
 10
60452.7
 20
614.2
 10
60720.0
 20
-274.8
 10
60989.2
 20
-1163.0
 10
61260.5
 20
-2050.4
 10
61534.0
 20
-2936.8
 10
61809.8
 20
-3822.3
 10
62088.0
 20
-4706.8
 10
62368.7
 20
-5590.2
 10
62652.0
 20
-6472.6
 10
62938.0
 20
-7353.8
 10
63226.8
 20
-8233.8
 10
63518.5
 20
-9112.7
 10
63813.2
 20
-9990.2
 10
64111.1
 20
-10866.4
 10
64412.2
 20
-11741.3
 10
64716.7
 20
-12614.8
 10
65024.6
 20
-13486.9
 10
65336.0
 20
-14357.4
 10
65651.1
 20
-15226.5
 10
65970.0
 20
-16093.9
 10
66292.7
 20
-16959.7
 10
66619.4
 20
-17823.9
 10
66950.1
 20
-18686.4
 10
67284.5
 20
-19547.3
 10
67622.2
 20
-20406.9
 10
67962.7
 20
-21265.3
 10
68305.5
 20
-22122.7
 10
68650.2
 20
-22979.3
 10
68996.4
 20
-23835.3
 10
69343.4
 20
-24691.0
 10
69691.0
 20
-25546.4
 10
70038.6
 20
-26401.8
 10
70385.8
 20
-27257.4
 10
70732.0
 20
-28113.4
 10
71077.0
 20
-28969.9
 10
71420.1
 20
-29827.1
 10
71761.0
 20
-30685.4
 10
72099.1
 20
-31544.7
 10
72434.1
 20
-32405.4
 10
72765.4
 20
-33267.7
 10
73092.6
 20
-34131.6
 10
73415.2
 20
-34997.5
 10
73732.8
 20
-35865.4
 10
74044.9
 20
-36735.7
 10
74351.0
 20
-37608.4
 10
74650.8
 20
-38483.9
 10
74943.7
 20
-39362.2
 10
75229.2
 20
-40243.5
 10
75507.0
 20
-41128.2
 10
75776.5
 20
-42016.3
 10
76037.3
 20
-42908.0
 10
76288.9
 20
-43803.6
 10
76530.9
 20
-44703.2
 10
76762.8
 20
-45607.0
 10
76984.2
 20
-46515.2
 10
77194.5
 20
-47428.1
 10
77393.4
 20
-48345.8
 10
77580.3
 20
-49268.4
 10
77754.9
 20
-50196.3
 10
77916.5
 20
-51129.5
 10
78064.9
 20
-52068.3
 10
78199.5
 20
-53012.9
  0
LWPOLYLINE
  5
53
330
17
100
AcDbEntity
  8
ISO_HALF
100
AcDbPolyline
 90
1179
 70
0
 10
497490.4
 20
792966.0
 10
496736.3
 20
793589.2
 10
495980.2
 20
794206.3
 10
495222.1
 20
794817.4
 10
494462.1
 20
795422.6
 10
493700.1
 20
796022.0
 10
492936.3
 20
796615.7
 10
492170.5
 20
797203.8
 10
491402.9
 20
797786.3
 10
490633.4
 20
798363.3
 10
489862.1
 20
798935.0
 10
489089.1
 20
799501.3
 10
488314.2
 20
800062.4
 10
487537.7
 20
800618.4
 10
486759.4
 20
801169.3
 10
485979.3
 20
801715.2
 10
485197.7
 20
802256.3
 10
484414.3
 20
802792.5
 10
483629.3
 20
803324.1
 10
482842.8
 20
803850.9
 10
482054.6
 20
804373.3
 10
481264.9
 20
804891.1
 10
480473.6
 20
805404.6
 10
479680.8
 20
805913.7
 10
478886.5
 20
806418.6
 10
478090.8
 20
806919.4
 10
477293.6
 20
807416.2
 10
476494.9
 20
807908.9
 10
475694.9
 20
808397.8
 10
474893.5
 20
808882.8
 10
474090.7
 20
809364.2
 10
473286.6
 20
809841.9
 10
472481.2
 20
810316.0
 10
471674.5
 20
810786.7
 10
470866.6
 20
811253.9
 10
470057.4
 20
811717.9
 10
469247.0
 20
812178.6
 10
468435.4
 20
812636.2
 10
467622.6
 20
813090.8
 10
466808.7
 20
813542.4
 10
465993.6
 20
813991.0
 10
465177.5
 20
814436.9
 10
464360.2
 20
814880.0
 10
463541.9
 20
815320.5
 10
462722.6
 20
815758.5
 10
461902.3
 20
816194.0
 10
461081.0
 20
816627.0
 10
460258.7
 20
817057.8
 10
459435.4
 20
817486.4
 10
458611.3
 20
817912.8
 10
457786.3
 20
818337.1
 10
456960.3
 20
818759.5
 10
456133.6
 20
819180.0
 10
455306.0
 20
819598.6
 10
454477.6
 20
820015.6
 10
453648.4
 20
820430.9
 10
452818.5
 20
820844.7
 10
451987.8
 20
821256.9
 10
451156.5
 20
821667.8
 10
450324.4
 20
822077.4
 10
449491.7
 20
822485.7
 10
448658.3
 20
822892.9
 10
447824.3
 20
823299.1
 10
446989.7
 20
823704.3
 10
446154.6
 20
824108.6
 10
445318.9
 20
824512.0
 10
444482.6
 20
824914.8
 10
443645.9
 20
825316.9
 10
442808.7
 20
825718.4
 10
441971.0
 20
826119.5
 10
441132.9
 20
826520.2
 10
440294.3
 20
826920.6
 10
439455.4
 20
827320.7
 10
438616.2
 20
827720.7
 10
437776.5
 20
828120.7
 10
436936.6
 20
828520.6
 10
436096.4
 20
828920.7
 10
435255.8
 20
829321.0
 10
434415.1
 20
829721.5
 10
433574.1
 20
830122.5
 10
432732.9
 20
830523.6
 10
431891.3
 20
830924.8
 10
431049.3
 20
831325.7
 10
430206.8
 20
831725.9
 10
429363.8
 20
832125.3
 10
428520.1
 20
832523.4
 10
427675.6
 20
832920.0
 10
426830.3
 20
833314.7
 10
425984.1
 20
833707.3
 10
425136.9
 20
834097.5
 10
424288.6
 20
834484.9
 10
423439.2
 20
834869.3
 10
422588.5
 20
835250.3
 10
421736.5
 20
835627.7
 10
420883.0
 20
836001.1
 10
420028.1
 20
836370.2
 10
419171.6
 20
836734.7
 10
418313.4
 20
837094.4
 10
417453.4
 20
837448.9
 10
416591.6
 20
837797.8
 10
415727.9
 20
838141.0
 10
414862.2
 20
838478.1
 10
413994.4
 20
838808.8
 10
413124.5
 20
839132.8
 10
412252.2
 20
839449.8
 10
411377.7
 20
839759.4
 10
410500.7
 20
840061.4
 10
409621.2
 20
840355.5
 10
408739.2
 20
840641.4
 10
407854.4
 20
840918.7
 10
406966.9
 20
841187.2
 10
406076.6
 20
841446.5
 10
405183.3
 20
841696.4
 10
404287.0
 20
841936.5
 10
403387.6
 20
842166.6
 10
402485.1
 20
842386.3
 10
401579.3
 20
842595.4
 10
400670.2
 20
842793.7
 10
399757.7
 20
842981.6
 10
398842.0
 20
843159.6
 10
397922.9
 20
843328.0
 10
397000.5
 20
843487.2
 10
396074.8
 20
843637.6
 10
395145.7
 20
843779.6
 10
394213.3
 20
843913.6
 10
393277.6
 20
844040.0
 10
392338.5
 20
844159.1
 10
391396.1
 20
844271.4
 10
390450.4
 20
844377.3
 10
389501.4
 20
844477.1
 10
388549.0
 20
844571.3
 10
387593.2
 20
844660.2
 10
386634.1
 20
844744.2
 10
385671.7
 20
844823.7
 10
384706.0
 20
844899.2
 10
383736.8
 20
844971.0
 10
382764.4
 20
845039.4
 10
381788.6
 20
845105.0
 10
380809.4
 20
845168.0
 10
379826.9
 20
845228.9
 10
378841.0
 20
845288.1
 10
377851.8
 20
845345.9
 10
376859.2
 20
845402.8
 10
375863.2
 20
845459.2
 10
374863.9
 20
845515.3
 10
373861.2
 20
845571.7
 10
372855.2
 20
845628.7
 10
371845.8
 20
845686.8
 10
370833.0
 20
845746.2
 10
369816.9
 20
845807.4
 10
368797.9
 20
845870.0
 10
367776.6
 20
845933.2
 10
366754.0
 20
845995.8
 10
365730.7
 20
846057.0
 10
364707.6
 20
846115.8
 10
363685.3
 20
846171.2
 10
362664.7
 20
846222.3
 10
361646.5
 20
846268.1
 10
360631.6
 20
846307.7
 10
359620.6
 20
846340.0
 10
358614.4
 20
846364.2
 10
357613.7
 20
846379.2
 10
356619.2
 20
846384.1
 10
355631.8
 20
846378.0
 10
354652.3
 20
846359.8
 10
353681.3
 20
846328.6
 10
352719.6
 20
846282.6
 10
351768.1
 20
846219.4
 10
350827.4
 20
846136.1
 10
349898.2
 20
846030.1
 10
348981.4
 20
845898.6
 10
348077.6
 20
845739.1
 10
347187.6
 20
845548.8
 10
346312.2
 20
845325.0
 10
345451.7
 20
845065.8
 10
344604.7
 20
844773.9
 10
343769.2
 20
844452.9
 10
342943.4
 20
844106.7
 10
342125.1
 20
843739.1
 10
341312.5
 20
843354.0
 10
340503.5
 20
842955.2
 10
339696.2
 20
842546.6
 10
338888.6
 20
842132.0
 10
338078.8
 20
841715.0
 10
337266.1
 20
841297.2
 10
336450.7
 20
840878.5
 10
335632.7
 20
840458.8
 10
334812.5
 20
840037.9
 10
333990.2
 20
839615.6
 10
333166.0
 20
839191.8
 10
332340.1
 20
838766.4
 10
331512.8
 20
838339.1
 10
330684.3
 20
837909.8
 10
329854.7
 20
837478.3
 10
329024.4
 20
837044.6
 10
328193.4
 20
836608.4
 10
327362.1
 20
836169.6
 10
326530.6
 20
835728.0
 10
325699.2
 20
835283.5
 10
324868.0
 20
834835.8
 10
324037.4
 20
834385.0
 10
323207.4
 20
833930.7
 10
322378.3
 20
833472.9
 10
321550.4
 20
833011.3
 10
320723.7
 20
832545.9
 10
319898.7
 20
832076.4
 10
319075.4
 20
831602.8
 10
318254.0
 20
831124.8
 10
317434.9
 20
830642.3
 10
316618.2
 20
830155.1
 10
315804.1
 20
829663.1
 10
314992.8
 20
829166.1
 10
314184.5
 20
828664.0
 10
313379.6
 20
828156.6
 10
312578.1
 20
827643.8
 10
311780.3
 20
827125.4
 10
310986.4
 20
826601.1
 10
310196.6
 20
826071.0
 10
309411.1
 20
825534.8
 10
308630.2
 20
824992.3
 10
307854.0
 20
824443.5
 10
307082.8
 20
823888.1
 10
306316.8
 20
823326.0
 10
305556.2
 20
822757.1
 10
304800.8
 20
822181.5
 10
304050.6
 20
821599.2
 10
303305.4
 20
821010.6
 10
302565.0
 20
820415.7
 10
301829.3
 20
819814.7
 10
301098.2
 20
819207.8
 10
300371.5
 20
818595.2
 10
299649.1
 20
817976.9
 10
298930.8
 20
817353.1
 10
298216.5
 20
816724.1
 10
297506.1
 20
816089.9
 10
296799.3
 20
815450.8
 10
296096.1
 20
814806.8
 10
295396.4
 20
814158.2
 10
294699.9
 20
813505.1
 10
294006.5
 20
812847.6
 10
293316.1
 20
812186.0
 10
292628.5
 20
811520.4
 10
291943.6
 20
810850.9
 10
291261.3
 20
810177.7
 10
290581.3
 20
809501.0
 10
289903.6
 20
808820.8
 10
289228.1
 20
808137.5
 10
288554.5
 20
807451.1
 10
287882.7
 20
806761.9
 10
287212.7
 20
806069.8
 10
286544.1
 20
805375.2
 10
285877.0
 20
804678.2
 10
285211.1
 20
803979.0
 10
284546.3
 20
803277.6
 10
283882.5
 20
802574.3
 10
283219.5
 20
801869.2
 10
282557.1
 20
801162.4
 10
281895.3
 20
800454.3
 10
281233.9
 20
799744.8
 10
280572.7
 20
799034.1
 10
279911.7
 20
798322.5
 10
279250.5
 20
797610.1
 10
278589.2
 20
796897.0
 10
277927.6
 20
796183.4
 10
277265.4
 20
795469.5
 10
276602.7
 20
794755.3
 10
275939.4
 20
794041.0
 10
275275.6
 20
793326.5
 10
274611.3
 20
792611.8
 10
273946.6
 20
791896.8
 10
273281.5
 20
791181.6
 10
272616.1
 20
790466.2
 10
271950.5
 20
789750.5
 10
271284.7
 20
789034.5
 10
270618.7
 20
788318.3
 10
269952.7
 20
787601.7
 10
269286.7
 20
786884.8
 10
268620.7
 20
786167.6
 10
267954.9
 20
785450.0
 10
267289.1
 20
784732.1
 10
266623.6
 20
784013.8
 10
265958.4
 20
783295.1
 10
265293.5
 20
782576.0
 10
264629.0
 20
781856.4
 10
263964.9
 20
781136.5
 10
263301.3
 20
780416.1
 10
262638.3
 20
779695.2
 10
261975.9
 20
778973.9
 10
261314.2
 20
778252.1
 10
260653.2
 20
777529.8
 10
259993.0
 20
776807.0
 10
259333.6
 20
776083.6
 10
258675.1
 20
775359.7
 10
258017.6
 20
774635.3
 10
257361.1
 20
773910.3
 10
256705.7
 20
773184.7
 10
256051.4
 20
772458.5
 10
255398.2
 20
771731.6
 10
254746.4
 20
771004.2
 10
254095.8
 20
770276.1
 10
253446.6
 20
769547.4
 10
252798.8
 20
768818.0
 10
252152.5
 20
768087.9
 10
251507.7
 20
767357.2
 10
250864.5
 20
766625.7
 10
250222.9
 20
765893.5
 10
249583.0
 20
765160.5
 10
248944.9
 20
764426.8
 10
248308.6
 20
763692.4
 10
247674.2
 20
762957.1
 10
247041.6
 20
762221.1
 10
246411.0
 20
761484.3
 10
245782.2
 20
760746.7
 10
245155.5
 20
760008.3
 10
244530.6
 20
759269.0
 10
243907.8
 20
758529.0
 10
243286.9
 20
757788.1
 10
242668.1
 20
757046.4
 10
242051.2
 20
756303.9
 10
241436.5
 20
755560.4
 10
240823.8
 20
754816.2
 10
240213.2
 20
754071.1
 10
239604.7
 20
753325.1
 10
238998.3
 20
752578.2
 10
238394.1
 20
751830.4
 10
237792.1
 20
751081.8
 10
237192.2
 20
750332.2
 10
236594.5
 20
749581.8
 10
235999.1
 20
748830.4
 10
235405.9
 20
748078.1
 10
234814.9
 20
747324.9
 10
234226.3
 20
746570.7
 10
233639.9
 20
745815.6
 10
233055.8
 20
745059.6
 10
232474.1
 20
744302.5
 10
231894.7
 20
743544.6
 10
231317.7
 20
742785.6
 10
230743.1
 20
742025.7
 10
230170.9
 20
741264.8
 10
229601.2
 20
740502.9
 10
229033.8
 20
739740.0
 10
228469.0
 20
738976.0
 10
227906.6
 20
738211.1
 10
227346.7
 20
737445.2
 10
226789.4
 20
736678.2
 10
226234.6
 20
735910.2
 10
225682.3
 20
735141.1
 10
225132.7
 20
734371.0
 10
224585.6
 20
733599.8
 10
224041.1
 20
732827.5
 10
223499.3
 20
732054.2
 10
222960.1
 20
731279.8
 10
222423.6
 20
730504.3
 10
221889.8
 20
729727.8
 10
221358.7
 20
728950.1
 10
220830.4
 20
728171.3
 10
220304.8
 20
727391.4
 10
219781.9
 20
726610.4
 10
219261.8
 20
725828.2
 10
218744.6
 20
725044.9
 10
218230.1
 20
724260.5
 10
217718.5
 20
723474.9
 10
217209.8
 20
722688.1
 10
216703.9
 20
721900.2
 10
216201.0
 20
721111.1
 10
215700.9
 20
720320.8
 10
215203.8
 20
719529.3
 10
214709.7
 20
718736.7
 10
214218.5
 20
717942.8
 10
213730.3
 20
717147.7
 10
213245.1
 20
716351.4
 10
212763.0
 20
715553.9
 10
212283.9
 20
714755.1
 10
211807.8
 20
713955.1
 10
211334.9
 20
713153.9
 10
210865.1
 20
712351.4
 10
210398.3
 20
711547.7
 10
209934.8
 20
710742.6
 10
209474.3
 20
709936.3
 10
209017.1
 20
709128.8
 10
208563.1
 20
708319.9
 10
208112.3
 20
707509.7
 10
207664.7
 20
706698.3
 10
207220.4
 20
705885.5
 10
206779.3
 20
705071.4
 10
206341.5
 20
704255.9
 10
205907.1
 20
703439.2
 10
205476.0
 20
702621.1
 10
205048.2
 20
701801.6
 10
204623.8
 20
700980.8
 10
204202.7
 20
700158.7
 10
203784.7
 20
699335.3
 10
203369.6
 20
698510.7
 10
202957.5
 20
697685.0
 10
202548.0
 20
696858.1
 10
202141.1
 20
696030.1
 10
201736.6
 20
695201.2
 10
201334.4
 20
694371.3
 10
200934.3
 20
693540.5
 10
200536.2
 20
692708.9
 10
200139.9
 20
691876.4
 10
199745.4
 20
691043.2
 10
199352.4
 20
690209.3
 10
198960.8
 20
689374.8
 10
198570.5
 20
688539.7
 10
198181.4
 20
687704.0
 10
197793.2
 20
686867.9
 10
197405.9
 20
686031.4
 10
197019.2
 20
685194.4
 10
196633.2
 20
684357.1
 10
196247.5
 20
683519.6
 10
195862.1
 20
682681.8
 10
195476.9
 20
681843.9
 10
195091.6
 20
681005.8
 10
194706.2
 20
680167.7
 10
194320.5
 20
679329.6
 10
193934.3
 20
678491.5
 10
193547.6
 20
677653.5
 10
193160.1
 20
676815.7
 10
192771.8
 20
675978.0
 10
192382.5
 20
675140.6
 10
191992.0
 20
674303.5
 10
191600.2
 20
673466.7
 10
191207.0
 20
672630.4
 10
190812.2
 20
671794.5
 10
190415.6
 20
670959.1
 10
190017.2
 20
670124.3
 10
189616.8
 20
669290.1
 10
189214.2
 20
668456.6
 10
188809.4
 20
667623.8
 10
188402.0
 20
666791.7
 10
187992.2
 20
665960.5
 10
187579.5
 20
665130.2
 10
187164.1
 20
664300.8
 10
186745.6
 20
663472.3
 10
186323.9
 20
662644.9
 10
185899.0
 20
661818.6
 10
185470.6
 20
660993.5
 10
185038.6
 20
660169.5
 10
184602.9
 20
659346.7
 10
184163.3
 20
658525.3
 10
183719.8
 20
657705.2
 10
183272.0
 20
656886.5
 10
182820.0
 20
656069.3
 10
182363.6
 20
655253.5
 10
181902.5
 20
654439.3
 10
181436.7
 20
653626.8
 10
180966.1
 20
652815.9
 10
180490.4
 20
652006.7
 10
180009.6
 20
651199.2
 10
179523.5
 20
650393.6
 10
179032.0
 20
649589.9
 10
178534.9
 20
648788.0
 10
178032.0
 20
647988.2
 10
177523.3
 20
647190.4
 10
177008.6
 20
646394.6
 10
176487.7
 20
645601.0
 10
175960.5
 20
644809.6
 10
175426.9
 20
644020.4
 10
174886.7
 20
643233.5
 10
174339.8
 20
642449.0
 10
173786.0
 20
641666.8
 10
173225.2
 20
640887.1
 10
172657.2
 20
640109.9
 10
172082.0
 20
639335.2
 10
171499.3
 20
638563.2
 10
170909.1
 20
637793.8
 10
170311.5
 20
637027.5
 10
169706.6
 20
636264.5
 10
169094.7
 20
635505.2
 10
168475.9
 20
634750.0
 10
167850.2
 20
633999.0
 10
167217.9
 20
633252.7
 10
166579.2
 20
632511.3
 10
165934.1
 20
631775.3
 10
165282.8
 20
631044.9
 10
164625.5
 20
630320.4
 10
163962.3
 20
629602.2
 10
163293.4
 20
628890.7
 10
162618.9
 20
628186.1
 10
161939.0
 20
627488.7
 10
161253.7
 20
626798.9
 10
160563.4
 20
626117.1
 10
159868.1
 20
625443.4
 10
159167.9
 20
624778.4
 10
158463.1
 20
624122.2
 10
157753.8
 20
623475.3
 10
157040.1
 20
622837.9
 10
156322.1
 20
622210.3
 10
155600.1
 20
621593.0
 10
154874.2
 20
620986.2
 10
154144.5
 20
620390.2
 10
153411.2
 20
619805.4
 10
152674.4
 20
619232.2
 10
151934.3
 20
618670.7
 10
151191.0
 20
618121.4
 10
150444.7
 20
617584.6
 10
149695.6
 20
617060.6
 10
148943.7
 20
616549.7
 10
148189.3
 20
616052.3
 10
147432.4
 20
615568.6
 10
146673.3
 20
615099.1
 10
145912.1
 20
614644.0
 10
145148.9
 20
614203.7
 10
144383.9
 20
613778.4
 10
143617.3
 20
613368.6
 10
142849.1
 20
612974.5
 10
142079.7
 20
612596.5
 10
141310.8
 20
612234.0
 10
140545.5
 20
611886.0
 10
139786.9
 20
611551.4
 10
139037.9
 20
611229.1
 10
138301.8
 20
610918.1
 10
137581.6
 20
610617.3
 10
136880.4
 20
610325.6
 10
136201.2
 20
610041.8
 10
135547.1
 20
609765.1
 10
134919.2
 20
609494.2
 10
134312.9
 20
609228.3
 10
133723.1
 20
608966.5
 10
133144.5
 20
608707.8
 10
132571.8
 20
608451.5
 10
131999.7
 20
608196.5
 10
131423.1
 20
607941.9
 10
130836.5
 20
607687.0
 10
130235.7
 20
607431.1
 10
129616.8
 20
607173.8
 10
128976.0
 20
606914.9
 10
128309.7
 20
606654.0
 10
127617.3
 20
606391.3
 10
126900.2
 20
606127.3
 10
126159.7
 20
605862.4
 10
125397.5
 20
605597.2
 10
124614.7
 20
605332.1
 10
123812.9
 20
605067.7
 10
122993.4
 20
604804.4
 10
122157.7
 20
604542.7
 10
121307.1
 20
604283.2
 10
120443.1
 20
604026.2
 10
119567.1
 20
603772.4
 10
118680.5
 20
603522.1
 10
117784.7
 20
603275.9
 10
116881.1
 20
603034.3
 10
115971.1
 20
602797.7
 10
115056.2
 20
602566.7
 10
114137.7
 20
602341.7
 10
113216.7
 20
602123.1
 10
112293.6
 20
601910.8
 10
111368.3
 20
601704.5
 10
110441.0
 20
601504.1
 10
109511.6
 20
601309.4
 10
108580.4
 20
601120.1
 10
107647.4
 20
600936.2
 10
106712.6
 20
600757.3
 10
105776.2
 20
600583.2
 10
104838.2
 20
600413.9
 10
103898.6
 20
600249.0
 10
102957.6
 20
600088.4
 10
102015.2
 20
599931.9
 10
101071.6
 20
599779.3
 10
100126.7
 20
599630.4
 10
99180.7
 20
599484.9
 10
98233.7
 20
599342.8
 10
97285.6
 20
599203.7
 10
96336.6
 20
599067.6
 10
95386.9
 20
598934.1
 10
94436.3
 20
598803.1
 10
93485.1
 20
598674.5
 10
92533.2
 20
598547.9
 10
91580.9
 20
598423.2
 10
90628.1
 20
598300.3
 10
89674.9
 20
598178.8
 10
88721.4
 20
598058.7
 10
87767.6
 20
597939.6
 10
86813.8
 20
597821.5
 10
85859.8
 20
597704.1
 10
84905.9
 20
597587.2
 10
83952.0
 20
597470.6
 10
82998.3
 20
597354.2
 10
82044.8
 20
597237.6
 10
81091.7
 20
597120.8
 10
80138.9
 20
597003.5
 10
79186.6
 20
596885.5
 10
78234.8
 20
596766.6
 10
77283.6
 20
596646.7
 10
76333.1
 20
596525.5
 10
75383.4
 20
596402.8
 10
74434.5
 20
596278.5
 10
73486.5
 20
596152.3
 10
72539.5
 20
596024.0
 10
71593.6
 20
595893.5
 10
70648.8
 20
595760.5
 10
69705.3
 20
595624.8
 10
68763.0
 20
595486.3
 10
67822.1
 20
595344.8
 10
66882.7
 20
595199.9
 10
65944.8
 20
595051.7
 10
65008.5
 20
594899.7
 10
64073.8
 20
594744.0
 10
63141.0
 20
594584.1
 10
62209.9
 20
594420.1
 10
61280.7
 20
594251.6
 10
60353.6
 20
594078.4
 10
59428.5
 20
593900.4
 10
58505.5
 20
593717.4
 10
57584.7
 20
593529.1
 10
56666.2
 20
593335.4
 10
55750.1
 20
593136.0
 10
54836.4
 20
592930.8
 10
53925.2
 20
592719.6
 10
53016.6
 20
592502.2
 10
52110.7
 20
592278.3
 10
51207.5
 20
592047.8
 10
50307.1
 20
591810.6
 10
49409.4
 20
591566.7
 10
48514.4
 20
591316.3
 10
47622.0
 20
591059.6
 10
46732.1
 20
590796.8
 10
45844.6
 20
590528.0
 10
44959.6
 20
590253.4
 10
44076.8
 20
589973.1
 10
43196.3
 20
589687.3
 10
42317.9
 20
589396.3
 10
41441.6
 20
589100.0
 10
40567.3
 20
588798.8
 10
39694.9
 20
588492.8
 10
38824.4
 20
588182.1
 10
37955.7
 20
587867.0
 10
37088.7
 20
587547.5
 10
36223.4
 20
587223.9
 10
35359.7
 20
586896.2
 10
34497.4
 20
586564.8
 10
33636.6
 20
586229.7
 10
32777.1
 20
585891.1
 10
31918.9
 20
585549.2
 10
31061.9
 20
585204.1
 10
30206.1
 20
584856.0
 10
29351.3
 20
584505.1
 10
28497.6
 20
584151.5
 10
27644.7
 20
583795.4
 10
26792.7
 20
583437.0
 10
25941.5
 20
583076.5
 10
25090.9
 20
582713.9
 10
24241.0
 20
582349.5
 10
23391.7
 20
581983.4
 10
22542.8
 20
581615.9
 10
21694.4
 20
581247.0
 10
20846.3
 20
580876.9
 10
19998.4
 20
580505.8
 10
19150.8
 20
580133.9
 10
18303.2
 20
579761.3
 10
17455.7
 20
579388.2
 10
16608.2
 20
579014.8
 10
15760.6
 20
578641.1
 10
14912.9
 20
578267.5
 10
14064.9
 20
577894.0
 10
13216.5
 20
577520.9
 10
12367.8
 20
577148.2
 10
11518.6
 20
576776.2
 10
10668.9
 20
576405.1
 10
9818.6
 20
576034.9
 10
8967.6
 20
575665.8
 10
8115.9
 20
575298.1
 10
7263.3
 20
574931.8
 10
6409.8
 20
574567.2
 10
5555.4
 20
574204.4
 10
4699.9
 20
573843.6
 10
3843.3
 20
573485.0
 10
2985.6
 20
573128.6
 10
2126.5
 20
572774.8
 10
1266.2
 20
572423.5
 10
404.4
 20
572075.1
 10
-458.9
 20
571729.7
 10
-1323.7
 20
571387.4
 10
-2190.1
 20
571048.4
 10
-3058.2
 20
570712.9
 10
-3928.1
 20
570381.0
 10
-4799.8
 20
570052.9
 10
-5673.5
 20
569728.8
 10
-6549.1
 20
569408.8
 10
-7426.8
 20
569093.2
 10
-8306.6
 20
568782.0
 10
-9188.6
 20
568475.4
 10
-10072.9
 20
568173.7
 10
-10959.6
 20
567876.9
 10
-11848.6
 20
567585.2
 10
-12740.2
 20
567298.8
 10
-13634.1
 20
567017.5
 10
-14530.2
 20
566740.9
 10
-15428.3
 20
566468.6
 10
-16328.1
 20
566200.2
 10
-17229.4
 20
565935.3
 10
-18132.0
 20
565673.5
 10
-19035.8
 20
565414.4
 10
-19940.4
 20
565157.6
 10
-20845.7
 20
564902.8
 10
-21751.4
 20
564649.4
 10
-22657.4
 20
564397.2
 10
-23563.4
 20
564145.6
 10
-24469.2
 20
563894.4
 10
-25374.6
 20
563643.1
 10
-26279.4
 20
563391.3
 10
-27183.3
 20
563138.7
 10
-28086.3
 20
562884.7
 10
-28987.9
 20
562629.1
 10
-29888.1
 20
562371.3
 10
-30786.6
 20
562111.1
 10
-31683.1
 20
561848.1
 10
-32577.6
 20
561581.7
 10
-33469.7
 20
561311.7
 10
-34359.3
 20
561037.6
 10
-35246.1
 20
560759.0
 10
-36130.0
 20
560475.6
 10
-37010.7
 20
560186.8
 10
-37887.9
 20
559892.5
 10
-38761.6
 20
559592.0
 10
-39631.4
 20
559285.1
 10
-40497.1
 20
558971.3
 10
-41358.6
 20
558650.2
 10
-42215.6
 20
558321.5
 10
-43068.0
 20
557984.7
 10
-43915.4
 20
557639.5
 10
-44757.7
 20
557285.4
 10
-45594.9
 20
556922.4
 10
-46427.3
 20
556550.6
 10
-47255.0
 20
556170.3
 10
-48078.2
 20
555781.6
 10
-48897.3
 20
555384.8
 10
-49712.4
 20
554980.1
 10
-50523.8
 20
554567.7
 10
-51331.6
 20
554147.7
 10
-52136.2
 20
553720.4
 10
-52937.7
 20
553286.0
 10
-53736.4
 20
552844.7
 10
-54532.5
 20
552396.7
 10
-55326.2
 20
551942.1
 10
-56117.8
 20
551481.3
 10
-56907.5
 20
551014.4
 10
-57695.5
 20
550541.6
 10
-58482.0
 20
550063.2
 10
-59267.3
 20
549579.2
 10
-60051.6
 20
549090.0
 10
-60835.1
 20
548595.7
 10
-61618.1
 20
548096.5
 10
-62400.7
 20
547592.6
 10
-63183.3
 20
547084.4
 10
-63966.0
 20
546571.8
 10
-64749.0
 20
546055.2
 10
-65532.7
 20
545534.8
 10
-66317.2
 20
545010.7
 10
-67102.7
 20
544483.1
 10
-67889.5
 20
543952.4
 10
-68677.8
 20
543418.6
 10
-69467.9
 20
542882.0
 10
-70259.9
 20
542342.7
 10
-71054.1
 20
541801.1
 10
-71850.7
 20
541257.2
 10
-72650.0
 20
540711.3
 10
-73452.1
 20
540163.7
 10
-74257.3
 20
539614.4
 10
-75065.9
 20
539063.7
 10
-75878.0
 20
538511.8
 10
-76693.5
 20
537958.7
 10
-77511.8
 20
537404.2
 10
-78332.4
 20
536848.1
 10
-79154.9
 20
536290.2
 10
-79978.6
 20
535730.3
 10
-80803.1
 20
535168.2
 10
-81627.8
 20
534603.7
 10
-82452.2
 20
534036.6
 10
-83275.8
 20
533466.7
 10
-84098.1
 20
532893.8
 10
-84918.5
 20
532317.7
 10
-85736.6
 20
531738.2
 10
-86551.7
 20
531155.2
 10
-87363.4
 20
530568.4
 10
-88171.2
 20
529977.6
 10
-88974.6
 20
529382.6
 10
-89772.9
 20
528783.3
 10
-90565.8
 20
528179.4
 10
-91352.6
 20
527570.7
 10
-92132.8
 20
526957.1
 10
-92906.0
 20
526338.3
 10
-93671.6
 20
525714.1
 10
-94429.1
 20
525084.4
 10
-95177.9
 20
524449.0
 10
-95917.6
 20
523807.5
 10
-96647.5
 20
523160.0
 10
-97367.3
 20
522506.1
 10
-98076.4
 20
521845.6
 10
-98774.2
 20
521178.4
 10
-99460.2
 20
520504.3
 10
-100133.9
 20
519823.0
 10
-100794.8
 20
519134.4
 10
-101442.4
 20
518438.3
 10
-102076.1
 20
517734.4
 10
-102695.4
 20
517022.6
 10
-103299.8
 20
516302.7
 10
-103888.8
 20
515574.5
 10
-104461.9
 20
514837.7
 10
-105018.5
 20
514092.3
 10
-105558.0
 20
513337.9
 10
-106080.1
 20
512574.4
 10
-106584.1
 20
511801.6
 10
-107070.0
 20
511019.5
 10
-107537.9
 20
510228.2
 10
-107988.3
 20
509427.9
 10
-108421.6
 20
508619.0
 10
-108838.2
 20
507801.6
 10
-109238.4
 20
506976.0
 10
-109622.6
 20
506142.3
 10
-109991.2
 20
505300.8
 10
-110344.6
 20
504451.7
 10
-110683.1
 20
503595.3
 10
-111007.2
 20
502731.7
 10
-111317.2
 20
501861.2
 10
-111613.6
 20
500984.0
 10
-111896.6
 20
500100.3
 10
-112166.6
 20
499210.4
 10
-112424.1
 20
498314.4
 10
-112669.5
 20
497412.7
 10
-112903.0
 20
496505.3
 10
-113125.1
 20
495592.6
 10
-113336.2
 20
494674.8
 10
-113536.6
 20
493752.0
 10
-113726.8
 20
492824.5
 10
-113907.1
 20
491892.6
 10
-114077.8
 20
490956.4
 10
-114239.4
 20
490016.2
 10
-114392.3
 20
489072.2
 10
-114536.8
 20
488124.6
 10
-114673.3
 20
487173.6
 10
-114802.2
 20
486219.6
 10
-114923.9
 20
485262.6
 10
-115038.7
 20
484302.9
 10
-115147.1
 20
483340.7
 10
-115249.3
 20
482376.3
 10
-115345.9
 20
481409.9
 10
-115437.2
 20
480441.6
 10
-115523.6
 20
479471.7
 10
-115605.6
 20
478500.3
 10
-115683.6
 20
477527.7
 10
-115758.1
 20
476553.8
 10
-115829.6
 20
475579.1
 10
-115898.5
 20
474603.5
 10
-115965.2
 20
473627.2
 10
-116030.2
 20
472650.5
 10
-116094.0
 20
471673.5
 10
-116157.0
 20
470696.3
 10
-116219.6
 20
469719.2
 10
-116282.4
 20
468742.3
 10
-116345.7
 20
467765.8
 10
-116410.0
 20
466789.8
 10
-116475.7
 20
465814.5
 10
-116543.4
 20
464840.0
 10
-116613.5
 20
463866.6
 10
-116686.4
 20
462894.4
 10
-116762.5
 20
461923.6
 10
-116842.3
 20
460954.3
 10
-116926.4
 20
459986.8
 10
-117015.0
 20
459021.1
 10
-117108.7
 20
458057.4
 10
-117208.0
 20
457096.0
 10
-117313.2
 20
456137.0
 10
-117424.8
 20
455180.5
 10
-117543.4
 20
454226.7
 10
-117669.2
 20
453275.8
 10
-117802.8
 20
452327.9
 10
-117944.7
 20
451383.3
 10
-118095.3
 20
450442.1
 10
-118254.8
 20
449504.3
 10
-118422.8
 20
448569.9
 10
-118599.0
 20
447638.6
 10
-118782.6
 20
446710.2
 10
-118973.3
 20
445784.6
 10
-119170.5
 20
444861.5
 10
-119373.8
 20
443940.7
 10
-119582.5
 20
443022.0
 10
-119796.2
 20
442105.3
 10
-120014.4
 20
441190.3
 10
-120236.5
 20
440276.9
 10
-120462.1
 20
439364.8
 10
-120690.7
 20
438453.8
 10
-120921.6
 20
437543.7
 10
-121154.5
 20
436634.3
 10
-121388.8
 20
435725.5
 10
-121624.0
 20
434817.0
 10
-121859.6
 20
433908.7
 10
-122095.0
 20
433000.2
 10
-122329.8
 20
432091.5
 10
-122563.4
 20
431182.3
 10
-122795.4
 20
430272.4
 10
-123025.2
 20
429361.7
 10
-123252.3
 20
428449.9
 10
-123476.2
 20
427536.8
 10
-123696.4
 20
426622.2
 10
-123912.4
 20
425706.0
 10
-124123.6
 20
424787.8
 10
-124329.6
 20
423867.6
 10
-124529.9
 20
422945.1
 10
-124723.9
 20
422020.2
 10
-124911.0
 20
421092.5
 10
-125090.9
 20
420162.0
 10
-125263.1
 20
419228.4
 10
-125427.1
 20
418291.7
 10
-125583.0
 20
417352.1
 10
-125730.8
 20
416409.6
 10
-125870.5
 20
415464.6
 10
-126002.1
 20
414517.1
 10
-126125.5
 20
413567.4
 10
-126240.8
 20
412615.6
 10
-126348.0
 20
411661.9
 10
-126447.0
 20
410706.4
 10
-126537.8
 20
409749.3
 10
-126620.5
 20
408790.9
 10
-126695.0
 20
407831.2
 10
-126761.3
 20
406870.5
 10
-126819.4
 20
405908.8
 10
-126869.3
 20
404946.5
 10
-126911.0
 20
403983.6
 10
-126944.5
 20
403020.3
 10
-126969.8
 20
402056.8
 10
-126986.9
 20
401093.3
 10
-126995.7
 20
400130.0
 10
-126996.3
 20
399166.9
 10
-126988.6
 20
398204.3
 10
-126972.7
 20
397242.4
 10
-126948.5
 20
396281.3
 10
-126916.0
 20
395321.2
 10
-126875.2
 20
394362.3
 10
-126826.2
 20
393404.8
 10
-126768.9
 20
392448.7
 10
-126703.2
 20
391494.3
 10
-126629.3
 20
390541.8
 10
-126547.0
 20
389591.3
 10
-126456.5
 20
388643.0
 10
-126357.6
 20
387697.0
 10
-126250.8
 20
386753.3
 10
-126136.5
 20
385811.6
 10
-126015.1
 20
384872.0
 10
-125886.8
 20
383934.2
 10
-125752.2
 20
382998.2
 10
-125611.6
 20
382063.8
 10
-125465.4
 20
381130.8
 10
-125313.9
 20
380199.3
 10
-125157.7
 20
379269.0
 10
-124996.9
 20
378339.8
 10
-124832.2
 20
377411.6
 10
-124663.8
 20
376484.3
 10
-124492.1
 20
375557.7
 10
-124317.5
 20
374631.8
 10
-124140.4
 20
373706.3
 10
-123961.2
 20
372781.3
 10
-123780.2
 20
371856.5
 10
-123598.0
 20
370931.8
 10
-123414.7
 20
370007.1
 10
-123231.0
 20
369082.3
 10
-123047.0
 20
368157.3
 10
-122863.3
 20
367231.9
 10
-122680.1
 20
366306.0
 10
-122498.0
 20
365379.5
 10
-122317.2
 20
364452.2
 10
-122138.2
 20
363524.1
 10
-121961.3
 20
362595.0
 10
-121787.0
 20
361664.8
 10
-121615.6
 20
360733.3
 10
-121447.5
 20
359800.5
 10
-121283.2
 20
358866.2
 10
-121122.9
 20
357930.3
 10
-120967.1
 20
356992.7
 10
-120815.8
 20
356053.3
 10
-120668.9
 20
355112.3
 10
-120526.2
 20
354169.6
 10
-120387.7
 20
353225.3
 10
-120253.2
 20
352279.5
 10
-120122.6
 20
351332.3
 10
-119995.7
 20
350383.6
 10
-119872.3
 20
349433.6
 10
-119752.5
 20
348482.2
 10
-119635.9
 20
347529.6
 10
-119522.6
 20
346575.8
 10
-119412.3
 20
345620.8
 10
-119304.9
 20
344664.8
 10
-119200.4
 20
343707.7
 10
-119098.4
 20
342749.6
 10
-118999.0
 20
341790.6
 10
-118902.0
 20
340830.7
 10
-118807.2
 20
339870.0
 10
-118714.6
 20
338908.6
 10
-118623.9
 20
337946.4
 10
-118535.1
 20
336983.5
 10
-118448.0
 20
336020.1
 10
-118362.5
 20
335056.1
 10
-118278.4
 20
334091.6
 10
-118195.7
 20
333126.6
 10
-118114.1
 20
332161.3
 10
-118033.6
 20
331195.6
 10
-117953.9
 20
330229.7
 10
-117875.1
 20
329263.5
 10
-117796.9
 20
328297.1
 10
-117719.2
 20
327330.6
 10
-117641.9
 20
326364.1
 10
-117564.8
 20
325397.5
 10
-117487.8
 20
324431.0
 10
-117410.8
 20
323464.6
 10
-117333.7
 20
322498.3
 10
-117256.2
 20
321532.2
 10
-117178.3
 20
320566.4
 10
-117099.9
 20
319600.9
 10
-117020.7
 20
318635.8
 10
-116940.7
 20
317671.1
 10
-116859.8
 20
316706.8
 10
-116777.7
 20
315743.1
 10
-116694.4
 20
314780.0
 10
-116609.8
 20
313817.5
 10
-116523.6
 20
312855.7
 10
-116435.8
 20
311894.6
 10
-116346.3
 20
310934.4
 10
-116254.8
 20
309975.0
 10
-116161.3
 20
309016.5
 10
-116065.6
 20
308058.9
 10
-115967.6
 20
307102.4
 10
-115867.1
 20
306146.9
 10
-115764.1
 20
305192.6
 10
-115658.4
 20
304239.4
 10
-115549.8
 20
303287.5
 10
-115438.3
 20
302336.9
 10
-115323.6
 20
301387.6
 10
-115205.7
 20
300439.7
 10
-115084.4
 20
299493.2
 10
-114959.6
 20
298548.2
 10
-114831.1
 20
297604.8
 10
-114698.9
 20
296663.0
 10
-114562.7
 20
295722.9
 10
-114422.6
 20
294784.4
 10
-114278.4
 20
293847.7
 10
-114130.2
 20
292912.6
 10
-113978.2
 20
291979.2
 10
-113822.4
 20
291047.3
 10
-113662.8
 20
290117.0
 10
-113499.6
 20
289188.3
 10
-113332.8
 20
288261.0
 10
-113162.6
 20
287335.2
 10
-112988.8
 20
286410.8
 10
-112811.7
 20
285487.8
 10
-112631.3
 20
284566.2
 10
-112447.7
 20
283645.9
 10
-112261.0
 20
282726.8
 10
-112071.1
 20
281809.1
 10
-111878.3
 20
280892.5
 10
-111682.5
 20
279977.1
 10
-111483.8
 20
279062.9
 10
-111282.4
 20
278149.8
 10
-111078.3
 20
277237.8
 10
-110871.5
 20
276326.8
 10
-110662.1
 20
275416.8
 10
-110450.2
 20
274507.9
 10
-110235.9
 20
273599.8
 10
-110019.2
 20
272692.7
 10
-109800.3
 20
271786.5
 10
-109579.1
 20
270881.1
 10
-109355.8
 20
269976.5
 10
-109130.4
 20
269072.6
 10
-108903.1
 20
268169.6
 10
-108673.8
 20
267267.2
 10
-108442.6
 20
266365.5
 10
-108209.7
 20
265464.4
 10
-107975.0
 20
264564.0
 10
-107738.7
 20
263664.1
 10
-107500.9
 20
262764.7
 10
-107261.6
 20
261865.9
 10
-107020.8
 20
260967.5
 10
-106778.7
 20
260069.5
 10
-106535.3
 20
259172.0
 10
-106290.7
 20
258274.8
 10
-106045.0
 20
257377.9
 10
-105798.2
 20
256481.4
 10
-105550.4
 20
255585.1
 10
-105301.7
 20
254689.0
 10
-105052.1
 20
253793.1
 10
-104801.8
 20
252897.4
 10
-104550.8
 20
252001.8
 10
-104299.1
 20
251106.3
 10
-104046.9
 20
250210.9
 10
-103794.2
 20
249315.5
 10
-103541.1
 20
248420.1
 10
-103287.7
 20
247524.6
 10
-103034.0
 20
246629.0
 10
-102780.1
 20
245733.4
 10
-102526.0
 20
244837.5
 10
-102271.9
 20
243941.5
 10
-102017.9
 20
243045.3
 10
-101763.9
 20
242148.9
 10
-101510.1
 20
241252.1
 10
-101256.5
 20
240355.0
 10
-101003.2
 20
239457.6
 10
-100750.3
 20
238559.8
 10
-100497.9
 20
237661.6
 10
-100245.9
 20
236762.9
 10
-99994.6
 20
235863.7
 10
-99744.0
 20
234964.0
 10
-99494.0
 20
234063.8
 10
-99244.9
 20
233162.9
 10
-98996.5
 20
232261.6
 10
-98748.4
 20
231359.8
 10
-98500.4
 20
230457.9
 10
-98252.2
 20
229555.9
 10
-98003.5
 20
228653.9
 10
-97754.0
 20
227752.2
 10
-97503.4
 20
226850.8
 10
-97251.5
 20
225950.0
 10
-96997.8
 20
225049.9
 10
-96742.3
 20
224150.5
 10
-96484.5
 20
223252.1
 10
-96224.2
 20
222354.8
 10
-95961.0
 20
221458.8
 10
-95694.7
 20
220564.2
 10
-95425.0
 20
219671.2
 10
-95151.6
 20
218779.8
 10
-94874.3
 20
217890.4
 10
-94592.6
 20
217002.9
 10
-94306.4
 20
216117.5
 10
-94015.3
 20
215234.5
 10
-93719.1
 20
214353.9
 10
-93417.4
 20
213475.9
 10
-93109.9
 20
212600.6
 10
-92796.5
 20
211728.2
 10
-92476.7
 20
210858.9
 10
-92150.4
 20
209992.8
 10
-91817.1
 20
209129.9
 10
-91476.6
 20
208270.6
 10
-91128.7
 20
207414.9
 10
-90772.9
 20
206563.0
 10
-90409.2
 20
205715.0
 10
-90037.0
 20
204871.1
 10
-89656.2
 20
204031.4
 10
-89266.5
 20
203196.0
 10
-88867.6
 20
202365.2
 10
-88459.1
 20
201539.1
 10
-88040.8
 20
200717.7
 10
-87612.4
 20
199901.4
 10
-87173.7
 20
199090.1
 10
-86724.2
 20
198284.1
 10
-86263.8
 20
197483.6
 10
-85792.1
 20
196688.5
 10
-85308.9
 20
195899.2
 10
-84813.8
 20
195115.7
 10
-84306.5
 20
194338.3
 10
-83786.9
 20
193566.9
 10
-83254.5
 20
192801.9
 10
-82709.1
 20
192043.3
 10
-82150.4
 20
191291.3
 10
-81578.1
 20
190546.1
 10
-80991.9
 20
189807.7
 10
-80391.6
 20
189076.4
 10
-79776.8
 20
188352.3
 10
-79147.2
 20
187635.5
 10
-78502.6
 20
186926.1
 10
-77842.7
 20
186224.4
 10
-77167.1
 20
185530.5
 10
-76475.6
 20
184844.5
 10
-75767.9
 20
184166.6
 10
-75043.6
 20
183496.9
 10
-74302.6
 20
182835.6
 10
-73544.5
 20
182182.8
 10
-72769.1
 20
181538.7
 10
-71975.9
 20
180903.4
 10
-71164.8
 20
180277.0
 10
-70335.5
 20
179659.8
 10
-69487.6
 20
179051.8
 10
-68620.9
 20
178453.2
 10
-67735.0
 20
177864.2
 10
-66829.8
 20
177284.9
 10
-65904.8
 20
176715.4
 10
-64959.9
 20
176155.9
 10
-63994.6
 20
175606.6
 10
-63008.8
 20
175067.6
 10
-62002.2
 20
174539.0
 10
-60974.3
 20
174021.0
  0
LWPOLYLINE
  5
54
330
17
100
AcDbEntity
  8
ISO_HALF
100
AcDbPolyline
 90
1033
 70
0
 10
498706.4
 20
869301.9
 10
497894.9
 20
869779.5
 10
497082.2
 20
870253.6
 10
496268.3
 20
870724.3
 10
495453.2
 20
871191.6
 10
494637.0
 20
871655.5
 10
493819.5
 20
872115.9
 10
493000.9
 20
872572.9
 10
492181.2
 20
873026.6
 10
491360.2
 20
873476.8
 10
490538.0
 20
873923.6
 10
489714.7
 20
874367.1
 10
488890.2
 20
874807.2
 10
488064.5
 20
875243.9
 10
487237.6
 20
875677.3
 10
486409.5
 20
876107.3
 10
485580.2
 20
876534.0
 10
484749.8
 20
876957.3
 10
483918.1
 20
877377.3
 10
483085.3
 20
877794.0
 10
482251.3
 20
878207.4
 10
481416.0
 20
878617.4
 10
480579.6
 20
879024.2
 10
479742.0
 20
879427.6
 10
478903.2
 20
879827.8
 10
478063.2
 20
880224.7
 10
477221.9
 20
880618.3
 10
476379.5
 20
881008.7
 10
475535.9
 20
881395.8
 10
474691.1
 20
881779.7
 10
473845.1
 20
882160.3
 10
472997.9
 20
882537.7
 10
472149.5
 20
882911.8
 10
471299.8
 20
883282.7
 10
470449.0
 20
883650.5
 10
469597.0
 20
884015.0
 10
468743.7
 20
884376.3
 10
467889.2
 20
884734.4
 10
467033.6
 20
885089.3
 10
466176.7
 20
885441.1
 10
465318.6
 20
885789.7
 10
464459.3
 20
886135.1
 10
463598.8
 20
886477.4
 10
462737.1
 20
886816.5
 10
461874.1
 20
887152.5
 10
461009.9
 20
887485.4
 10
460144.6
 20
887815.1
 10
459278.0
 20
888141.7
 10
458410.1
 20
888465.2
 10
457541.1
 20
888785.6
 10
456670.8
 20
889102.9
 10
455799.4
 20
889417.1
 10
454926.6
 20
889728.2
 10
454052.7
 20
890036.2
 10
453177.6
 20
890341.2
 10
452301.2
 20
890643.1
 10
451423.6
 20
890942.0
 10
450544.7
 20
891237.8
 10
449664.7
 20
891530.6
 10
448783.4
 20
891820.3
 10
447900.8
 20
892107.1
 10
447017.1
 20
892390.8
 10
446132.1
 20
892671.5
 10
445245.8
 20
892949.2
 10
444358.4
 20
893223.9
 10
443469.7
 20
893495.6
 10
442579.8
 20
893764.3
 10
441688.6
 20
894030.0
 10
440796.2
 20
894292.8
 10
439902.5
 20
894552.7
 10
439007.6
 20
894809.5
 10
438111.5
 20
895063.5
 10
437214.1
 20
895314.5
 10
436315.5
 20
895562.6
 10
435415.6
 20
895807.7
 10
434514.5
 20
896049.9
 10
433612.2
 20
896289.3
 10
432708.6
 20
896525.7
 10
431803.7
 20
896759.2
 10
430897.6
 20
896989.8
 10
429990.3
 20
897217.6
 10
429081.7
 20
897442.5
 10
428171.8
 20
897664.5
 10
427260.7
 20
897883.7
 10
426348.3
 20
898100.0
 10
425434.7
 20
898313.5
 10
424519.9
 20
898524.1
 10
423603.7
 20
898732.0
 10
422686.3
 20
898936.9
 10
421767.7
 20
899139.1
 10
420847.8
 20
899338.5
 10
419926.6
 20
899535.1
 10
419004.2
 20
899728.9
 10
418080.5
 20
899919.9
 10
417155.6
 20
900108.1
 10
416229.3
 20
900293.5
 10
415301.9
 20
900476.2
 10
414373.1
 20
900656.2
 10
413443.1
 20
900833.3
 10
412511.8
 20
901007.8
 10
411579.3
 20
901179.5
 10
410645.4
 20
901348.5
 10
409710.3
 20
901514.8
 10
408774.0
 20
901678.3
 10
407836.3
 20
901839.2
 10
406897.4
 20
901997.3
 10
405957.2
 20
902152.8
 10
405015.8
 20
902305.6
 10
404073.0
 20
902455.7
 10
403129.0
 20
902603.1
 10
402183.7
 20
902747.9
 10
401237.1
 20
902890.0
 10
400289.3
 20
903029.5
 10
399340.1
 20
903166.3
 10
398389.7
 20
903300.5
 10
397438.0
 20
903432.1
 10
396485.0
 20
903561.1
 10
395530.7
 20
903687.4
 10
394575.2
 20
903811.2
 10
393618.3
 20
903932.4
 10
392660.2
 20
904050.9
 10
391700.7
 20
904166.9
 10
390740.0
 20
904280.3
 10
389778.0
 20
904391.2
 10
388814.7
 20
904499.5
 10
387850.1
 20
904605.2
 10
386884.2
 20
904708.4
 10
385917.2
 20
904808.8
 10
384949.0
 20
904906.6
 10
383979.7
 20
905001.6
 10
383009.3
 20
905093.7
 10
382038.0
 20
905182.9
 10
381065.8
 20
905269.0
 10
380092.7
 20
905352.1
 10
379118.7
 20
905432.1
 10
378144.1
 20
905508.8
 10
377168.7
 20
905582.3
 10
376192.6
 20
905652.5
 10
375216.0
 20
905719.2
 10
374238.9
 20
905782.4
 10
373261.3
 20
905842.1
 10
372283.2
 20
905898.2
 10
371304.8
 20
905950.5
 10
370326.1
 20
905999.1
 10
369347.1
 20
906043.9
 10
368367.9
 20
906084.8
 10
367388.6
 20
906121.8
 10
366409.2
 20
906154.6
 10
365429.8
 20
906183.4
 10
364450.4
 20
906208.1
 10
363471.1
 20
906228.4
 10
362492.0
 20
906244.5
 10
361513.0
 20
906256.2
 10
360534.3
 20
906263.5
 10
359555.9
 20
906266.2
 10
358577.8
 20
906264.3
 10
357600.2
 20
906257.8
 10
356623.1
 20
906246.6
 10
355646.5
 20
906230.6
 10
354670.4
 20
906209.7
 10
353695.1
 20
906183.9
 10
352720.4
 20
906153.1
 10
351746.5
 20
906117.2
 10
350773.3
 20
906076.2
 10
349801.1
 20
906030.0
 10
348829.8
 20
905978.6
 10
347859.5
 20
905921.8
 10
346890.2
 20
905859.5
 10
345922.0
 20
905791.8
 10
344954.9
 20
905718.6
 10
343989.1
 20
905639.7
 10
343024.5
 20
905555.2
 10
342061.2
 20
905464.9
 10
341099.3
 20
905368.7
 10
340138.9
 20
905266.7
 10
339179.9
 20
905158.7
 10
338222.4
 20
905044.7
 10
337266.6
 20
904924.6
 10
336312.4
 20
904798.3
 10
335359.9
 20
904665.8
 10
334409.2
 20
904527.0
 10
333460.3
 20
904381.8
 10
332513.3
 20
904230.3
 10
331568.1
 20
904072.6
 10
330624.8
 20
903909.0
 10
329683.2
 20
903739.7
 10
328743.4
 20
903565.1
 10
327805.4
 20
903385.2
 10
326869.2
 20
903200.5
 10
325934.6
 20
903011.1
 10
325001.8
 20
902817.3
 10
324070.6
 20
902619.2
 10
323141.1
 20
902417.3
 10
322213.2
 20
902211.7
 10
321286.9
 20
902002.7
 10
320362.3
 20
901790.4
 10
319439.2
 20
901575.2
 10
318517.6
 20
901357.4
 10
317597.6
 20
901137.1
 10
316679.1
 20
900914.5
 10
315762.1
 20
900690.1
 10
314846.6
 20
900463.9
 10
313932.5
 20
900236.3
 10
313019.8
 20
900007.4
 10
312108.5
 20
899777.6
 10
311198.7
 20
899547.1
 10
310290.1
 20
899316.1
 10
309383.0
 20
899084.8
 10
308477.1
 20
898853.6
 10
307572.6
 20
898622.7
 10
306669.3
 20
898392.3
 10
305767.3
 20
898162.6
 10
304866.6
 20
897933.5
 10
303968.0
 20
897703.3
 10
303072.1
 20
897469.9
 10
302179.5
 20
897231.6
 10
301291.0
 20
896986.3
 10
300407.2
 20
896732.1
 10
299528.9
 20
896467.0
 10
298656.8
 20
896189.1
 10
297791.5
 20
895896.4
 10
296933.7
 20
895587.0
 10
296084.1
 20
895258.9
 10
295243.5
 20
894910.2
 10
294412.4
 20
894539.0
 10
293591.7
 20
894143.2
 10
292782.0
 20
893721.0
 10
291983.7
 20
893270.8
 10
291196.6
 20
892793.5
 10
290419.6
 20
892290.9
 10
289652.0
 20
891764.7
 10
288893.0
 20
891216.9
 10
288141.6
 20
890649.1
 10
287397.2
 20
890063.1
 10
286658.7
 20
889460.8
 10
285925.5
 20
888844.0
 10
285196.7
 20
888214.3
 10
284471.3
 20
887573.7
 10
283748.7
 20
886924.0
 10
283027.9
 20
886266.8
 10
282308.2
 20
885604.0
 10
281588.6
 20
884937.4
 10
280868.4
 20
884268.8
 10
280146.7
 20
883599.9
 10
279422.8
 20
882932.7
 10
278695.7
 20
882268.6
 10
277965.5
 20
881608.0
 10
277232.4
 20
880950.7
 10
276496.6
 20
880296.6
 10
275758.3
 20
879645.4
 10
275017.7
 20
878996.8
 10
274275.1
 20
878350.7
 10
273530.6
 20
877706.9
 10
272784.5
 20
877065.2
 10
272037.0
 20
876425.3
 10
271288.3
 20
875787.0
 10
270538.7
 20
875150.2
 10
269788.3
 20
874514.6
 10
269037.3
 20
873880.0
 10
268286.1
 20
873246.2
 10
267534.7
 20
872612.9
 10
266783.4
 20
871980.1
 10
266032.5
 20
871347.4
 10
265282.1
 20
870714.7
 10
264532.5
 20
870081.7
 10
263783.8
 20
869448.2
 10
263036.4
 20
868814.1
 10
262290.3
 20
868179.1
 10
261545.9
 20
867543.0
 10
260803.3
 20
866905.6
 10
260062.8
 20
866266.6
 10
259324.6
 20
865626.0
 10
258588.8
 20
864983.4
 10
257855.8
 20
864338.6
 10
257125.7
 20
863691.5
 10
256398.7
 20
863041.8
 10
255675.1
 20
862389.4
 10
254955.0
 20
861733.9
 10
254238.8
 20
861075.3
 10
253526.6
 20
860413.2
 10
252818.6
 20
859747.6
 10
252115.0
 20
859078.1
 10
251416.1
 20
858404.5
 10
250721.9
 20
857726.8
 10
250032.3
 20
857045.2
 10
249347.2
 20
856359.6
 10
248666.4
 20
855670.3
 10
247989.7
 20
854977.3
 10
247317.1
 20
854280.8
 10
246648.4
 20
853580.9
 10
245983.3
 20
852877.7
 10
245321.9
 20
852171.4
 10
244663.9
 20
851462.0
 10
244009.2
 20
850749.7
 10
243357.6
 20
850034.7
 10
242709.1
 20
849317.0
 10
242063.4
 20
848596.7
 10
241420.4
 20
847874.0
 10
240780.0
 20
847149.0
 10
240142.0
 20
846421.9
 10
239506.3
 20
845692.6
 10
238872.8
 20
844961.5
 10
238241.2
 20
844228.5
 10
237611.4
 20
843493.9
 10
236983.4
 20
842757.7
 10
236356.9
 20
842020.1
 10
235731.8
 20
841281.1
 10
235108.0
 20
840540.9
 10
234485.3
 20
839799.7
 10
233863.6
 20
839057.5
 10
233242.7
 20
838314.5
 10
232622.5
 20
837570.7
 10
232002.8
 20
836826.4
 10
231383.5
 20
836081.6
 10
230764.5
 20
835336.5
 10
230145.5
 20
834591.2
 10
229526.5
 20
833845.8
 10
228907.4
 20
833100.3
 10
228287.9
 20
832355.1
 10
227668.0
 20
831610.0
 10
227047.7
 20
830865.2
 10
226427.3
 20
830120.5
 10
225806.7
 20
829375.9
 10
225186.0
 20
828631.4
 10
224565.4
 20
827886.9
 10
223944.9
 20
827142.5
 10
223324.6
 20
826398.0
 10
222704.6
 20
825653.4
 10
222085.0
 20
824908.7
 10
221465.9
 20
824163.9
 10
220847.4
 20
823418.8
 10
220229.6
 20
822673.6
 10
219612.5
 20
821928.1
 10
218996.2
 20
821182.3
 10
218380.9
 20
820436.1
 10
217766.6
 20
819689.6
 10
217153.4
 20
818942.7
 10
216541.5
 20
818195.3
 10
215930.8
 20
817447.5
 10
215321.5
 20
816699.1
 10
214713.7
 20
815950.1
 10
214107.5
 20
815200.6
 10
213502.9
 20
814450.4
 10
212900.0
 20
813699.5
 10
212299.1
 20
812947.9
 10
211700.0
 20
812195.6
 10
211102.9
 20
811442.5
 10
210508.0
 20
810688.6
 10
209915.3
 20
809933.8
 10
209324.8
 20
809178.0
 10
208736.7
 20
808421.4
 10
208151.1
 20
807663.8
 10
207568.1
 20
806905.1
 10
206987.7
 20
806145.5
 10
206410.0
 20
805384.7
 10
205835.2
 20
804622.8
 10
205263.3
 20
803859.7
 10
204694.4
 20
803095.5
 10
204128.5
 20
802329.9
 10
203565.9
 20
801563.2
 10
203006.6
 20
800795.1
 10
202450.6
 20
800025.6
 10
201898.1
 20
799254.8
 10
201349.2
 20
798482.5
 10
200803.8
 20
797708.8
 10
200262.3
 20
796933.5
 10
199724.5
 20
796156.8
 10
199190.6
 20
795378.4
 10
198660.8
 20
794598.4
 10
198135.0
 20
793816.8
 10
197613.4
 20
793033.5
 10
197096.1
 20
792248.4
 10
196583.2
 20
791461.6
 10
196074.7
 20
790673.0
 10
195570.7
 20
789882.6
 10
195071.4
 20
789090.2
 10
194576.8
 20
788296.0
 10
194087.0
 20
787499.8
 10
193602.1
 20
786701.6
 10
193122.2
 20
785901.3
 10
192647.4
 20
785099.0
 10
192177.7
 20
784294.6
 10
191713.3
 20
783488.1
 10
191254.3
 20
782679.4
 10
190800.7
 20
781868.4
 10
190352.7
 20
781055.2
 10
189910.2
 20
780239.7
 10
189473.5
 20
779421.9
 10
189042.6
 20
778601.7
 10
188617.5
 20
777779.1
 10
188198.3
 20
776954.2
 10
187784.6
 20
776126.9
 10
187376.4
 20
775297.4
 10
186973.5
 20
774465.8
 10
186575.7
 20
773632.0
 10
186182.8
 20
772796.2
 10
185794.7
 20
771958.5
 10
185411.2
 20
771118.8
 10
185032.1
 20
770277.3
 10
184657.2
 20
769434.0
 10
184286.4
 20
768589.0
 10
183919.6
 20
767742.4
 10
183556.4
 20
766894.3
 10
183196.8
 20
766044.6
 10
182840.6
 20
765193.4
 10
182487.7
 20
764340.9
 10
182137.7
 20
763487.1
 10
181790.7
 20
762632.1
 10
181446.3
 20
761775.9
 10
181104.5
 20
760918.5
 10
180765.1
 20
760060.2
 10
180427.8
 20
759200.8
 10
180092.6
 20
758340.6
 10
179759.2
 20
757479.5
 10
179427.5
 20
756617.6
 10
179097.3
 20
755755.0
 10
178768.4
 20
754891.8
 10
178440.7
 20
754028.0
 10
178114.0
 20
753163.7
 10
177788.1
 20
752298.9
 10
177462.9
 20
751433.8
 10
177138.2
 20
750568.4
 10
176813.7
 20
749702.7
 10
176489.4
 20
748836.8
 10
176165.0
 20
747970.8
 10
175840.5
 20
747104.8
 10
175515.5
 20
746238.8
 10
175190.1
 20
745372.8
 10
174863.9
 20
744507.1
 10
174536.8
 20
743641.5
 10
174208.6
 20
742776.2
 10
173879.2
 20
741911.3
 10
173548.4
 20
741046.8
 10
173216.0
 20
740182.8
 10
172881.9
 20
739319.3
 10
172545.9
 20
738456.5
 10
172207.7
 20
737594.3
 10
171867.3
 20
736732.9
 10
171524.5
 20
735872.3
 10
171179.1
 20
735012.5
 10
170830.9
 20
734153.7
 10
170479.7
 20
733296.0
 10
170125.4
 20
732439.3
 10
169767.9
 20
731583.7
 10
169406.8
 20
730729.4
 10
169042.2
 20
729876.4
 10
168673.7
 20
729024.6
 10
168301.2
 20
728174.3
 10
167924.7
 20
727325.5
 10
167543.8
 20
726478.2
 10
167158.4
 20
725632.6
 10
166768.3
 20
724788.6
 10
166373.4
 20
723946.3
 10
165973.6
 20
723105.9
 10
165569.2
 20
722267.1
 10
165160.6
 20
721430.0
 10
164748.0
 20
720594.5
 10
164331.7
 20
719760.5
 10
163912.2
 20
718928.0
 10
163489.8
 20
718096.8
 10
163064.7
 20
717267.0
 10
162637.4
 20
716438.4
 10
162208.2
 20
715610.9
 10
161777.3
 20
714784.6
 10
161345.2
 20
713959.3
 10
160912.1
 20
713134.9
 10
160478.5
 20
712311.4
 10
160044.6
 20
711488.8
 10
159610.7
 20
710666.9
 10
159177.3
 20
709845.7
 10
158744.6
 20
709025.2
 10
158312.9
 20
708205.1
 10
157882.7
 20
707385.6
 10
157454.2
 20
706566.4
 10
157027.9
 20
705747.6
 10
156603.9
 20
704929.1
 10
156182.6
 20
704110.7
 10
155764.5
 20
703292.5
 10
155349.7
 20
702474.3
 10
154938.7
 20
701656.2
 10
154531.8
 20
700837.9
 10
154129.4
 20
700019.6
 10
153731.6
 20
699201.0
 10
153339.0
 20
698382.1
 10
152951.8
 20
697562.8
 10
152570.3
 20
696743.2
 10
152193.7
 20
695923.8
 10
151819.6
 20
695106.3
 10
151445.5
 20
694292.4
 10
151068.9
 20
693483.9
 10
150687.4
 20
692682.4
 10
150298.3
 20
691889.6
 10
149899.3
 20
691107.2
 10
149487.8
 20
690337.0
 10
149061.3
 20
689580.7
 10
148617.4
 20
688839.9
 10
148153.5
 20
688116.4
 10
147667.1
 20
687411.9
 10
147155.8
 20
686728.0
 10
146617.0
 20
686066.6
 10
146048.3
 20
685429.3
 10
145448.0
 20
684817.1
 10
144817.1
 20
684229.0
 10
144157.6
 20
683663.0
 10
143471.4
 20
683117.5
 10
142760.2
 20
682590.7
 10
142026.0
 20
682080.7
 10
141270.6
 20
681586.0
 10
140495.8
 20
681104.6
 10
139703.6
 20
680634.9
 10
138895.8
 20
680175.0
 10
138074.1
 20
679723.2
 10
137240.6
 20
679277.8
 10
136397.0
 20
678836.9
 10
135545.2
 20
678398.9
 10
134687.1
 20
677961.9
 10
133824.5
 20
677524.3
 10
132959.2
 20
677084.1
 10
132093.0
 20
676640.0
 10
131226.4
 20
676191.7
 10
130359.6
 20
675739.7
 10
129492.8
 20
675284.3
 10
128626.3
 20
674825.6
 10
127760.3
 20
674364.2
 10
126894.9
 20
673900.3
 10
126030.4
 20
673434.3
 10
125167.0
 20
672966.4
 10
124304.9
 20
672497.0
 10
123444.4
 20
672026.4
 10
122585.6
 20
671554.9
 10
121728.8
 20
671082.9
 10
120874.2
 20
670610.7
 10
120021.9
 20
670138.6
 10
119172.3
 20
669666.9
 10
118325.5
 20
669196.0
 10
117481.7
 20
668726.2
 10
116641.2
 20
668257.8
 10
115804.2
 20
667791.1
 10
114970.8
 20
667326.5
 10
114141.4
 20
666864.3
 10
113316.0
 20
666404.8
 10
112495.0
 20
665948.3
 10
111678.6
 20
665495.1
 10
110866.9
 20
665045.7
 10
110060.1
 20
664600.2
 10
109258.6
 20
664159.1
 10
108462.5
 20
663722.7
 10
107672.0
 20
663291.2
 10
106887.3
 20
662865.0
 10
106108.6
 20
662444.4
 10
105336.3
 20
662029.8
 10
104570.4
 20
661621.5
 10
103811.3
 20
661219.8
 10
103060.2
 20
660825.0
 10
102318.0
 20
660437.4
 10
101585.9
 20
660057.3
 10
100865.1
 20
659685.0
 10
100156.7
 20
659320.9
 10
99461.8
 20
658965.1
 10
98781.5
 20
658618.2
 10
98117.1
 20
658280.2
 10
97469.5
 20
657951.6
 10
96840.0
 20
657632.6
 10
96229.7
 20
657323.6
 10
95639.7
 20
657024.9
 10
95071.2
 20
656736.7
 10
94525.2
 20
656459.4
 10
94003.0
 20
656193.2
 10
93503.5
 20
655938.3
 10
93019.9
 20
655694.0
 10
92544.0
 20
655459.4
 10
92067.7
 20
655234.0
 10
91583.0
 20
655016.7
 10
91081.8
 20
654807.0
 10
90556.0
 20
654604.0
 10
89997.8
 20
654406.9
 10
89402.2
 20
654215.0
 10
88767.1
 20
654027.8
 10
88090.2
 20
653844.5
 10
87370.0
 20
653664.6
 10
86610.4
 20
653487.9
 10
85817.1
 20
653314.1
 10
84995.8
 20
653143.2
 10
84152.3
 20
652975.0
 10
83292.2
 20
652809.3
 10
82421.3
 20
652646.1
 10
81545.0
 20
652485.1
 10
80665.0
 20
652326.3
 10
79781.4
 20
652169.6
 10
78894.3
 20
652015.0
 10
78003.8
 20
651862.2
 10
77110.0
 20
651711.3
 10
76213.0
 20
651562.2
 10
75312.9
 20
651414.8
 10
74409.7
 20
651269.0
 10
73503.6
 20
651124.7
 10
72594.7
 20
650981.8
 10
71683.0
 20
650840.4
 10
70768.6
 20
650700.2
 10
69851.6
 20
650561.1
 10
68932.1
 20
650423.3
 10
68010.3
 20
650286.4
 10
67086.1
 20
650150.5
 10
66159.7
 20
650015.5
 10
65231.1
 20
649881.2
 10
64300.6
 20
649747.7
 10
63368.0
 20
649614.8
 10
62433.6
 20
649482.5
 10
61497.5
 20
649350.6
 10
60559.6
 20
649219.1
 10
59620.2
 20
649087.9
 10
58679.3
 20
648956.9
 10
57736.9
 20
648826.0
 10
56793.3
 20
648695.3
 10
55848.4
 20
648564.4
 10
54902.3
 20
648433.5
 10
53955.2
 20
648302.4
 10
53007.2
 20
648171.0
 10
52058.3
 20
648039.3
 10
51108.6
 20
647907.1
 10
50158.2
 20
647774.5
 10
49207.2
 20
647641.2
 10
48255.8
 20
647507.2
 10
47303.9
 20
647372.5
 10
46351.6
 20
647237.0
 10
45399.2
 20
647100.5
 10
44446.5
 20
646963.0
 10
43493.9
 20
646824.4
 10
42541.2
 20
646684.7
 10
41588.7
 20
646543.7
 10
40636.4
 20
646401.4
 10
39684.4
 20
646257.6
 10
38732.8
 20
646112.4
 10
37781.7
 20
645965.6
 10
36831.1
 20
645817.1
 10
35881.2
 20
645666.9
 10
34932.1
 20
645514.9
 10
33983.8
 20
645361.0
 10
33036.5
 20
645205.1
 10
32090.2
 20
645047.1
 10
31144.9
 20
644887.0
 10
30200.9
 20
644724.6
 10
29258.2
 20
644559.9
 10
28316.9
 20
644392.9
 10
27377.1
 20
644223.4
 10
26438.6
 20
644051.4
 10
25501.6
 20
643877.1
 10
24566.0
 20
643700.3
 10
23631.9
 20
643521.1
 10
22699.1
 20
643339.6
 10
21767.6
 20
643155.8
 10
20837.5
 20
642969.6
 10
19908.8
 20
642781.1
 10
18981.4
 20
642590.3
 10
18055.2
 20
642397.3
 10
17130.4
 20
642202.0
 10
16206.8
 20
642004.5
 10
15284.5
 20
641804.8
 10
14363.5
 20
641602.9
 10
13443.6
 20
641398.8
 10
12525.0
 20
641192.6
 10
11607.6
 20
640984.3
 10
10691.3
 20
640773.8
 10
9776.2
 20
640561.3
 10
8862.3
 20
640346.7
 10
7949.4
 20
640130.0
 10
7037.7
 20
639911.3
 10
6127.1
 20
639690.6
 10
5217.6
 20
639467.9
 10
4309.2
 20
639243.2
 10
3401.8
 20
639016.6
 10
2495.4
 20
638788.0
 10
1590.1
 20
638557.5
 10
685.8
 20
638325.1
 10
-217.6
 20
638090.8
 10
-1119.9
 20
637854.7
 10
-2021.3
 20
637616.8
 10
-2921.8
 20
637377.0
 10
-3821.3
 20
637135.4
 10
-4719.9
 20
636892.1
 10
-5617.7
 20
636646.9
 10
-6514.5
 20
636400.1
 10
-7410.5
 20
636151.5
 10
-8305.6
 20
635901.2
 10
-9199.9
 20
635649.3
 10
-10093.4
 20
635395.6
 10
-10986.1
 20
635140.4
 10
-11878.0
 20
634883.5
 10
-12769.1
 20
634625.0
 10
-13659.4
 20
634364.9
 10
-14549.0
 20
634103.2
 10
-15437.9
 20
633840.0
 10
-16326.1
 20
633575.3
 10
-17213.6
 20
633309.0
 10
-18100.4
 20
633041.3
 10
-18986.6
 20
632772.1
 10
-19872.1
 20
632501.5
 10
-20757.0
 20
632229.4
 10
-21641.3
 20
631955.9
 10
-22524.9
 20
631681.0
 10
-23408.0
 20
631404.8
 10
-24290.5
 20
631127.2
 10
-25172.5
 20
630848.2
 10
-26053.9
 20
630568.0
 10
-26934.8
 20
630286.4
 10
-27815.2
 20
630003.6
 10
-28695.2
 20
629719.5
 10
-29574.6
 20
629434.2
 10
-30453.6
 20
629147.6
 10
-31332.1
 20
628859.9
 10
-32210.2
 20
628571.0
 10
-33087.9
 20
628280.9
 10
-33965.2
 20
627989.7
 10
-34842.2
 20
627697.4
 10
-35718.7
 20
627403.9
 10
-36595.0
 20
627109.4
 10
-37470.9
 20
626813.9
 10
-38346.4
 20
626517.2
 10
-39221.7
 20
626219.6
 10
-40096.7
 20
625920.9
 10
-40971.4
 20
625621.3
 10
-41845.8
 20
625320.7
 10
-42720.1
 20
625019.2
 10
-43594.1
 20
624716.7
 10
-44467.9
 20
624413.3
 10
-45341.5
 20
624109.1
 10
-46214.9
 20
623803.9
 10
-47088.1
 20
623498.0
 10
-47961.3
 20
623191.2
 10
-48834.3
 20
622883.5
 10
-49707.1
 20
622575.1
 10
-50579.9
 20
622266.0
 10
-51452.6
 20
621956.0
 10
-52325.3
 20
621645.4
 10
-53197.8
 20
621334.0
 10
-54070.4
 20
621021.9
 10
-54942.9
 20
620709.2
 10
-55815.4
 20
620395.8
 10
-56688.0
 20
620081.7
 10
-57560.5
 20
619767.1
 10
-58433.2
 20
619451.8
 10
-59305.8
 20
619136.0
 10
-60178.6
 20
618819.6
 10
-61051.4
 20
618502.7
 10
-61924.4
 20
618185.3
 10
-62797.4
 20
617867.4
 10
-63670.6
 20
617548.9
 10
-64544.0
 20
617230.1
 10
-65417.5
 20
616910.7
 10
-66291.2
 20
616591.0
 10
-67165.1
 20
616270.9
 10
-68039.2
 20
615950.3
 10
-68913.6
 20
615629.4
 10
-69788.2
 20
615308.2
 10
-70663.1
 20
614986.7
 10
-71538.2
 20
614664.8
 10
-72413.7
 20
614342.6
 10
-73289.4
 20
614020.2
 10
-74165.5
 20
613697.6
 10
-75041.9
 20
613374.7
 10
-75918.7
 20
613051.6
 10
-76795.8
 20
612728.3
 10
-77673.4
 20
612404.8
 10
-78551.3
 20
612081.2
 10
-79429.7
 20
611757.5
 10
-80308.5
 20
611433.6
 10
-81187.7
 20
611109.7
 10
-82067.2
 20
610785.5
 10
-82946.6
 20
610460.4
 10
-83825.4
 20
610134.1
 10
-84703.1
 20
609805.8
 10
-85579.2
 20
609475.1
 10
-86453.4
 20
609141.5
 10
-87325.1
 20
608804.3
 10
-88193.9
 20
608463.1
 10
-89059.4
 20
608117.4
 10
-89921.0
 20
607766.5
 10
-90778.3
 20
607409.9
 10
-91630.9
 20
607047.2
 10
-92478.3
 20
606677.7
 10
-93320.0
 20
606301.0
 10
-94155.7
 20
605916.4
 10
-94984.7
 20
605523.4
 10
-95806.7
 20
605121.6
 10
-96621.2
 20
604710.3
 10
-97427.7
 20
604289.1
 10
-98225.9
 20
603857.3
 10
-99015.1
 20
603414.5
 10
-99795.1
 20
602960.1
 10
-100565.2
 20
602493.6
 10
-101325.1
 20
602014.4
 10
-102074.3
 20
601521.9
 10
-102812.3
 20
601015.8
 10
-103538.7
 20
600495.3
 10
-104253.0
 20
599960.0
 10
-104954.7
 20
599409.3
 10
-105643.5
 20
598842.7
 10
-106318.8
 20
598259.7
 10
-106980.2
 20
597659.6
 10
-107627.4
 20
597042.3
 10
-108260.8
 20
596408.2
 10
-108880.9
 20
595758.0
 10
-109488.2
 20
595092.3
 10
-110083.4
 20
594411.9
 10
-110666.8
 20
593717.3
 10
-111239.1
 20
593009.4
 10
-111800.7
 20
592288.7
 10
-112352.2
 20
591556.0
 10
-112894.2
 20
590811.9
 10
-113427.0
 20
590057.0
 10
-113951.3
 20
589292.2
 10
-114467.6
 20
588518.0
 10
-114976.5
 20
587735.0
 10
-115478.3
 20
586944.1
 10
-115973.8
 20
586145.9
 10
-116463.3
 20
585341.0
 10
-116947.4
 20
584530.1
 10
-117426.7
 20
583713.9
 10
-117901.7
 20
582893.1
 10
-118372.9
 20
582068.3
 10
-118840.8
 20
581240.3
 10
-119305.9
 20
580409.6
 10
-119768.8
 20
579577.1
 10
-120230.1
 20
578743.2
 10
-120690.1
 20
577908.8
 10
-121149.5
 20
577074.5
 10
-121608.8
 20
576241.0
 10
-122068.5
 20
575409.0
 10
-122529.2
 20
574579.0
 10
-122991.3
 20
573751.9
 10
-123455.4
 20
572928.3
 10
-123922.0
 20
572108.8
 10
-124391.6
 20
571294.0
 10
-124864.1
 20
570483.9
 10
-125339.4
 20
569678.0
 10
-125817.1
 20
568876.2
 10
-126297.2
 20
568078.1
 10
-126779.4
 20
567283.3
 10
-127263.5
 20
566491.6
 10
-127749.2
 20
565702.6
 10
-128236.5
 20
564915.9
 10
-128725.1
 20
564131.4
 10
-129214.7
 20
563348.6
 10
-129705.2
 20
562567.2
 10
-130196.4
 20
561787.0
 10
-130688.1
 20
561007.5
 10
-131180.0
 20
560228.6
 10
-131672.0
 20
559449.7
 10
-132163.8
 20
558670.7
 10
-132655.2
 20
557891.3
 10
-133146.1
 20
557111.0
 10
-133636.2
 20
556329.6
 10
-134125.4
 20
555546.7
 10
-134613.4
 20
554762.1
 10
-135099.9
 20
553975.4
 10
-135584.9
 20
553186.2
 10
-136068.1
 20
552394.4
 10
-136549.3
 20
551599.4
 10
-137028.3
 20
550801.2
 10
-137504.9
 20
549999.2
 10
-137978.8
 20
549193.2
 10
-138449.9
 20
548382.9
 10
-138918.0
 20
547567.9
 10
-139382.9
 20
546747.9
 10
-139844.3
 20
545922.7
 10
-140302.1
 20
545091.8
 10
-140756.7
 20
544255.9
 10
-141209.5
 20
543416.7
 10
-141662.1
 20
542576.2
 10
-142115.9
 20
541736.1
 10
-142572.3
 20
540898.4
 10
-143032.9
 20
540065.0
 10
-143499.2
 20
539237.7
 10
-143972.6
 20
538418.4
 10
-144454.6
 20
537609.0
 10
-144946.8
 20
536811.4
 10
-145450.5
 20
536027.4
 10
-145967.3
 20
535259.0
 10
-146498.6
 20
534508.0
 10
-147046.0
 20
533776.4
 10
-147611.0
 20
533065.9
 10
-148194.9
 20
532378.4
 10
-148798.6
 20
531714.8
 10
-149421.6
 20
531073.7
 10
-150063.2
 20
530453.4
 10
-150722.7
 20
529852.3
 10
-151399.3
 20
529268.8
 10
-152092.5
 20
528701.3
 10
-152801.5
 20
528148.2
 10
-153525.7
 20
527607.8
 10
-154264.3
 20
527078.6
 10
-155016.6
 20
526558.9
 10
-155782.1
 20
526047.1
 10
-156559.9
 20
525541.5
 10
-157349.5
 20
525040.7
 10
-158150.0
 20
524542.9
 10
-158960.9
 20
524046.5
 10
-159781.4
 20
523550.0
 10
-160610.9
 20
523051.7
 10
-161448.6
 20
522550.2
 10
-162293.3
 20
522045.1
 10
-163143.9
 20
521536.2
 10
-163999.3
 20
521023.1
 10
-164858.2
 20
520505.5
 10
-165719.6
 20
519983.1
 10
-166582.3
 20
519455.6
 10
-167445.2
 20
518922.7
 10
-168306.9
 20
518384.2
 10
-169166.6
 20
517839.7
 10
-170022.8
 20
517288.9
 10
-170874.6
 20
516731.6
 10
-171720.7
 20
516167.3
 10
-172560.0
 20
515596.0
 10
-173391.4
 20
515017.1
 10
-174213.6
 20
514430.5
 10
-175025.6
 20
513835.8
 10
-175826.1
 20
513232.8
 10
-176614.0
 20
512621.1
 10
-177388.2
 20
512000.5
 10
-178147.5
 20
511370.6
 10
-178890.7
 20
510731.1
 10
-179616.7
 20
510081.8
 10
-180324.3
 20
509422.4
 10
-181012.4
 20
508752.5
 10
-181679.8
 20
508071.9
 10
-182325.4
 20
507380.2
 10
-182948.0
 20
506677.2
 10
-183546.4
 20
505962.5
 10
-184119.6
 20
505235.9
 10
-184666.2
 20
504497.1
 10
-185185.3
 20
503745.8
 10
-185675.6
 20
502981.6
 10
-186135.9
 20
502204.3
 10
-186565.1
 20
501413.5
 10
-186962.1
 20
500609.1
 10
-187325.9
 20
499790.7
 10
-187656.9
 20
498958.7
 10
-187955.9
 20
498113.7
 10
-188224.0
 20
497256.4
 10
-188462.2
 20
496387.3
 10
-188671.3
 20
495507.0
 10
-188852.3
 20
494616.2
 10
-189006.3
 20
493715.4
 10
-189134.1
 20
492805.3
 10
-189236.7
 20
491886.5
 10
-189315.1
 20
490959.6
 10
-189370.2
 20
490025.2
 10
-189403.0
 20
489083.9
 10
-189414.5
 20
488136.2
 10
-189405.6
 20
487182.9
 10
-189377.2
 20
486224.6
 10
-189330.3
 20
485261.7
 10
-189266.0
 20
484295.0
 10
-189185.0
 20
483325.0
 10
-189088.5
 20
482352.5
 10
-188977.3
 20
481377.8
 10
-188852.5
 20
480401.8
 10
-188714.9
 20
479424.9
 10
-188565.5
 20
478447.8
 10
-188405.3
 20
477471.1
 10
-188235.3
 20
476495.5
 10
-188056.4
 20
475521.4
 10
-187869.5
 20
474549.6
 10
-187675.7
 20
473580.5
 10
-187476.1
 20
472614.4
 10
-187271.8
 20
471651.3
 10
-187064.1
 20
470691.1
 10
-186854.3
 20
469733.8
 10
-186643.5
 20
468779.3
 10
-186433.0
 20
467827.7
 10
-186224.0
 20
466878.9
 10
-186017.7
 20
465932.9
 10
-185815.3
 20
464989.7
 10
-185618.0
 20
464049.2
 10
-185427.1
 20
463111.3
 10
-185243.8
 20
462176.2
 10
-185069.3
 20
461243.7
 10
-184904.8
 20
460313.8
 10
-184751.6
 20
459386.5
 10
-184610.8
 20
458461.8
 10
-184483.7
 20
457539.6
 10
-184371.5
 20
456620.0
 10
-184275.4
 20
455702.8
 10
-184196.6
 20
454788.0
 10
-184136.4
 20
453875.7
 10
-184096.0
 20
452965.9
 10
-184076.5
 20
452058.3
 10
-184079.3
 20
451153.1
 10
-184105.5
 20
450250.3
 10
-184156.4
 20
449349.7
 10
-184233.1
 20
448451.4
 10
-184336.9
 20
447555.4
 10
-184468.9
 20
446661.5
 10
-184628.8
 20
445770.2
 10
-184816.0
 20
444881.6
 10
-185029.9
 20
443996.0
 10
-185269.8
 20
443113.8
 10
-185535.1
 20
442235.2
 10
-185825.1
 20
441360.5
 10
-186139.2
 20
440490.1
 10
-186476.7
 20
439624.2
 10
-186837.0
 20
438763.1
 10
-187219.4
 20
437907.1
 10
-187623.2
 20
437056.5
 10
-188047.9
 20
436211.7
 10
-188492.8
 20
435372.8
 10
-188957.2
 20
434540.2
 10
-189440.5
 20
433714.3
 10
-189942.0
 20
432895.2
 10
-190461.1
 20
432083.3
 10
-190997.1
 20
431278.9
 10
-191549.4
 20
430482.3
 10
-192117.3
 20
429693.7
 10
-192700.2
 20
428913.5
 10
-193297.5
 20
428142.0
 10
-193908.4
 20
427379.5
 10
-194532.4
 20
426626.2
 10
-195168.7
 20
425882.4
 10
-195816.8
 20
425148.5
 10
-196475.9
 20
424424.7
 10
-197145.6
 20
423711.4
 10
-197824.9
 20
423008.8
 10
-198513.5
 20
422317.3
 10
-199210.5
 20
421637.1
 10
-199915.3
 20
420968.5
 10
-200627.4
 20
420311.8
 10
-201346.0
 20
419667.3
 10
-202070.5
 20
419035.3
 10
-202800.2
 20
418416.2
 10
-203534.5
 20
417810.1
 10
-204272.8
 20
417217.5
 10
-205014.3
 20
416638.5
 10
-205758.5
 20
416073.6
  0
LWPOLYLINE
  5
55
330
17
100
AcDbEntity
  8
ISO_HALF
100
AcDbPolyline
 90
245
 70
0
 10
-202504.3
 20
378514.2
 10
-201581.7
 20
377793.8
 10
-200699.6
 20
377065.2
 10
-199857.1
 20
376328.5
 10
-199053.6
 20
375583.9
 10
-198288.2
 20
374831.3
 10
-197560.0
 20
374071.1
 10
-196868.4
 20
373303.3
 10
-196212.5
 20
372527.9
 10
-195591.6
 20
371745.3
 10
-195004.7
 20
370955.4
 10
-194451.2
 20
370158.4
 10
-193930.3
 20
369354.4
 10
-193441.1
 20
368543.6
 10
-192982.8
 20
367726.0
 10
-192554.7
 20
366901.8
 10
-192156.0
 20
366071.2
 10
-191785.8
 20
365234.2
 10
-191443.5
 20
364390.9
 10
-191128.1
 20
363541.6
 10
-190838.9
 20
362686.3
 10
-190575.1
 20
361825.1
 10
-190335.9
 20
360958.2
 10
-190120.5
 20
360085.7
 10
-189928.1
 20
359207.7
 10
-189757.9
 20
358324.3
 10
-189609.2
 20
357435.7
 10
-189481.1
 20
356542.0
 10
-189372.8
 20
355643.3
 10
-189283.6
 20
354739.7
 10
-189212.6
 20
353831.4
 10
-189159.1
 20
352918.5
 10
-189122.2
 20
352001.1
 10
-189101.2
 20
351079.3
 10
-189095.3
 20
350153.3
 10
-189103.6
 20
349223.2
 10
-189125.4
 20
348289.1
 10
-189160.0
 20
347351.1
 10
-189206.4
 20
346409.4
 10
-189263.9
 20
345464.0
 10
-189331.7
 20
344515.2
 10
-189409.0
 20
343563.0
 10
-189495.1
 20
342607.6
 10
-189589.1
 20
341649.0
 10
-189690.2
 20
340687.4
 10
-189797.6
 20
339723.0
 10
-189910.6
 20
338755.8
 10
-190028.4
 20
337786.0
 10
-190150.1
 20
336813.7
 10
-190274.9
 20
335839.0
 10
-190402.1
 20
334862.1
 10
-190530.9
 20
333883.1
 10
-190660.5
 20
332902.0
 10
-190790.0
 20
331919.1
 10
-190918.8
 20
330934.4
 10
-191045.9
 20
329948.1
 10
-191170.6
 20
328960.3
 10
-191292.2
 20
327971.1
 10
-191409.7
 20
326980.7
 10
-191522.5
 20
325989.2
 10
-191629.7
 20
324997.1
 10
-191730.6
 20
324004.7
 10
-191824.4
 20
323012.5
 10
-191910.3
 20
322020.8
 10
-191987.5
 20
321030.0
 10
-192055.3
 20
320040.5
 10
-192112.9
 20
319052.8
 10
-192159.5
 20
318067.2
 10
-192194.3
 20
317084.1
 10
-192216.5
 20
316103.9
 10
-192225.5
 20
315127.0
 10
-192220.3
 20
314153.8
 10
-192200.2
 20
313184.7
 10
-192164.5
 20
312220.1
 10
-192112.4
 20
311260.5
 10
-192043.0
 20
310306.1
 10
-191955.6
 20
309357.4
 10
-191849.5
 20
308414.7
 10
-191723.9
 20
307478.6
 10
-191577.9
 20
306549.3
 10
-191410.8
 20
305627.4
 10
-191221.8
 20
304713.0
 10
-191010.2
 20
303806.8
 10
-190775.2
 20
302909.0
 10
-190515.9
 20
302020.1
 10
-190232.4
 20
301140.1
 10
-189925.5
 20
300268.7
 10
-189596.0
 20
299405.7
 10
-189245.0
 20
298550.7
 10
-188873.2
 20
297703.3
 10
-188481.6
 20
296863.3
 10
-188071.2
 20
296030.2
 10
-187642.7
 20
295203.9
 10
-187197.2
 20
294383.9
 10
-186735.5
 20
293569.9
 10
-186258.6
 20
292761.5
 10
-185767.2
 20
291958.6
 10
-185262.4
 20
291160.6
 10
-184745.1
 20
290367.4
 10
-184216.1
 20
289578.6
 10
-183676.4
 20
288793.8
 10
-183126.9
 20
288012.7
 10
-182568.4
 20
287234.9
 10
-182001.9
 20
286460.3
 10
-181428.3
 20
285688.4
 10
-180848.5
 20
284918.8
 10
-180263.4
 20
284151.4
 10
-179674.0
 20
283385.7
 10
-179081.0
 20
282621.4
 10
-178485.4
 20
281858.2
 10
-177888.2
 20
281095.7
 10
-177290.2
 20
280333.7
 10
-176692.3
 20
279571.8
 10
-176095.5
 20
278809.6
 10
-175500.6
 20
278046.9
 10
-174908.6
 20
277283.3
 10
-174320.3
 20
276518.5
 10
-173736.4
 20
275752.3
 10
-173157.0
 20
274984.5
 10
-172582.4
 20
274215.1
 10
-172012.6
 20
273444.1
 10
-171447.8
 20
272671.3
 10
-170888.2
 20
271896.7
 10
-170333.9
 20
271120.2
 10
-169785.2
 20
270341.7
 10
-169242.2
 20
269561.2
 10
-168705.0
 20
268778.5
 10
-168173.9
 20
267993.6
 10
-167648.9
 20
267206.5
 10
-167130.3
 20
266417.0
 10
-166618.2
 20
265625.0
 10
-166112.7
 20
264830.5
 10
-165614.1
 20
264033.5
 10
-165122.5
 20
263233.8
 10
-164638.0
 20
262431.3
 10
-164160.9
 20
261626.1
 10
-163691.3
 20
260817.9
 10
-163229.3
 20
260006.8
 10
-162775.2
 20
259192.6
 10
-162329.0
 20
258375.3
 10
-161891.0
 20
257554.8
 10
-161461.3
 20
256731.1
 10
-161040.1
 20
255903.9
 10
-160627.6
 20
255073.4
 10
-160223.8
 20
254239.3
 10
-159829.0
 20
253401.7
 10
-159443.4
 20
252560.4
 10
-159067.1
 20
251715.4
 10
-158700.2
 20
250866.6
 10
-158343.0
 20
250013.9
 10
-157995.5
 20
249157.3
 10
-157658.0
 20
248296.6
 10
-157330.7
 20
247431.8
 10
-157013.6
 20
246562.8
 10
-156707.0
 20
245689.5
 10
-156411.0
 20
244811.9
 10
-156125.7
 20
243929.9
 10
-155851.4
 20
243043.4
 10
-155588.3
 20
242152.3
 10
-155336.4
 20
241256.5
 10
-155095.9
 20
240356.1
 10
-154867.1
 20
239450.8
 10
-154650.0
 20
238540.7
 10
-154444.8
 20
237625.6
 10
-154251.8
 20
236705.5
 10
-154071.0
 20
235780.3
 10
-153902.6
 20
234849.9
 10
-153746.8
 20
233914.3
 10
-153603.8
 20
232973.3
 10
-153473.6
 20
232026.9
 10
-153356.6
 20
231075.0
 10
-153252.8
 20
230117.6
 10
-153162.4
 20
229154.5
 10
-153085.6
 20
228185.7
 10
-153022.6
 20
227211.1
 10
-152973.4
 20
226230.7
 10
-152938.1
 20
225244.4
 10
-152915.2
 20
224252.8
 10
-152902.6
 20
223256.9
 10
-152898.4
 20
222257.3
 10
-152900.4
 20
221255.0
 10
-152906.7
 20
220250.9
 10
-152915.1
 20
219245.7
 10
-152923.6
 20
218240.3
 10
-152930.3
 20
217235.6
 10
-152932.9
 20
216232.3
 10
-152929.6
 20
215231.4
 10
-152918.2
 20
214233.6
 10
-152896.8
 20
213239.9
 10
-152863.2
 20
212251.1
 10
-152815.4
 20
211267.9
 10
-152751.4
 20
210291.3
 10
-152669.1
 20
209322.1
 10
-152566.5
 20
208361.1
 10
-152441.5
 20
207409.2
 10
-152292.1
 20
206467.2
 10
-152116.3
 20
205535.9
 10
-151912.0
 20
204616.3
 10
-151677.1
 20
203709.2
 10
-151409.7
 20
202815.3
 10
-151107.6
 20
201935.5
 10
-150768.8
 20
201070.8
 10
-150391.4
 20
200221.9
 10
-149974.7
 20
199389.0
 10
-149521.4
 20
198571.1
 10
-149034.7
 20
197767.0
 10
-148517.6
 20
196975.6
 10
-147973.3
 20
196195.6
 10
-147404.7
 20
195425.7
 10
-146815.1
 20
194664.9
 10
-146207.5
 20
193911.8
 10
-145584.9
 20
193165.4
 10
-144950.5
 20
192424.3
 10
-144307.4
 20
191687.4
 10
-143658.6
 20
190953.5
 10
-143007.2
 20
190221.4
 10
-142356.4
 20
189489.9
 10
-141709.2
 20
188757.8
 10
-141068.8
 20
188023.8
 10
-140438.0
 20
187286.8
 10
-139819.5
 20
186546.0
 10
-139215.8
 20
185800.3
 10
-138629.5
 20
185049.1
 10
-138063.0
 20
184291.3
 10
-137518.7
 20
183526.2
 10
-136999.3
 20
182752.9
 10
-136507.2
 20
181970.5
 10
-136044.9
 20
181178.1
 10
-135615.0
 20
180374.9
 10
-135219.8
 20
179560.0
 10
-134862.0
 20
178732.5
 10
-134544.0
 20
177891.7
 10
-134268.3
 20
177036.5
 10
-134037.4
 20
176166.2
 10
-133853.9
 20
175279.9
 10
-133720.1
 20
174376.7
 10
-133638.7
 20
173455.8
 10
-133612.2
 20
172516.3
 10
-133642.9
 20
171557.2
 10
-133733.5
 20
170577.9
 10
-133886.4
 20
169577.3
 10
-134104.1
 20
168554.7
 10
-134389.2
 20
167509.1
 10
-134744.0
 20
166439.8
 10
-135171.3
 20
165345.7
  0
LWPOLYLINE
  5
56
330
17
100
AcDbEntity
  8
ISO_HALF
100
AcDbPolyline
 90
922
 70
0
 10
498295.4
 20
973393.1
 10
497395.4
 20
973622.9
 10
496490.7
 20
973846.8
 10
495581.6
 20
974064.6
 10
494668.1
 20
974276.4
 10
493750.5
 20
974482.2
 10
492828.8
 20
974681.9
 10
491903.1
 20
974875.7
 10
490973.7
 20
975063.3
 10
490040.6
 20
975244.9
 10
489104.0
 20
975420.5
 10
488164.0
 20
975589.9
 10
487220.8
 20
975753.3
 10
486274.5
 20
975910.6
 10
485325.2
 20
976061.7
 10
484373.1
 20
976206.8
 10
483418.3
 20
976345.7
 10
482460.9
 20
976478.5
 10
481501.2
 20
976605.1
 10
480539.1
 20
976725.5
 10
479574.9
 20
976839.8
 10
478608.7
 20
976947.9
 10
477640.6
 20
977049.8
 10
476670.8
 20
977145.5
 10
475699.3
 20
977235.1
 10
474726.5
 20
977318.3
 10
473752.2
 20
977395.4
 10
472776.9
 20
977466.2
 10
471800.4
 20
977530.8
 10
470823.1
 20
977589.1
 10
469844.9
 20
977641.1
 10
468866.2
 20
977686.8
 10
467886.9
 20
977726.3
 10
466907.2
 20
977759.5
 10
465927.4
 20
977786.3
 10
464947.4
 20
977806.8
 10
463967.5
 20
977821.0
 10
462987.8
 20
977828.9
 10
462008.4
 20
977830.4
 10
461029.4
 20
977825.5
 10
460051.1
 20
977814.3
 10
459073.4
 20
977796.7
 10
458096.7
 20
977772.7
 10
457120.9
 20
977742.3
 10
456146.3
 20
977705.5
 10
455172.9
 20
977662.2
 10
454201.0
 20
977612.6
 10
453230.6
 20
977556.5
 10
452261.9
 20
977493.9
 10
451295.1
 20
977424.9
 10
450330.2
 20
977349.4
 10
449367.4
 20
977267.4
 10
448406.8
 20
977179.0
 10
447448.5
 20
977084.1
 10
446492.5
 20
976983.0
 10
445538.6
 20
976875.9
 10
444586.7
 20
976762.9
 10
443636.9
 20
976644.4
 10
442689.0
 20
976520.5
 10
441742.9
 20
976391.3
 10
440798.7
 20
976257.2
 10
439856.1
 20
976118.2
 10
438915.1
 20
975974.7
 10
437975.7
 20
975826.8
 10
437037.8
 20
975674.7
 10
436101.3
 20
975518.6
 10
435166.1
 20
975358.7
 10
434232.2
 20
975195.3
 10
433299.4
 20
975028.5
 10
432367.7
 20
974858.6
 10
431437.1
 20
974685.6
 10
430507.4
 20
974510.0
 10
429578.6
 20
974331.8
 10
428650.7
 20
974151.2
 10
427723.4
 20
973968.5
 10
426796.8
 20
973783.8
 10
425870.8
 20
973597.5
 10
424945.3
 20
973409.6
 10
424020.2
 20
973220.3
 10
423095.4
 20
973030.0
 10
422171.0
 20
972838.7
 10
421246.8
 20
972646.7
 10
420322.7
 20
972454.2
 10
419398.6
 20
972261.4
 10
418474.6
 20
972068.5
 10
417550.4
 20
971875.6
 10
416626.1
 20
971683.1
 10
415701.5
 20
971491.1
 10
414776.7
 20
971299.9
 10
413851.4
 20
971109.5
 10
412925.7
 20
970920.2
 10
411999.4
 20
970732.3
 10
411072.5
 20
970545.9
 10
410145.0
 20
970361.2
 10
409216.6
 20
970178.5
 10
408287.5
 20
969997.9
 10
407357.4
 20
969819.7
 10
406426.3
 20
969644.0
 10
405494.2
 20
969471.1
 10
404561.0
 20
969301.1
 10
403626.5
 20
969134.3
 10
402690.7
 20
968970.8
 10
401753.6
 20
968810.9
 10
400815.1
 20
968654.8
 10
399875.0
 20
968502.7
 10
398933.4
 20
968354.7
 10
397990.1
 20
968211.0
 10
397045.3
 20
968071.5
 10
396098.9
 20
967936.1
 10
395151.0
 20
967804.7
 10
394201.5
 20
967677.2
 10
393250.7
 20
967553.6
 10
392298.4
 20
967433.8
 10
391344.7
 20
967317.6
 10
390389.6
 20
967205.0
 10
389433.3
 20
967095.9
 10
388475.6
 20
966990.3
 10
387516.6
 20
966888.0
 10
386556.4
 20
966788.9
 10
385595.0
 20
966693.1
 10
384632.4
 20
966600.3
 10
383668.7
 20
966510.5
 10
382703.9
 20
966423.6
 10
381738.0
 20
966339.5
 10
380771.1
 20
966258.2
 10
379803.1
 20
966179.6
 10
378834.1
 20
966103.5
 10
377864.2
 20
966030.0
 10
376893.4
 20
965958.8
 10
375921.7
 20
965889.9
 10
374949.1
 20
965823.3
 10
373975.8
 20
965758.8
 10
373001.6
 20
965696.5
 10
372026.6
 20
965636.0
 10
371051.0
 20
965577.5
 10
370074.6
 20
965520.8
 10
369097.5
 20
965465.8
 10
368119.9
 20
965412.5
 10
367141.6
 20
965360.7
 10
366162.7
 20
965310.4
 10
365183.4
 20
965261.5
 10
364203.5
 20
965213.9
 10
363223.1
 20
965167.5
 10
362242.3
 20
965122.2
 10
361261.0
 20
965078.0
 10
360279.4
 20
965034.7
 10
359297.5
 20
964992.3
 10
358315.2
 20
964950.7
 10
357332.6
 20
964909.9
 10
356349.8
 20
964869.6
 10
355366.8
 20
964829.9
 10
354383.5
 20
964790.6
 10
353400.2
 20
964751.7
 10
352416.6
 20
964713.1
 10
351433.0
 20
964674.7
 10
350449.3
 20
964636.4
 10
349465.6
 20
964598.2
 10
348481.9
 20
964559.9
 10
347498.2
 20
964521.4
 10
346514.6
 20
964482.7
 10
345531.1
 20
964443.7
 10
344547.7
 20
964404.3
 10
343564.5
 20
964364.5
 10
342581.4
 20
964324.0
 10
341598.6
 20
964282.9
 10
340616.0
 20
964241.1
 10
339633.7
 20
964198.5
 10
338651.7
 20
964155.0
 10
337670.1
 20
964110.4
 10
336688.9
 20
964064.8
 10
335708.0
 20
964018.1
 10
334727.6
 20
963970.1
 10
333747.7
 20
963920.8
 10
332768.3
 20
963870.0
 10
331789.4
 20
963817.8
 10
330811.1
 20
963763.9
 10
329833.4
 20
963708.5
 10
328856.4
 20
963651.2
 10
327880.0
 20
963592.1
 10
326904.3
 20
963531.1
 10
325929.3
 20
963468.1
 10
324955.1
 20
963403.0
 10
323981.6
 20
963335.8
 10
323009.0
 20
963266.2
 10
322037.3
 20
963194.3
 10
321066.4
 20
963120.0
 10
320096.5
 20
963043.2
 10
319127.5
 20
962963.7
 10
318159.5
 20
962881.6
 10
317192.5
 20
962796.7
 10
316226.5
 20
962709.0
 10
315261.7
 20
962618.3
 10
314297.9
 20
962524.6
 10
313335.3
 20
962427.8
 10
312373.8
 20
962327.8
 10
311413.6
 20
962224.5
 10
310454.6
 20
962117.8
 10
309496.8
 20
962007.7
 10
308540.4
 20
961894.1
 10
307585.3
 20
961776.8
 10
306631.5
 20
961655.8
 10
305679.1
 20
961531.1
 10
304728.2
 20
961402.4
 10
303778.7
 20
961269.9
 10
302830.8
 20
961133.2
 10
301884.3
 20
960992.5
 10
300939.4
 20
960847.5
 10
299996.0
 20
960698.2
 10
299054.4
 20
960544.6
 10
298114.3
 20
960386.5
 10
297176.0
 20
960223.9
 10
296239.5
 20
960056.7
 10
295304.8
 20
959884.9
 10
294371.9
 20
959708.3
 10
293440.9
 20
959527.0
 10
292511.8
 20
959340.7
 10
291584.8
 20
959149.5
 10
290659.8
 20
958953.3
 10
289736.8
 20
958752.0
 10
288816.0
 20
958545.5
 10
287897.3
 20
958333.8
 10
286980.8
 20
958116.8
 10
286066.6
 20
957894.4
 10
285154.7
 20
957666.6
 10
284245.1
 20
957433.2
 10
283337.9
 20
957194.2
 10
282433.1
 20
956949.6
 10
281530.8
 20
956699.2
 10
280631.0
 20
956443.0
 10
279733.7
 20
956180.9
 10
278839.1
 20
955912.8
 10
277947.1
 20
955638.7
 10
277057.8
 20
955358.6
 10
276171.3
 20
955072.2
 10
275287.5
 20
954779.6
 10
274406.6
 20
954480.6
 10
273528.5
 20
954175.3
 10
272653.4
 20
953863.5
 10
271781.2
 20
953545.2
 10
270912.0
 20
953220.2
 10
270045.8
 20
952888.6
 10
269182.8
 20
952550.2
 10
268322.8
 20
952205.0
 10
267466.1
 20
951852.9
 10
266612.6
 20
951493.8
 10
265762.3
 20
951127.6
 10
264915.4
 20
950754.4
 10
264071.8
 20
950374.0
 10
263231.7
 20
949986.3
 10
262394.9
 20
949591.2
 10
261561.7
 20
949188.8
 10
260732.0
 20
948778.9
 10
259905.9
 20
948361.4
 10
259083.4
 20
947936.3
 10
258264.5
 20
947503.5
 10
257449.4
 20
947062.9
 10
256638.0
 20
946614.5
 10
255830.5
 20
946158.2
 10
255026.7
 20
945693.9
 10
254226.9
 20
945221.6
 10
253431.0
 20
944741.1
 10
252639.1
 20
944252.4
 10
251851.2
 20
943755.5
 10
251067.3
 20
943250.2
 10
250287.5
 20
942736.8
 10
249511.7
 20
942215.2
 10
248739.9
 20
941685.8
 10
247972.1
 20
941148.5
 10
247208.2
 20
940603.5
 10
246448.2
 20
940050.9
 10
245692.1
 20
939490.8
 10
244939.9
 20
938923.4
 10
244191.6
 20
938348.8
 10
243447.2
 20
937767.0
 10
242706.5
 20
937178.3
 10
241969.7
 20
936582.8
 10
241236.6
 20
935980.5
 10
240507.3
 20
935371.5
 10
239781.7
 20
934756.1
 10
239059.8
 20
934134.3
 10
238341.6
 20
933506.2
 10
237627.1
 20
932872.0
 10
236916.3
 20
932231.8
 10
236209.0
 20
931585.7
 10
235505.4
 20
930933.8
 10
234805.4
 20
930276.3
 10
234108.9
 20
929613.3
 10
233416.0
 20
928944.8
 10
232726.6
 20
928271.1
 10
232040.7
 20
927592.2
 10
231358.3
 20
926908.2
 10
230679.3
 20
926219.3
 10
230003.8
 20
925525.6
 10
229331.7
 20
924827.3
 10
228662.9
 20
924124.4
 10
227997.6
 20
923417.0
 10
227335.6
 20
922705.3
 10
226676.9
 20
921989.4
 10
226021.6
 20
921269.5
 10
225369.5
 20
920545.6
 10
224720.7
 20
919817.8
 10
224075.2
 20
919086.4
 10
223432.9
 20
918351.3
 10
222793.7
 20
917612.8
 10
222157.8
 20
916870.9
 10
221525.0
 20
916125.8
 10
220895.4
 20
915377.6
 10
220268.9
 20
914626.4
 10
219645.4
 20
913872.4
 10
219025.1
 20
913115.6
 10
218407.8
 20
912356.1
 10
217793.5
 20
911594.2
 10
217182.3
 20
910829.9
 10
216574.0
 20
910063.3
 10
215968.7
 20
909294.6
 10
215366.3
 20
908523.9
 10
214766.9
 20
907751.3
 10
214170.4
 20
906976.9
 10
213576.8
 20
906200.8
 10
212986.0
 20
905423.2
 10
212398.1
 20
904644.2
 10
211812.9
 20
903863.9
 10
211230.6
 20
903082.4
 10
210651.1
 20
902299.9
 10
210074.3
 20
901516.5
 10
209500.3
 20
900732.2
 10
208928.9
 20
899947.3
 10
208360.3
 20
899161.8
 10
207794.3
 20
898375.8
 10
207231.0
 20
897589.4
 10
206670.3
 20
896802.6
 10
206112.3
 20
896015.4
 10
205556.8
 20
895227.7
 10
205003.9
 20
894439.5
 10
204453.6
 20
893651.0
 10
203905.9
 20
892862.0
 10
203360.7
 20
892072.5
 10
202818.0
 20
891282.7
 10
202277.8
 20
890492.3
 10
201740.1
 20
889701.6
 10
201204.9
 20
888910.4
 10
200672.2
 20
888118.7
 10
200141.8
 20
887326.6
 10
199613.9
 20
886534.1
 10
199088.5
 20
885741.1
 10
198565.4
 20
884947.6
 10
198044.6
 20
884153.7
 10
197526.3
 20
883359.4
 10
197010.2
 20
882564.6
 10
196496.5
 20
881769.4
 10
195985.1
 20
880973.7
 10
195476.0
 20
880177.5
 10
194969.2
 20
879380.9
 10
194464.6
 20
878583.8
 10
193962.3
 20
877786.3
 10
193462.2
 20
876988.3
 10
192964.3
 20
876189.8
 10
192468.6
 20
875390.9
 10
191975.1
 20
874591.5
 10
191483.8
 20
873791.7
 10
190994.6
 20
872991.4
 10
190507.5
 20
872190.6
 10
190022.5
 20
871389.4
 10
189539.6
 20
870587.7
 10
189058.8
 20
869785.5
 10
188580.1
 20
868982.8
 10
188103.4
 20
868179.7
 10
187628.7
 20
867376.1
 10
187156.0
 20
866572.0
 10
186685.4
 20
865767.5
 10
186216.7
 20
864962.4
 10
185750.0
 20
864156.9
 10
185285.2
 20
863351.0
 10
184822.4
 20
862544.5
 10
184361.5
 20
861737.6
 10
183902.4
 20
860930.1
 10
183445.3
 20
860122.2
 10
182990.0
 20
859313.8
 10
182536.6
 20
858504.9
 10
182085.0
 20
857695.6
 10
181635.2
 20
856885.7
 10
181187.2
 20
856075.4
 10
180741.0
 20
855264.5
 10
180296.6
 20
854453.2
 10
179853.9
 20
853641.4
 10
179412.9
 20
852829.1
 10
178973.7
 20
852016.3
 10
178536.1
 20
851203.0
 10
178100.3
 20
850389.2
 10
177666.1
 20
849574.9
 10
177233.6
 20
848760.1
 10
176802.7
 20
847944.8
 10
176373.4
 20
847129.0
 10
175945.7
 20
846312.7
 10
175519.6
 20
845495.9
 10
175095.1
 20
844678.6
 10
174672.1
 20
843860.8
 10
174250.6
 20
843042.5
 10
173830.7
 20
842223.6
 10
173412.3
 20
841404.3
 10
172995.4
 20
840584.5
 10
172579.9
 20
839764.1
 10
172165.9
 20
838943.2
 10
171753.3
 20
838121.8
 10
171342.2
 20
837299.9
 10
170932.4
 20
836477.5
 10
170524.1
 20
835654.6
 10
170117.1
 20
834831.1
 10
169711.5
 20
834007.2
 10
169307.2
 20
833182.7
 10
168904.2
 20
832357.7
 10
168502.5
 20
831532.2
 10
168102.1
 20
830706.1
 10
167703.0
 20
829879.5
 10
167305.2
 20
829052.4
 10
166908.6
 20
828224.8
 10
166513.2
 20
827396.6
 10
166119.0
 20
826567.9
 10
165726.1
 20
825738.7
 10
165334.2
 20
824909.0
 10
164943.6
 20
824078.7
 10
164554.1
 20
823247.9
 10
164165.7
 20
822416.5
 10
163778.4
 20
821584.6
 10
163392.2
 20
820752.2
 10
163007.1
 20
819919.2
 10
162623.1
 20
819085.7
 10
162240.1
 20
818251.7
 10
161858.1
 20
817417.1
 10
161477.1
 20
816582.0
 10
161097.1
 20
815746.3
 10
160718.1
 20
814910.1
 10
160340.1
 20
814073.3
 10
159963.0
 20
813236.0
 10
159586.8
 20
812398.2
 10
159211.6
 20
811559.8
 10
158837.2
 20
810720.8
 10
158463.7
 20
809881.3
 10
158091.1
 20
809041.3
 10
157719.3
 20
808200.6
 10
157348.4
 20
807359.5
 10
156978.3
 20
806517.8
 10
156608.9
 20
805675.5
 10
156240.4
 20
804832.6
 10
155872.6
 20
803989.2
 10
155505.5
 20
803145.3
 10
155139.2
 20
802300.8
 10
154773.6
 20
801455.7
 10
154408.6
 20
800610.1
 10
154044.0
 20
799764.1
 10
153679.8
 20
798917.6
 10
153316.0
 20
798070.8
 10
152952.3
 20
797223.6
 10
152588.6
 20
796376.1
 10
152225.0
 20
795528.3
 10
151861.2
 20
794680.3
 10
151497.1
 20
793832.2
 10
151132.8
 20
792983.9
 10
150767.9
 20
792135.6
 10
150402.5
 20
791287.2
 10
150036.5
 20
790438.8
 10
149669.7
 20
789590.4
 10
149302.1
 20
788742.1
 10
148933.4
 20
787894.0
 10
148563.7
 20
787046.0
 10
148192.9
 20
786198.2
 10
147820.7
 20
785350.7
 10
147447.2
 20
784503.5
 10
147072.1
 20
783656.6
 10
146695.5
 20
782810.1
 10
146317.2
 20
781964.0
 10
145937.1
 20
781118.4
 10
145555.1
 20
780273.3
 10
145171.1
 20
779428.8
 10
144784.9
 20
778584.8
 10
144396.6
 20
777741.5
 10
144005.9
 20
776898.9
 10
143612.8
 20
776056.9
 10
143217.2
 20
775215.8
 10
142818.9
 20
774375.4
 10
142418.0
 20
773535.9
 10
142014.1
 20
772697.3
 10
141607.4
 20
771859.6
 10
141197.5
 20
771022.9
 10
140784.6
 20
770187.2
 10
140368.3
 20
769352.6
 10
139948.8
 20
768519.1
 10
139525.7
 20
767686.7
 10
139099.1
 20
766855.5
 10
138668.8
 20
766025.6
 10
138234.7
 20
765196.9
 10
137796.8
 20
764369.5
 10
137354.8
 20
763543.5
 10
136908.8
 20
762718.9
 10
136458.6
 20
761895.7
 10
136004.1
 20
761074.1
 10
135545.2
 20
760253.9
 10
135081.8
 20
759435.3
 10
134613.8
 20
758618.4
 10
134141.0
 20
757803.1
 10
133663.5
 20
756989.4
 10
133181.0
 20
756177.6
 10
132693.5
 20
755367.5
 10
132200.9
 20
754559.2
 10
131703.0
 20
753752.8
 10
131199.9
 20
752948.4
 10
130691.2
 20
752145.8
 10
130177.2
 20
751345.3
 10
129657.7
 20
750546.9
 10
129132.9
 20
749750.7
 10
128602.7
 20
748956.7
 10
128067.2
 20
748165.1
 10
127526.4
 20
747375.8
 10
126980.4
 20
746589.1
 10
126429.2
 20
745804.9
 10
125872.8
 20
745023.3
 10
125311.3
 20
744244.5
 10
124744.6
 20
743468.4
 10
124172.9
 20
742695.3
 10
123596.1
 20
741925.0
 10
123014.3
 20
741157.8
 10
122427.5
 20
740393.7
 10
121835.7
 20
739632.8
 10
121239.1
 20
738875.1
 10
120637.5
 20
738120.8
 10
120031.1
 20
737369.9
 10
119419.9
 20
736622.4
 10
118803.9
 20
735878.6
 10
118183.2
 20
735138.3
 10
117557.7
 20
734401.8
 10
116927.5
 20
733669.1
 10
116292.7
 20
732940.2
 10
115653.2
 20
732215.3
 10
115009.1
 20
731494.4
 10
114360.5
 20
730777.7
 10
113707.4
 20
730065.1
 10
113049.7
 20
729356.7
 10
112387.6
 20
728652.7
 10
111721.1
 20
727953.1
 10
111050.2
 20
727258.0
 10
110374.9
 20
726567.5
 10
109695.2
 20
725881.6
 10
109011.3
 20
725200.4
 10
108323.1
 20
724524.0
 10
107630.7
 20
723852.5
 10
106934.1
 20
723185.9
 10
106233.2
 20
722524.4
 10
105528.3
 20
721868.0
 10
104819.3
 20
721216.7
 10
104106.1
 20
720570.7
 10
103389.0
 20
719930.1
 10
102667.8
 20
719294.9
 10
101942.7
 20
718665.1
 10
101213.6
 20
718040.9
 10
100480.6
 20
717422.4
 10
99743.7
 20
716809.6
 10
99003.0
 20
716202.5
 10
98258.4
 20
715601.4
 10
97510.1
 20
715006.2
 10
96758.1
 20
714417.0
 10
96002.3
 20
713834.0
 10
95242.8
 20
713257.1
 10
94479.7
 20
712686.5
 10
93713.0
 20
712122.2
 10
92942.7
 20
711564.3
 10
92168.9
 20
711013.0
 10
91391.5
 20
710468.2
 10
90610.6
 20
709930.0
 10
89826.3
 20
709398.6
 10
89038.6
 20
708873.9
 10
88247.4
 20
708356.2
 10
87452.9
 20
707845.3
 10
86655.2
 20
707341.3
 10
85854.1
 20
706844.2
 10
85049.8
 20
706353.9
 10
84242.4
 20
705870.5
 10
83431.8
 20
705393.9
 10
82618.1
 20
704924.1
 10
81801.4
 20
704461.1
 10
80981.6
 20
704005.0
 10
80158.9
 20
703555.6
 10
79333.3
 20
703112.9
 10
78504.8
 20
702677.1
 10
77673.4
 20
702248.0
 10
76839.3
 20
701825.6
 10
76002.4
 20
701409.9
 10
75162.8
 20
701001.0
 10
74320.5
 20
700598.7
 10
73475.7
 20
700203.2
 10
72628.2
 20
699814.3
 10
71778.2
 20
699432.0
 10
70925.7
 20
699056.5
 10
70070.7
 20
698687.5
 10
69213.3
 20
698325.2
 10
68353.6
 20
697969.5
 10
67491.6
 20
697620.4
 10
66627.2
 20
697277.9
 10
65760.6
 20
696942.0
 10
64891.9
 20
696612.6
 10
64020.9
 20
696289.8
 10
63147.9
 20
695973.5
 10
62272.6
 20
695663.9
 10
61395.2
 20
695360.8
 10
60515.5
 20
695064.4
 10
59633.5
 20
694774.6
 10
58749.2
 20
694491.6
 10
57862.5
 20
694215.3
 10
56973.3
 20
693945.7
 10
56081.7
 20
693683.0
 10
55187.6
 20
693427.1
 10
54290.9
 20
693178.0
 10
53391.7
 20
692935.8
 10
52489.8
 20
692700.6
 10
51585.2
 20
692472.3
 10
50677.9
 20
692251.0
 10
49767.8
 20
692036.7
 10
48854.9
 20
691829.5
 10
47939.2
 20
691629.3
 10
47020.6
 20
691436.3
 10
46099.0
 20
691250.4
 10
45174.5
 20
691071.6
 10
44246.9
 20
690900.1
 10
43316.3
 20
690735.8
 10
42382.6
 20
690578.8
 10
41445.7
 20
690429.0
 10
40505.7
 20
690286.6
 10
39562.4
 20
690151.6
 10
38615.8
 20
690023.9
 10
37666.0
 20
689903.5
 10
36713.1
 20
689790.0
 10
35757.3
 20
689683.1
 10
34798.7
 20
689582.5
 10
33837.3
 20
689488.0
 10
32873.4
 20
689399.2
 10
31907.1
 20
689315.8
 10
30938.5
 20
689237.5
 10
29967.7
 20
689164.0
 10
28995.0
 20
689095.0
 10
28020.3
 20
689030.2
 10
27043.9
 20
688969.4
 10
26065.8
 20
688912.1
 10
25086.3
 20
688858.1
 10
24105.4
 20
688807.1
 10
23123.2
 20
688758.8
 10
22140.0
 20
688712.9
 10
21155.8
 20
688669.0
 10
20170.8
 20
688626.9
 10
19185.1
 20
688586.4
 10
18198.9
 20
688546.9
 10
17212.2
 20
688508.4
 10
16225.2
 20
688470.4
 10
15238.1
 20
688432.7
 10
14250.9
 20
688394.9
 10
13263.8
 20
688356.8
 10
12277.0
 20
688318.1
 10
11290.6
 20
688278.4
 10
10304.6
 20
688237.4
 10
9319.3
 20
688194.9
 10
8334.8
 20
688150.6
 10
7351.1
 20
688104.0
 10
6368.5
 20
688055.0
 10
5387.1
 20
688003.3
 10
4407.0
 20
687948.5
 10
3428.3
 20
687890.3
 10
2451.2
 20
687828.4
 10
1475.7
 20
687762.5
 10
502.1
 20
687692.4
 10
-469.5
 20
687617.7
 10
-1439.0
 20
687538.1
 10
-2406.3
 20
687453.3
 10
-3371.2
 20
687363.0
 10
-4333.6
 20
687266.9
 10
-5293.4
 20
687164.7
 10
-6250.4
 20
687056.1
 10
-7204.6
 20
686940.8
 10
-8155.7
 20
686818.5
 10
-9103.6
 20
686688.8
 10
-10048.2
 20
686551.6
 10
-10989.5
 20
686406.6
 10
-11927.5
 20
686254.0
 10
-12862.3
 20
686094.0
 10
-13794.0
 20
685927.0
 10
-14722.8
 20
685752.9
 10
-15648.7
 20
685572.2
 10
-16571.8
 20
685385.1
 10
-17492.3
 20
685191.6
 10
-18410.1
 20
684992.1
 10
-19325.5
 20
684786.8
 10
-20238.5
 20
684575.9
 10
-21149.3
 20
684359.7
 10
-22057.9
 20
684138.3
 10
-22964.4
 20
683911.9
 10
-23868.9
 20
683680.8
 10
-24771.6
 20
683445.3
 10
-25672.5
 20
683205.4
 10
-26571.7
 20
682961.6
 10
-27469.4
 20
682713.8
 10
-28365.6
 20
682462.5
 10
-29260.5
 20
682207.8
 10
-30154.1
 20
681949.9
 10
-31046.5
 20
681689.1
 10
-31937.8
 20
681425.6
 10
-32828.2
 20
681159.5
 10
-33717.8
 20
680891.2
 10
-34606.5
 20
680620.7
 10
-35494.6
 20
680348.5
 10
-36382.2
 20
680074.6
 10
-37269.3
 20
679799.3
 10
-38156.0
 20
679522.9
 10
-39042.5
 20
679245.5
 10
-39928.8
 20
678967.3
 10
-40815.1
 20
678688.6
 10
-41701.4
 20
678409.6
 10
-42587.9
 20
678130.6
 10
-43474.6
 20
677851.6
 10
-44361.6
 20
677573.1
 10
-45249.1
 20
677295.1
 10
-46137.2
 20
677018.0
 10
-47025.9
 20
676741.8
 10
-47915.3
 20
676466.9
 10
-48805.6
 20
676193.5
 10
-49696.9
 20
675921.7
 10
-50589.2
 20
675651.9
 10
-51482.7
 20
675384.2
 10
-52377.4
 20
675118.8
 10
-53273.4
 20
674856.1
 10
-54171.0
 20
674596.1
 10
-55070.0
 20
674339.1
 10
-55970.8
 20
674085.3
 10
-56873.3
 20
673835.0
 10
-57777.6
 20
673588.4
 10
-58683.9
 20
673345.6
 10
-59592.3
 20
673107.0
 10
-60502.8
 20
672872.2
 10
-61415.3
 20
672640.0
 10
-62329.7
 20
672408.8
 10
-63246.1
 20
672177.3
 10
-64164.3
 20
671944.2
 10
-65084.1
 20
671707.8
 10
-66005.7
 20
671467.0
 10
-66928.8
 20
671220.1
 10
-67853.4
 20
670965.8
 10
-68779.4
 20
670702.8
 10
-69706.8
 20
670429.5
 10
-70635.4
 20
670144.5
 10
-71565.2
 20
669846.5
 10
-72495.1
 20
669534.4
 10
-73390.9
 20
669219.5
 10
-74178.6
 20
668928.2
 10
-74781.6
 20
668687.7
 10
-75125.4
 20
668524.5
 10
-75193.4
 20
668446.1
 10
-75041.3
 20
668435.6
 10
-74729.4
 20
668474.9
 10
-74318.2
 20
668545.8
 10
-73867.9
 20
668629.9
 10
-73439.0
 20
668709.2
 10
-73091.6
 20
668765.2
 10
-72886.2
 20
668780.0
 10
-72882.9
 20
668735.1
 10
-73112.8
 20
668621.4
 10
-73545.6
 20
668448.2
 10
-74143.4
 20
668226.9
 10
-74868.3
 20
667969.3
 10
-75682.1
 20
667687.1
 10
-76547.0
 20
667391.8
 10
-77427.1
 20
667094.4
 10
-78308.4
 20
666798.9
 10
-79190.6
 20
666504.9
 10
-80073.6
 20
666212.1
 10
-80957.1
 20
665920.1
 10
-81841.1
 20
665628.4
 10
-82725.2
 20
665336.6
 10
-83609.4
 20
665044.4
 10
-84493.4
 20
664751.3
 10
-85377.1
 20
664457.0
 10
-86260.3
 20
664161.1
 10
-87142.8
 20
663863.1
 10
-88024.4
 20
663562.6
 10
-88905.0
 20
663259.3
 10
-89784.4
 20
662952.8
 10
-90662.4
 20
662642.6
 10
-91538.8
 20
662328.4
 10
-92413.5
 20
662009.7
 10
-93286.2
 20
661686.2
 10
-94156.8
 20
661357.5
 10
-95025.1
 20
661023.2
 10
-95891.0
 20
660682.8
 10
-96754.2
 20
660335.9
 10
-97614.5
 20
659982.3
 10
-98471.9
 20
659621.4
 10
-99326.1
 20
659252.9
 10
-100176.9
 20
658876.3
 10
-101024.2
 20
658491.3
 10
-101867.9
 20
658097.7
 10
-102707.9
 20
657695.4
 10
-103544.4
 20
657284.9
 10
-104377.5
 20
656866.2
 10
-105207.3
 20
656439.7
 10
-106033.9
 20
656005.6
 10
-106857.4
 20
655564.2
 10
-107677.9
 20
655115.6
 10
-108495.5
 20
654660.2
 10
-109310.3
 20
654198.1
 10
-110122.4
 20
653729.6
 10
-110931.9
 20
653255.0
 10
-111738.9
 20
652774.4
 10
-112543.5
 20
652288.2
 10
-113345.8
 20
651796.5
 10
-114146.0
 20
651299.6
 10
-114944.0
 20
650797.8
 10
-115740.0
 20
650291.3
 10
-116534.2
 20
649780.2
 10
-117326.5
 20
649265.0
 10
-118117.2
 20
648745.7
 10
-118906.2
 20
648222.7
 10
-119693.8
 20
647696.2
 10
-120480.0
 20
647166.4
 10
-121264.9
 20
646633.6
 10
-122048.7
 20
646097.9
 10
-122831.3
 20
645559.8
 10
-123612.9
 20
645019.3
 10
-124393.7
 20
644476.7
 10
-125173.7
 20
643932.3
 10
-125953.0
 20
643386.3
 10
-126731.7
 20
642839.0
 10
-127510.0
 20
642290.5
 10
-128287.9
 20
641741.2
 10
-129065.5
 20
641191.2
 10
-129842.9
 20
640640.9
 10
-130620.2
 20
640090.4
 10
-131397.6
 20
639539.9
 10
-132175.1
 20
638989.9
 10
-132952.8
 20
638440.4
 10
-133730.8
 20
637891.7
 10
-134509.3
 20
637344.0
 10
-135288.3
 20
636797.7
 10
-136067.9
 20
636252.8
 10
-136848.3
 20
635709.8
 10
-137629.5
 20
635168.7
 10
-138411.6
 20
634629.9
 10
-139194.7
 20
634093.7
 10
-139979.0
 20
633560.1
 10
-140764.6
 20
633029.5
 10
-141551.4
 20
632502.1
 10
-142339.7
 20
631978.2
 10
-143129.6
 20
631458.0
 10
-143921.0
 20
630941.7
 10
-144714.3
 20
630429.6
 10
-145509.3
 20
629921.9
 10
-146306.3
 20
629418.8
 10
-147105.3
 20
628920.7
 10
-147906.5
 20
628427.7
 10
-148710.0
 20
627940.0
 10
-149515.7
 20
627458.0
 10
-150323.9
 20
626981.9
 10
-151134.6
 20
626511.6
 10
-151947.7
 20
626047.0
 10
-152763.1
 20
625587.9
 10
-153580.8
 20
625134.2
 10
-154400.8
 20
624685.6
 10
-155222.9
 20
624242.0
 10
-156047.1
 20
623803.1
 10
-156873.3
 20
623368.9
 10
-157701.6
 20
622939.1
 10
-158531.7
 20
622513.6
 10
-159363.8
 20
622092.1
 10
-160197.6
 20
621674.4
 10
-161033.2
 20
621260.5
 10
-161870.5
 20
620850.1
 10
-162709.5
 20
620443.0
 10
-163549.9
 20
620039.1
 10
-164392.0
 20
619638.1
 10
-165235.4
 20
619239.9
 10
-166080.3
 20
618844.3
 10
-166926.4
 20
618451.1
 10
-167773.9
 20
618060.2
 10
-168622.5
 20
617671.3
 10
-169472.4
 20
617284.3
 10
-170323.3
 20
616898.9
 10
-171175.2
 20
616515.1
 10
-172028.1
 20
616132.6
 10
-172882.0
 20
615751.2
 10
-173736.7
 20
615370.8
 10
-174592.2
 20
614991.2
 10
-175448.4
 20
614612.1
 10
-176305.3
 20
614233.5
 10
-177162.8
 20
613855.1
 10
-178020.9
 20
613476.7
 10
-178879.5
 20
613098.2
 10
-179738.5
 20
612719.4
 10
-180597.9
 20
612340.1
 10
-181457.6
 20
611960.1
 10
-182317.5
 20
611579.2
 10
-183177.7
 20
611197.3
 10
-184038.0
 20
610814.2
 10
-184898.4
 20
610429.6
 10
-185758.8
 20
610043.5
 10
-186619.2
 20
609655.5
 10
-187479.4
 20
609265.6
 10
-188339.6
 20
608873.6
 10
-189199.5
 20
608479.2
 10
-190059.1
 20
608082.3
 10
-190918.4
 20
607682.8
 10
-191777.3
 20
607280.3
 10
-192635.7
 20
606874.8
 10
-193493.6
 20
606466.1
 10
-194351.0
 20
606054.0
 10
-195207.7
 20
605638.2
 10
-196063.7
 20
605218.7
 10
-196918.9
 20
604795.2
 10
-197773.4
 20
604367.5
 10
-198627.0
 20
603935.5
 10
-199479.6
 20
603499.0
 10
-200331.2
 20
603057.8
 10
-201181.8
 20
602611.7
 10
-202031.3
 20
602160.6
 10
-202879.6
 20
601704.2
 10
-203726.7
 20
601242.4
 10
-204572.5
 20
600774.9
 10
-205417.0
 20
600301.7
 10
-206260.0
 20
599822.5
  0
LWPOLYLINE
  5
57
330
17
100
AcDbEntity
  8
ISO_HALF
100
AcDbPolyline
 90
719
 70
0
 10
497904.0
 20
1068701.1
 10
496913.3
 20
1068673.7
 10
495923.8
 20
1068643.4
 10
494935.4
 20
1068610.3
 10
493948.2
 20
1068574.4
 10
492962.1
 20
1068535.7
 10
491977.2
 20
1068494.3
 10
490993.3
 20
1068450.2
 10
490010.6
 20
1068403.4
 10
489029.0
 20
1068354.1
 10
488048.4
 20
1068302.1
 10
487068.8
 20
1068247.5
 10
486090.3
 20
1068190.5
 10
485112.9
 20
1068130.9
 10
484136.4
 20
1068068.9
 10
483161.0
 20
1068004.5
 10
482186.5
 20
1067937.6
 10
481213.0
 20
1067868.5
 10
480240.5
 20
1067797.0
 10
479268.9
 20
1067723.2
 10
478298.2
 20
1067647.1
 10
477328.5
 20
1067568.9
 10
476359.6
 20
1067488.4
 10
475391.6
 20
1067405.8
 10
474424.5
 20
1067321.1
 10
473458.3
 20
1067234.3
 10
472492.9
 20
1067145.4
 10
471528.3
 20
1067054.5
 10
470564.6
 20
1066961.7
 10
469601.7
 20
1066866.9
 10
468639.5
 20
1066770.2
 10
467678.1
 20
1066671.6
 10
466717.5
 20
1066571.1
 10
465757.6
 20
1066468.9
 10
464798.5
 20
1066364.8
 10
463840.1
 20
1066259.1
 10
462882.4
 20
1066151.6
 10
461925.3
 20
1066042.4
 10
460969.0
 20
1065931.6
 10
460013.3
 20
1065819.2
 10
459058.3
 20
1065705.2
 10
458103.9
 20
1065589.7
 10
457150.1
 20
1065472.6
 10
456196.9
 20
1065354.1
 10
455244.3
 20
1065234.2
 10
454292.3
 20
1065112.8
 10
453340.9
 20
1064990.1
 10
452390.0
 20
1064866.0
 10
451439.7
 20
1064740.7
 10
450489.8
 20
1064614.1
 10
449540.5
 20
1064486.2
 10
448591.7
 20
1064357.1
 10
447643.3
 20
1064226.9
 10
446695.5
 20
1064095.6
 10
445748.0
 20
1063963.1
 10
444801.1
 20
1063829.6
 10
443854.5
 20
1063695.0
 10
442908.3
 20
1063559.5
 10
441962.6
 20
1063423.0
 10
441017.2
 20
1063285.5
 10
440072.2
 20
1063147.2
 10
439127.6
 20
1063008.0
 10
438183.3
 20
1062868.0
 10
437239.3
 20
1062727.1
 10
436295.6
 20
1062585.6
 10
435352.2
 20
1062443.3
 10
434409.1
 20
1062300.3
 10
433466.3
 20
1062156.6
 10
432523.8
 20
1062012.4
 10
431581.5
 20
1061867.5
 10
430639.4
 20
1061722.1
 10
429697.5
 20
1061576.2
 10
428755.8
 20
1061429.7
 10
427814.3
 20
1061282.9
 10
426873.0
 20
1061135.6
 10
425931.9
 20
1060987.9
 10
424990.9
 20
1060839.9
 10
424050.0
 20
1060691.5
 10
423109.2
 20
1060542.9
 10
422168.6
 20
1060394.0
 10
421228.0
 20
1060245.0
 10
420287.5
 20
1060095.7
 10
419347.1
 20
1059946.3
 10
418406.7
 20
1059796.7
 10
417466.3
 20
1059647.1
 10
416526.0
 20
1059497.5
 10
415585.7
 20
1059347.8
 10
414645.3
 20
1059198.2
 10
413705.0
 20
1059048.6
 10
412764.6
 20
1058899.1
 10
411824.1
 20
1058749.7
 10
410883.6
 20
1058600.5
 10
409943.0
 20
1058451.5
 10
409002.3
 20
1058302.7
 10
408061.5
 20
1058154.2
 10
407120.6
 20
1058006.0
 10
406179.5
 20
1057858.1
 10
405238.3
 20
1057710.5
 10
404297.0
 20
1057563.4
 10
403355.4
 20
1057416.7
 10
402413.7
 20
1057270.4
 10
401471.7
 20
1057124.7
 10
400529.6
 20
1056979.5
 10
399587.2
 20
1056834.8
 10
398644.5
 20
1056690.8
 10
397701.6
 20
1056547.3
 10
396758.5
 20
1056404.6
 10
395815.0
 20
1056262.6
 10
394871.2
 20
1056121.3
 10
393927.1
 20
1055980.7
 10
392982.7
 20
1055841.0
 10
392037.9
 20
1055702.1
 10
391092.8
 20
1055564.1
 10
390147.3
 20
1055427.0
 10
389201.4
 20
1055290.8
 10
388255.1
 20
1055155.6
 10
387308.4
 20
1055021.4
 10
386361.3
 20
1054888.3
 10
385413.7
 20
1054756.2
 10
384465.7
 20
1054625.3
 10
383517.2
 20
1054495.5
 10
382568.2
 20
1054366.8
 10
381618.7
 20
1054239.4
 10
380668.7
 20
1054113.2
 10
379718.2
 20
1053988.3
 10
378767.1
 20
1053864.8
 10
377815.5
 20
1053742.5
 10
376863.3
 20
1053621.7
 10
375910.5
 20
1053502.3
 10
374957.2
 20
1053384.3
 10
374003.2
 20
1053267.8
 10
373048.6
 20
1053152.8
 10
372093.3
 20
1053039.4
 10
371137.4
 20
1052927.5
 10
370180.8
 20
1052817.3
 10
369223.6
 20
1052708.8
 10
368265.6
 20
1052601.9
 10
367307.0
 20
1052496.7
 10
366347.6
 20
1052393.3
 10
365387.5
 20
1052291.7
 10
364426.6
 20
1052192.0
 10
363465.0
 20
1052094.0
 10
362502.6
 20
1051998.0
 10
361539.4
 20
1051903.9
 10
360575.3
 20
1051811.8
 10
359610.5
 20
1051721.6
 10
358644.8
 20
1051633.5
 10
357678.3
 20
1051547.4
 10
356710.9
 20
1051463.5
 10
355742.7
 20
1051381.6
 10
354773.5
 20
1051302.0
 10
353803.5
 20
1051224.5
 10
352832.5
 20
1051149.3
 10
351860.6
 20
1051076.3
 10
350887.7
 20
1051005.6
 10
349913.9
 20
1050937.3
 10
348939.1
 20
1050871.3
 10
347963.3
 20
1050807.8
 10
346986.5
 20
1050746.6
 10
346008.7
 20
1050688.0
 10
345029.9
 20
1050631.8
 10
344050.0
 20
1050578.2
 10
343069.1
 20
1050527.1
 10
342087.1
 20
1050478.7
 10
341104.0
 20
1050432.9
 10
340119.8
 20
1050389.8
 10
339134.4
 20
1050349.4
 10
338148.0
 20
1050311.7
 10
337160.4
 20
1050276.8
 10
336171.7
 20
1050244.7
 10
335181.8
 20
1050215.3
 10
334190.9
 20
1050188.5
 10
333198.9
 20
1050164.3
 10
332205.9
 20
1050142.5
 10
331212.0
 20
1050123.0
 10
330217.1
 20
1050105.8
 10
329221.4
 20
1050090.7
 10
328224.8
 20
1050077.6
 10
327227.4
 20
1050066.5
 10
326229.3
 20
1050057.3
 10
325230.4
 20
1050049.8
 10
324230.9
 20
1050043.9
 10
323230.7
 20
1050039.6
 10
322229.9
 20
1050036.8
 10
321228.6
 20
1050035.4
 10
320226.8
 20
1050035.2
 10
319224.4
 20
1050036.2
 10
318221.7
 20
1050038.3
 10
317218.5
 20
1050041.3
 10
316215.0
 20
1050045.2
 10
315211.1
 20
1050050.0
 10
314207.0
 20
1050055.4
 10
313202.6
 20
1050061.4
 10
312198.1
 20
1050067.9
 10
311193.3
 20
1050074.8
 10
310188.5
 20
1050082.0
 10
309183.6
 20
1050089.4
 10
308178.6
 20
1050097.0
 10
307173.7
 20
1050104.5
 10
306168.7
 20
1050112.0
 10
305163.9
 20
1050119.3
 10
304159.2
 20
1050126.3
 10
303154.7
 20
1050132.9
 10
302150.3
 20
1050139.1
 10
301146.2
 20
1050144.7
 10
300142.4
 20
1050149.6
 10
299138.9
 20
1050153.8
 10
298135.7
 20
1050157.1
 10
297133.0
 20
1050159.5
 10
296130.7
 20
1050160.9
 10
295128.9
 20
1050161.0
 10
294127.6
 20
1050160.0
 10
293126.9
 20
1050157.6
 10
292126.8
 20
1050153.8
 10
291127.3
 20
1050148.4
 10
290128.5
 20
1050141.4
 10
289130.4
 20
1050132.7
 10
288133.1
 20
1050122.2
 10
287136.6
 20
1050109.7
 10
286140.9
 20
1050095.2
 10
285146.1
 20
1050078.7
 10
284152.3
 20
1050059.9
 10
283159.4
 20
1050038.8
 10
282167.5
 20
1050015.3
 10
281176.6
 20
1049989.3
 10
280186.9
 20
1049960.7
 10
279198.2
 20
1049929.4
 10
278210.7
 20
1049895.4
 10
277224.5
 20
1049858.4
 10
276239.4
 20
1049818.5
 10
275255.7
 20
1049775.5
 10
274273.2
 20
1049729.3
 10
273292.2
 20
1049679.9
 10
272312.5
 20
1049627.1
 10
271334.3
 20
1049570.8
 10
270357.6
 20
1049510.9
 10
269382.4
 20
1049447.4
 10
268408.7
 20
1049380.2
 10
267436.7
 20
1049309.1
 10
266466.3
 20
1049234.0
 10
265497.6
 20
1049154.9
 10
264530.6
 20
1049071.7
 10
263565.4
 20
1048984.2
 10
262601.9
 20
1048892.4
 10
261640.4
 20
1048796.2
 10
260680.7
 20
1048695.4
 10
259722.9
 20
1048590.1
 10
258767.1
 20
1048480.0
 10
257813.3
 20
1048365.0
 10
256861.6
 20
1048245.2
 10
255911.9
 20
1048120.4
 10
254964.3
 20
1047990.4
 10
254018.9
 20
1047855.3
 10
253075.6
 20
1047715.0
 10
252134.5
 20
1047569.3
 10
251195.6
 20
1047418.2
 10
250259.0
 20
1047261.7
 10
249324.5
 20
1047099.5
 10
248392.4
 20
1046931.7
 10
247462.6
 20
1046758.2
 10
246535.0
 20
1046578.9
 10
245609.9
 20
1046393.7
 10
244687.1
 20
1046202.5
 10
243766.7
 20
1046005.2
 10
242848.7
 20
1045801.9
 10
241933.1
 20
1045592.3
 10
241020.1
 20
1045376.4
 10
240109.5
 20
1045154.2
 10
239201.4
 20
1044925.5
 10
238295.9
 20
1044690.3
 10
237393.0
 20
1044448.4
 10
236492.6
 20
1044199.9
 10
235594.8
 20
1043944.6
 10
234699.7
 20
1043682.5
 10
233807.3
 20
1043413.4
 10
232917.5
 20
1043137.3
 10
232030.4
 20
1042854.1
 10
231146.1
 20
1042563.7
 10
230264.5
 20
1042266.1
 10
229385.7
 20
1041961.2
 10
228509.7
 20
1041648.8
 10
227636.6
 20
1041329.0
 10
226766.3
 20
1041001.5
 10
225898.9
 20
1040666.5
 10
225034.3
 20
1040323.7
 10
224172.7
 20
1039973.0
 10
223314.1
 20
1039614.5
 10
222458.4
 20
1039248.0
 10
221605.8
 20
1038873.4
 10
220756.1
 20
1038490.8
 10
219909.5
 20
1038099.8
 10
219066.0
 20
1037700.6
 10
218225.5
 20
1037293.1
 10
217388.2
 20
1036877.0
 10
216554.0
 20
1036452.5
 10
215723.0
 20
1036019.3
 10
214895.3
 20
1035577.5
 10
214071.1
 20
1035127.3
 10
213250.5
 20
1034668.5
 10
212433.6
 20
1034201.4
 10
211620.7
 20
1033725.9
 10
210811.9
 20
1033242.1
 10
210007.3
 20
1032750.1
 10
209207.1
 20
1032249.8
 10
208411.4
 20
1031741.5
 10
207620.4
 20
1031225.1
 10
206834.3
 20
1030700.7
 10
206053.2
 20
1030168.4
 10
205277.3
 20
1029628.1
 10
204506.7
 20
1029080.0
 10
203741.6
 20
1028524.2
 10
202982.1
 20
1027960.6
 10
202228.4
 20
1027389.3
 10
201480.7
 20
1026810.5
 10
200739.1
 20
1026224.1
 10
200003.7
 20
1025630.2
 10
199274.7
 20
1025028.8
 10
198552.3
 20
1024420.1
 10
197836.7
 20
1023804.1
 10
197127.9
 20
1023180.8
 10
196426.2
 20
1022550.2
 10
195731.6
 20
1021912.6
 10
195044.4
 20
1021267.8
 10
194364.7
 20
1020616.0
 10
193692.7
 20
1019957.3
 10
193028.4
 20
1019291.6
 10
192372.2
 20
1018619.0
 10
191724.1
 20
1017939.7
 10
191084.2
 20
1017253.6
 10
190452.8
 20
1016560.8
 10
189830.0
 20
1015861.3
 10
189215.9
 20
1015155.3
 10
188610.8
 20
1014442.8
 10
188014.6
 20
1013723.8
 10
187427.8
 20
1012998.4
 10
186850.2
 20
1012266.6
 10
186282.3
 20
1011528.6
 10
185723.9
 20
1010784.3
 10
185175.5
 20
1010033.8
 10
184637.0
 20
1009277.2
 10
184108.7
 20
1008514.6
 10
183590.6
 20
1007745.9
 10
183083.1
 20
1006971.3
 10
182586.1
 20
1006190.9
 10
182100.0
 20
1005404.5
 10
181624.7
 20
1004612.4
 10
181160.3
 20
1003814.6
 10
180706.6
 20
1003011.3
 10
180263.3
 20
1002202.6
 10
179830.0
 20
1001388.7
 10
179406.6
 20
1000569.6
 10
178992.7
 20
999745.7
 10
178588.1
 20
998916.9
 10
178192.4
 20
998083.5
 10
177805.5
 20
997245.6
 10
177427.1
 20
996403.4
 10
177056.8
 20
995557.0
 10
176694.4
 20
994706.5
 10
176339.6
 20
993852.1
 10
175992.2
 20
992994.0
 10
175651.8
 20
992132.3
 10
175318.3
 20
991267.1
 10
174991.2
 20
990398.7
 10
174670.4
 20
989527.1
 10
174355.6
 20
988652.5
 10
174046.5
 20
987775.0
 10
173742.9
 20
986894.8
 10
173444.3
 20
986012.1
 10
173150.7
 20
985127.0
 10
172861.6
 20
984239.6
 10
172576.9
 20
983350.1
 10
172296.2
 20
982458.7
 10
172019.4
 20
981565.4
 10
171746.0
 20
980670.5
 10
171475.8
 20
979774.1
 10
171208.6
 20
978876.3
 10
170944.1
 20
977977.4
 10
170682.0
 20
977077.3
 10
170422.1
 20
976176.3
 10
170163.9
 20
975274.6
 10
169907.4
 20
974372.3
 10
169652.2
 20
973469.5
 10
169398.0
 20
972566.3
 10
169144.6
 20
971663.1
 10
168891.7
 20
970759.7
 10
168638.9
 20
969856.6
 10
168386.1
 20
968953.7
 10
168133.0
 20
968051.2
 10
167879.3
 20
967149.3
 10
167624.7
 20
966248.1
 10
167368.9
 20
965347.8
 10
167111.7
 20
964448.6
 10
166852.9
 20
963550.4
 10
166592.7
 20
962653.2
 10
166330.9
 20
961757.1
 10
166067.6
 20
960862.0
 10
165802.8
 20
959967.9
 10
165536.4
 20
959074.9
 10
165268.4
 20
958182.8
 10
164998.9
 20
957291.8
 10
164727.8
 20
956401.7
 10
164455.1
 20
955512.7
 10
164180.9
 20
954624.6
 10
163905.0
 20
953737.5
 10
163627.6
 20
952851.3
 10
163348.5
 20
951966.1
 10
163067.8
 20
951081.8
 10
162785.6
 20
950198.4
 10
162501.6
 20
949316.0
 10
162216.1
 20
948434.4
 10
161928.9
 20
947553.8
 10
161640.1
 20
946674.1
 10
161349.6
 20
945795.2
 10
161057.4
 20
944917.3
 10
160763.6
 20
944040.2
 10
160468.1
 20
943163.9
 10
160170.9
 20
942288.6
 10
159872.1
 20
941414.0
 10
159571.5
 20
940540.3
 10
159269.3
 20
939667.4
 10
158965.3
 20
938795.4
 10
158659.6
 20
937924.1
 10
158352.2
 20
937053.6
 10
158043.0
 20
936184.0
 10
157732.2
 20
935315.1
 10
157419.5
 20
934447.0
 10
157105.2
 20
933579.6
 10
156789.0
 20
932713.0
 10
156471.1
 20
931847.2
 10
156151.5
 20
930982.1
 10
155830.0
 20
930117.7
 10
155506.8
 20
929254.0
 10
155181.8
 20
928391.1
 10
154854.9
 20
927528.8
 10
154526.3
 20
926667.3
 10
154195.9
 20
925806.4
 10
153863.6
 20
924946.2
 10
153529.5
 20
924086.7
 10
153193.7
 20
923227.8
 10
152856.1
 20
922369.6
 10
152516.8
 20
921512.0
 10
152175.9
 20
920655.0
 10
151833.3
 20
919798.6
 10
151489.1
 20
918942.8
 10
151143.3
 20
918087.6
 10
150796.0
 20
917233.0
 10
150447.2
 20
916378.8
 10
150097.0
 20
915525.3
 10
149745.3
 20
914672.2
 10
149392.2
 20
913819.6
 10
149037.7
 20
912967.6
 10
148681.9
 20
912116.0
 10
148324.8
 20
911264.9
 10
147966.4
 20
910414.3
 10
147606.8
 20
909564.1
 10
147246.0
 20
908714.3
 10
146884.0
 20
907864.9
 10
146520.9
 20
907016.0
 10
146156.7
 20
906167.4
 10
145791.4
 20
905319.2
 10
145425.1
 20
904471.4
 10
145057.8
 20
903623.9
 10
144689.5
 20
902776.8
 10
144320.3
 20
901930.0
 10
143950.3
 20
901083.5
 10
143579.3
 20
900237.3
 10
143207.5
 20
899391.4
 10
142834.9
 20
898545.7
 10
142461.6
 20
897700.4
 10
142087.5
 20
896855.2
 10
141712.7
 20
896010.3
 10
141337.3
 20
895165.6
 10
140961.2
 20
894321.2
 10
140584.6
 20
893476.9
 10
140207.4
 20
892632.8
 10
139829.6
 20
891788.9
 10
139451.4
 20
890945.1
 10
139072.7
 20
890101.4
 10
138693.5
 20
889257.9
 10
138314.0
 20
888414.5
 10
137934.1
 20
887571.2
 10
137553.9
 20
886728.0
 10
137173.4
 20
885884.9
 10
136792.7
 20
885041.8
 10
136411.7
 20
884198.8
 10
136030.5
 20
883355.8
 10
135649.2
 20
882512.9
 10
135267.7
 20
881669.9
 10
134886.2
 20
880827.0
 10
134504.6
 20
879984.0
 10
134122.9
 20
879141.0
 10
133741.3
 20
878298.0
 10
133359.7
 20
877454.9
 10
132978.2
 20
876611.7
 10
132596.9
 20
875768.4
 10
132215.6
 20
874925.1
 10
131834.6
 20
874081.7
 10
131453.7
 20
873238.1
 10
131073.1
 20
872394.4
 10
130692.8
 20
871550.5
 10
130312.8
 20
870706.5
 10
129933.1
 20
869862.3
 10
129553.8
 20
869017.9
 10
129174.9
 20
868173.4
 10
128796.5
 20
867328.6
 10
128418.5
 20
866483.5
 10
128041.1
 20
865638.3
 10
127664.2
 20
864792.8
 10
127287.9
 20
863947.0
 10
126912.2
 20
863100.9
 10
126537.2
 20
862254.6
 10
126162.8
 20
861407.9
 10
125789.2
 20
860561.0
 10
125416.3
 20
859713.7
 10
125044.2
 20
858866.0
 10
124672.9
 20
858018.0
 10
124302.4
 20
857169.6
 10
123932.9
 20
856320.9
 10
123564.2
 20
855471.7
 10
123196.5
 20
854622.2
 10
122829.8
 20
853772.2
 10
122464.1
 20
852921.8
 10
122099.5
 20
852070.9
 10
121735.9
 20
851219.5
 10
121373.5
 20
850367.7
 10
121012.2
 20
849515.4
 10
120652.1
 20
848662.6
 10
120293.2
 20
847809.3
 10
119935.6
 20
846955.4
 10
119579.3
 20
846101.1
 10
119224.2
 20
845246.1
 10
118870.4
 20
844390.7
 10
118517.7
 20
843534.8
 10
118166.1
 20
842678.5
 10
117815.5
 20
841821.8
 10
117465.7
 20
840964.7
 10
117116.9
 20
840107.3
 10
116768.7
 20
839249.6
 10
116421.3
 20
838391.7
 10
116074.5
 20
837533.7
 10
115728.2
 20
836675.4
 10
115382.4
 20
835817.0
 10
115037.0
 20
834958.5
 10
114691.8
 20
834100.0
 10
114346.9
 20
833241.5
 10
114002.2
 20
832383.0
 10
113657.5
 20
831524.5
 10
113312.9
 20
830666.2
 10
112968.2
 20
829808.0
 10
112623.3
 20
828950.0
 10
112278.3
 20
828092.2
 10
111932.9
 20
827234.6
 10
111587.1
 20
826377.4
 10
111240.9
 20
825520.5
 10
110894.2
 20
824663.9
 10
110546.9
 20
823807.8
 10
110198.9
 20
822952.1
 10
109850.2
 20
822096.8
 10
109500.6
 20
821242.1
 10
109150.2
 20
820388.0
 10
108798.7
 20
819534.4
 10
108446.2
 20
818681.5
 10
108092.6
 20
817829.3
 10
107737.8
 20
816977.7
 10
107381.7
 20
816126.9
 10
107024.3
 20
815276.9
 10
106665.4
 20
814427.8
 10
106305.0
 20
813579.4
 10
105943.0
 20
812732.0
 10
105579.4
 20
811885.5
 10
105214.0
 20
811040.0
 10
104846.8
 20
810195.5
 10
104477.8
 20
809352.1
 10
104106.8
 20
808509.7
 10
103733.7
 20
807668.5
 10
103358.6
 20
806828.4
 10
102981.2
 20
805989.6
 10
102601.1
 20
805152.1
 10
102217.9
 20
804316.1
 10
101831.2
 20
803481.9
 10
101440.5
 20
802649.5
 10
101045.5
 20
801819.1
 10
100645.6
 20
800990.8
 10
100240.4
 20
800164.9
 10
99829.6
 20
799341.5
 10
99412.6
 20
798520.7
 10
98989.0
 20
797702.7
 10
98558.4
 20
796887.6
 10
98120.4
 20
796075.7
 10
97674.5
 20
795267.0
 10
97220.3
 20
794461.7
 10
96757.3
 20
793660.0
 10
96285.2
 20
792862.1
 10
95803.5
 20
792068.1
 10
95311.7
 20
791278.1
 10
94809.4
 20
790492.4
 10
94296.2
 20
789711.0
 10
93771.6
 20
788934.1
 10
93235.3
 20
788162.0
 10
92686.7
 20
787394.7
 10
92125.7
 20
786632.3
 10
91552.7
 20
785874.5
 10
90968.2
 20
785121.2
 10
90372.7
 20
784372.0
 10
89766.7
 20
783626.6
 10
89150.7
 20
782884.8
 10
88525.2
 20
782146.4
 10
87890.7
 20
781411.0
 10
87247.7
 20
780678.4
 10
86596.7
 20
779948.3
 10
85938.3
 20
779220.5
 10
85272.8
 20
778494.6
 10
84600.9
 20
777770.4
 10
83923.1
 20
777047.7
 10
83239.7
 20
776326.2
 10
82551.4
 20
775605.5
 10
81858.6
 20
774885.5
 10
81161.8
 20
774165.8
 10
80461.6
 20
773446.2
 10
79758.4
 20
772726.4
 10
79052.8
 20
772006.2
 10
78345.2
 20
771285.3
 10
77636.2
 20
770563.4
 10
76926.2
 20
769840.2
 10
76215.7
 20
769115.5
 10
75505.4
 20
768389.0
 10
74795.6
 20
767660.5
 10
74086.8
 20
766929.6
 10
73379.3
 20
766196.4
 10
72673.0
 20
765461.6
 10
71967.6
 20
764725.7
 10
71262.7
 20
763989.4
 10
70558.3
 20
763253.4
 10
69854.0
 20
762518.3
 10
69149.6
 20
761784.8
 10
68444.8
 20
761053.6
 10
67739.5
 20
760325.3
 10
67033.4
 20
759600.5
 10
66326.2
 20
758879.9
 10
65617.7
 20
758164.2
 10
64907.6
 20
757454.0
 10
64195.7
 20
756750.0
 10
63481.8
 20
756052.8
 10
62765.6
 20
755363.1
 10
62046.9
 20
754681.6
 10
61325.5
 20
754008.8
 10
60601.0
 20
753345.5
 10
59873.3
 20
752692.3
 10
59142.0
 20
752049.9
 10
58407.1
 20
751418.8
 10
57668.2
 20
750799.9
 10
56925.0
 20
750193.7
 10
56177.4
 20
749600.8
 10
55425.1
 20
749022.1
 10
54667.9
 20
748458.0
 10
53905.4
 20
747909.1
 10
53137.7
 20
747375.9
 10
52364.4
 20
746858.3
 10
51585.5
 20
746356.5
 10
50800.8
 20
745870.6
 10
50010.1
 20
745400.7
 10
49213.4
 20
744947.0
 10
48410.5
 20
744509.6
 10
47601.2
 20
744088.6
 10
46785.3
 20
743684.1
 10
45962.8
 20
743296.3
 10
45133.5
 20
742925.2
 10
44297.3
 20
742571.1
 10
43453.9
 20
742234.0
 10
42603.2
 20
741914.1
 10
41745.2
 20
741611.4
 10
40879.6
 20
741326.1
 10
40006.3
 20
741058.4
 10
39125.2
 20
740808.3
 10
38236.1
 20
740576.0
 10
37338.8
 20
740361.6
 10
36433.3
 20
740165.2
 10
35519.3
 20
739987.0
 10
34596.8
 20
739826.9
 10
33666.0
 20
739684.5
 10
32727.3
 20
739558.9
 10
31781.0
 20
739449.1
 10
30827.5
 20
739354.5
 10
29867.3
 20
739273.9
 10
28900.6
 20
739206.7
 10
27927.9
 20
739151.9
 10
26949.6
 20
739108.7
 10
25966.1
 20
739076.2
 10
24977.7
 20
739053.5
 10
23984.7
 20
739039.8
 10
22987.7
 20
739034.1
 10
21987.0
 20
739035.7
 10
20982.9
 20
739043.7
 10
19975.9
 20
739057.1
 10
18966.3
 20
739075.2
 10
17954.6
 20
739097.0
 10
16941.0
 20
739121.7
 10
15926.0
 20
739148.5
 10
14910.0
 20
739176.4
 10
13893.3
 20
739204.6
 10
12876.4
 20
739232.2
 10
11859.6
 20
739258.3
 10
10843.2
 20
739282.1
 10
9827.8
 20
739302.8
 10
8813.6
 20
739319.4
 10
7801.1
 20
739331.1
 10
6790.6
 20
739336.9
 10
5782.5
 20
739336.2
 10
4777.2
 20
739327.9
 10
3775.1
 20
739311.2
 10
2776.6
 20
739285.3
 10
1782.0
 20
739249.2
 10
791.8
 20
739202.1
 10
-193.8
 20
739143.2
 10
-1174.2
 20
739071.6
 10
-2149.2
 20
738986.3
 10
-3118.3
 20
738886.6
 10
-4081.1
 20
738771.6
 10
-5037.3
 20
738640.3
  0
LWPOLYLINE
  5
58
330
17
100
AcDbEntity
  8
ISO_HALF
100
AcDbPolyline
 90
769
 70
0
 10
497701.7
 20
1168787.2
 10
496817.8
 20
1168349.2
 10
495931.6
 20
1167923.5
 10
495043.0
 20
1167509.8
 10
494152.2
 20
1167107.9
 10
493259.1
 20
1166717.9
 10
492363.9
 20
1166339.4
 10
491466.4
 20
1165972.4
 10
490566.8
 20
1165616.7
 10
489665.1
 20
1165272.2
 10
488761.2
 20
1164938.7
 10
487855.3
 20
1164616.0
 10
486947.4
 20
1164304.0
 10
486037.4
 20
1164002.6
 10
485125.5
 20
1163711.6
 10
484211.6
 20
1163430.9
 10
483295.7
 20
1163160.3
 10
482378.0
 20
1162899.7
 10
481458.4
 20
1162648.9
 10
480537.0
 20
1162407.7
 10
479613.8
 20
1162176.1
 10
478688.7
 20
1161953.8
 10
477762.0
 20
1161740.8
 10
476833.5
 20
1161536.8
 10
475903.3
 20
1161341.8
 10
474971.4
 20
1161155.6
 10
474037.9
 20
1160977.9
 10
473102.8
 20
1160808.8
 10
472166.1
 20
1160648.0
 10
471227.8
 20
1160495.3
 10
470288.0
 20
1160350.8
 10
469346.8
 20
1160214.0
 10
468404.0
 20
1160085.1
 10
467459.8
 20
1159963.7
 10
466514.3
 20
1159849.7
 10
465567.3
 20
1159743.1
 10
464619.0
 20
1159643.6
 10
463669.3
 20
1159551.1
 10
462718.4
 20
1159465.4
 10
461766.2
 20
1159386.4
 10
460812.7
 20
1159314.0
 10
459858.1
 20
1159247.9
 10
458902.2
 20
1159188.2
 10
457945.3
 20
1159134.5
 10
456987.2
 20
1159086.8
 10
456028.0
 20
1159044.8
 10
455067.7
 20
1159008.6
 10
454106.4
 20
1158977.8
 10
453144.1
 20
1158952.4
 10
452180.8
 20
1158932.2
 10
451216.5
 20
1158917.1
 10
450251.4
 20
1158906.8
 10
449285.3
 20
1158901.4
 10
448318.4
 20
1158900.5
 10
447350.6
 20
1158904.1
 10
446382.0
 20
1158912.1
 10
445412.7
 20
1158924.2
 10
444442.6
 20
1158940.3
 10
443471.8
 20
1158960.3
 10
442500.3
 20
1158984.0
 10
441528.1
 20
1159011.3
 10
440555.3
 20
1159042.0
 10
439581.9
 20
1159076.0
 10
438607.9
 20
1159113.1
 10
437633.3
 20
1159153.2
 10
436658.2
 20
1159196.1
 10
435682.7
 20
1159241.7
 10
434706.7
 20
1159289.8
 10
433730.2
 20
1159340.4
 10
432753.3
 20
1159393.1
 10
431776.1
 20
1159447.9
 10
430798.5
 20
1159504.7
 10
429820.6
 20
1159563.3
 10
428842.4
 20
1159623.5
 10
427863.9
 20
1159685.2
 10
426885.2
 20
1159748.2
 10
425906.3
 20
1159812.5
 10
424927.3
 20
1159877.7
 10
423948.0
 20
1159943.9
 10
422968.7
 20
1160010.8
 10
421989.2
 20
1160078.4
 10
421009.7
 20
1160146.3
 10
420030.2
 20
1160214.6
 10
419050.7
 20
1160283.0
 10
418071.2
 20
1160351.5
 10
417091.7
 20
1160419.8
 10
416112.3
 20
1160487.8
 10
415133.1
 20
1160555.3
 10
414153.9
 20
1160622.3
 10
413175.0
 20
1160688.5
 10
412196.2
 20
1160753.8
 10
411217.7
 20
1160818.1
 10
410239.4
 20
1160881.3
 10
409261.3
 20
1160943.1
 10
408283.5
 20
1161003.8
 10
407305.8
 20
1161063.3
 10
406328.3
 20
1161121.5
 10
405350.9
 20
1161178.5
 10
404373.6
 20
1161234.3
 10
403396.4
 20
1161288.8
 10
402419.2
 20
1161342.2
 10
401442.0
 20
1161394.3
 10
400464.8
 20
1161445.3
 10
399487.5
 20
1161495.0
 10
398510.2
 20
1161543.5
 10
397532.7
 20
1161590.7
 10
396555.1
 20
1161636.8
 10
395577.3
 20
1161681.7
 10
394599.4
 20
1161725.4
 10
393621.1
 20
1161767.8
 10
392642.7
 20
1161809.1
 10
391663.9
 20
1161849.1
 10
390684.8
 20
1161888.0
 10
389705.4
 20
1161925.6
 10
388725.6
 20
1161962.1
 10
387745.4
 20
1161997.4
 10
386764.7
 20
1162031.4
 10
385783.6
 20
1162064.3
 10
384802.0
 20
1162096.0
 10
383819.8
 20
1162126.5
 10
382837.1
 20
1162155.8
 10
381853.9
 20
1162183.9
 10
380870.0
 20
1162210.8
 10
379885.4
 20
1162236.6
 10
378900.2
 20
1162261.1
 10
377914.3
 20
1162284.5
 10
376927.6
 20
1162306.7
 10
375940.2
 20
1162327.7
 10
374952.0
 20
1162347.6
 10
373963.0
 20
1162366.2
 10
372973.1
 20
1162383.7
 10
371982.4
 20
1162400.0
 10
370990.7
 20
1162415.2
 10
369998.1
 20
1162429.2
 10
369004.5
 20
1162442.0
 10
368010.0
 20
1162453.6
 10
367014.4
 20
1162464.1
 10
366017.8
 20
1162473.4
 10
365020.2
 20
1162481.5
 10
364021.6
 20
1162488.5
 10
363022.2
 20
1162494.4
 10
362022.0
 20
1162499.1
 10
361021.0
 20
1162502.7
 10
360019.2
 20
1162505.3
 10
359016.7
 20
1162506.7
 10
358013.6
 20
1162507.0
 10
357009.9
 20
1162506.2
 10
356005.6
 20
1162504.4
 10
355000.8
 20
1162501.5
 10
353995.6
 20
1162497.5
 10
352989.9
 20
1162492.5
 10
351983.8
 20
1162486.4
 10
350977.5
 20
1162479.3
 10
349970.8
 20
1162471.2
 10
348963.9
 20
1162462.1
 10
347956.9
 20
1162451.9
 10
346949.7
 20
1162440.8
 10
345942.4
 20
1162428.7
 10
344935.0
 20
1162415.5
 10
343927.7
 20
1162401.5
 10
342920.4
 20
1162386.4
 10
341913.2
 20
1162370.4
 10
340906.2
 20
1162353.5
 10
339899.3
 20
1162335.6
 10
338892.7
 20
1162316.8
 10
337886.3
 20
1162297.0
 10
336880.3
 20
1162276.4
 10
335874.6
 20
1162254.8
 10
334869.4
 20
1162232.4
 10
333864.6
 20
1162209.1
 10
332860.4
 20
1162184.9
 10
331856.7
 20
1162159.8
 10
330853.6
 20
1162133.8
 10
329851.1
 20
1162107.1
 10
328849.4
 20
1162079.4
 10
327848.4
 20
1162051.0
 10
326848.2
 20
1162021.7
 10
325848.8
 20
1161991.6
 10
324850.4
 20
1161960.7
 10
323852.8
 20
1161928.9
 10
322856.3
 20
1161896.4
 10
321860.7
 20
1161862.9
 10
320866.2
 20
1161828.2
 10
319872.8
 20
1161792.4
 10
318880.6
 20
1161755.2
 10
317889.5
 20
1161716.4
 10
316899.7
 20
1161676.0
 10
315911.2
 20
1161633.8
 10
314923.9
 20
1161589.7
 10
313938.0
 20
1161543.5
 10
312953.5
 20
1161495.1
 10
311970.5
 20
1161444.4
 10
310988.9
 20
1161391.2
 10
310008.8
 20
1161335.4
 10
309030.3
 20
1161276.8
 10
308053.4
 20
1161215.3
 10
307078.2
 20
1161150.8
 10
306104.6
 20
1161083.1
 10
305132.8
 20
1161012.2
 10
304162.7
 20
1160937.7
 10
303194.5
 20
1160859.7
 10
302228.1
 20
1160778.0
 10
301263.6
 20
1160692.5
 10
300301.0
 20
1160602.9
 10
299340.5
 20
1160509.2
 10
298381.9
 20
1160411.2
 10
297425.4
 20
1160308.9
 10
296471.0
 20
1160201.9
 10
295518.8
 20
1160090.3
 10
294568.7
 20
1159973.9
 10
293620.9
 20
1159852.6
 10
292675.4
 20
1159726.1
 10
291732.1
 20
1159594.4
 10
290791.3
 20
1159457.3
 10
289852.8
 20
1159314.7
 10
288916.7
 20
1159166.5
 10
287983.2
 20
1159012.5
 10
287052.2
 20
1158852.5
 10
286123.7
 20
1158686.5
 10
285197.8
 20
1158514.4
 10
284274.6
 20
1158335.8
 10
283354.1
 20
1158150.8
 10
282436.3
 20
1157959.2
 10
281521.3
 20
1157760.9
 10
280609.1
 20
1157555.6
 10
279699.7
 20
1157343.4
 10
278793.2
 20
1157124.2
 10
277889.4
 20
1156898.3
 10
276988.2
 20
1156665.8
 10
276089.5
 20
1156427.2
 10
275193.1
 20
1156182.5
 10
274299.1
 20
1155932.1
 10
273407.2
 20
1155676.2
 10
272517.5
 20
1155414.9
 10
271629.6
 20
1155148.6
 10
270743.7
 20
1154877.5
 10
269859.4
 20
1154601.8
 10
268976.9
 20
1154321.8
 10
268095.8
 20
1154037.7
 10
267216.2
 20
1153749.7
 10
266337.9
 20
1153458.0
 10
265460.8
 20
1153163.0
 10
264584.9
 20
1152864.9
 10
263709.9
 20
1152563.8
 10
262835.8
 20
1152260.0
 10
261962.5
 20
1151953.8
 10
261089.9
 20
1151645.5
 10
260217.9
 20
1151335.1
 10
259346.3
 20
1151023.0
 10
258475.1
 20
1150709.5
 10
257604.2
 20
1150394.7
 10
256733.4
 20
1150078.8
 10
255862.6
 20
1149762.2
 10
254991.8
 20
1149445.1
 10
254120.8
 20
1149127.7
 10
253249.5
 20
1148810.2
 10
252377.8
 20
1148492.9
 10
251505.6
 20
1148176.0
 10
250632.9
 20
1147859.8
 10
249759.4
 20
1147544.5
 10
248885.1
 20
1147230.3
 10
248009.9
 20
1146917.4
 10
247133.6
 20
1146606.2
 10
246256.2
 20
1146296.8
 10
245377.6
 20
1145989.5
 10
244497.6
 20
1145684.5
 10
243616.2
 20
1145382.1
 10
242733.2
 20
1145082.5
 10
241848.5
 20
1144785.9
 10
240962.0
 20
1144492.5
 10
240073.7
 20
1144202.7
 10
239183.4
 20
1143916.7
 10
238290.9
 20
1143634.6
 10
237396.3
 20
1143356.7
 10
236499.4
 20
1143083.2
 10
235600.3
 20
1142813.9
 10
234699.2
 20
1142548.5
 10
233796.2
 20
1142286.9
 10
232891.5
 20
1142028.7
 10
231985.0
 20
1141773.8
 10
231077.1
 20
1141522.0
 10
230167.7
 20
1141272.9
 10
229257.1
 20
1141026.4
 10
228345.4
 20
1140782.2
 10
227432.6
 20
1140540.1
 10
226519.0
 20
1140300.0
 10
225604.6
 20
1140061.4
 10
224689.5
 20
1139824.3
 10
223774.0
 20
1139588.3
 10
222858.1
 20
1139353.3
 10
221942.0
 20
1139119.0
 10
221025.7
 20
1138885.2
 10
220109.4
 20
1138651.6
 10
219193.3
 20
1138418.1
 10
218277.5
 20
1138184.4
 10
217362.0
 20
1137950.2
 10
216447.1
 20
1137715.4
 10
215532.8
 20
1137479.6
 10
214619.3
 20
1137242.8
 10
213706.7
 20
1137004.5
 10
212795.1
 20
1136764.7
 10
211884.7
 20
1136523.1
 10
210975.6
 20
1136279.3
 10
210067.9
 20
1136033.4
 10
209161.8
 20
1135784.8
 10
208257.3
 20
1135533.6
 10
207354.6
 20
1135279.4
 10
206453.8
 20
1135021.9
 10
205555.1
 20
1134761.0
 10
204658.6
 20
1134496.5
 10
203764.4
 20
1134228.0
 10
202872.7
 20
1133955.4
 10
201983.5
 20
1133678.4
 10
201097.0
 20
1133396.9
 10
200213.3
 20
1133110.5
 10
199332.5
 20
1132819.0
 10
198454.9
 20
1132522.3
 10
197580.4
 20
1132220.0
 10
196709.3
 20
1131912.0
 10
195841.7
 20
1131598.0
 10
194977.6
 20
1131277.8
 10
194117.3
 20
1130951.1
 10
193260.8
 20
1130617.8
 10
192408.1
 20
1130277.7
 10
191559.3
 20
1129931.0
 10
190714.0
 20
1129577.8
 10
189872.3
 20
1129218.4
 10
189033.8
 20
1128852.9
 10
188198.6
 20
1128481.5
 10
187366.5
 20
1128104.4
 10
186537.3
 20
1127721.6
 10
185710.9
 20
1127333.5
 10
184887.2
 20
1126940.2
 10
184066.0
 20
1126541.8
 10
183247.1
 20
1126138.6
 10
182430.6
 20
1125730.6
 10
181616.1
 20
1125318.1
 10
180803.7
 20
1124901.3
 10
179993.0
 20
1124480.3
 10
179184.1
 20
1124055.3
 10
178376.8
 20
1123626.5
 10
177570.9
 20
1123194.0
 10
176766.3
 20
1122758.0
 10
175962.8
 20
1122318.8
 10
175160.4
 20
1121876.4
 10
174358.9
 20
1121431.0
 10
173558.1
 20
1120982.8
 10
172757.9
 20
1120532.1
 10
171958.3
 20
1120078.9
 10
171158.9
 20
1119623.4
 10
170359.8
 20
1119165.9
 10
169560.7
 20
1118706.4
 10
168761.6
 20
1118245.2
 10
167962.3
 20
1117782.4
 10
167162.6
 20
1117318.3
 10
166362.4
 20
1116852.9
 10
165561.7
 20
1116386.4
 10
164760.1
 20
1115919.1
 10
163957.7
 20
1115451.1
 10
163154.3
 20
1114982.6
 10
162349.7
 20
1114513.7
 10
161543.9
 20
1114044.7
 10
160736.6
 20
1113575.6
 10
159927.7
 20
1113106.7
 10
159117.1
 20
1112638.2
 10
158304.7
 20
1112170.2
 10
157490.3
 20
1111702.8
 10
156673.8
 20
1111236.4
 10
155855.0
 20
1110771.0
 10
155033.8
 20
1110306.8
 10
154210.1
 20
1109843.9
 10
153383.8
 20
1109382.7
 10
152554.7
 20
1108923.2
 10
151722.6
 20
1108465.6
 10
150887.4
 20
1108010.0
 10
150049.2
 20
1107556.6
 10
149208.1
 20
1107105.2
 10
148364.4
 20
1106655.5
 10
147518.3
 20
1106207.2
 10
146670.1
 20
1105760.3
 10
145819.9
 20
1105314.5
 10
144968.0
 20
1104869.6
 10
144114.7
 20
1104425.4
 10
143260.2
 20
1103981.6
 10
142404.7
 20
1103538.0
 10
141548.5
 20
1103094.6
 10
140691.8
 20
1102650.9
 10
139834.8
 20
1102206.9
 10
138977.8
 20
1101762.3
 10
138121.0
 20
1101316.9
 10
137264.7
 20
1100870.5
 10
136409.0
 20
1100422.8
 10
135554.3
 20
1099973.8
 10
134700.7
 20
1099523.1
 10
133848.5
 20
1099070.5
 10
132997.9
 20
1098615.9
 10
132149.2
 20
1098159.1
 10
131302.6
 20
1097699.7
 10
130458.4
 20
1097237.7
 10
129616.7
 20
1096772.7
 10
128777.9
 20
1096304.7
 10
127942.0
 20
1095833.3
 10
127109.5
 20
1095358.4
 10
126280.5
 20
1094879.7
 10
125455.3
 20
1094397.1
 10
124634.0
 20
1093910.4
 10
123817.0
 20
1093419.2
 10
123004.4
 20
1092923.5
 10
122196.6
 20
1092423.0
 10
121393.7
 20
1091917.5
 10
120595.9
 20
1091406.8
 10
119803.6
 20
1090890.6
 10
119017.0
 20
1090368.8
 10
118236.2
 20
1089841.2
 10
117461.5
 20
1089307.5
 10
116693.2
 20
1088767.5
 10
115931.5
 20
1088221.1
 10
115176.7
 20
1087668.0
 10
114428.9
 20
1087107.9
 10
113688.4
 20
1086540.8
 10
112955.5
 20
1085966.4
 10
112230.3
 20
1085384.4
 10
111513.1
 20
1084794.7
 10
110804.2
 20
1084197.0
 10
110103.8
 20
1083591.2
 10
109412.2
 20
1082977.0
 10
108729.4
 20
1082354.2
 10
108055.9
 20
1081722.6
 10
107391.8
 20
1081082.0
 10
106737.4
 20
1080432.3
 10
106092.7
 20
1079773.3
 10
105457.4
 20
1079105.3
 10
104831.5
 20
1078428.6
 10
104214.8
 20
1077743.2
 10
103607.0
 20
1077049.5
 10
103008.1
 20
1076347.5
 10
102417.7
 20
1075637.6
 10
101835.8
 20
1074919.8
 10
101262.2
 20
1074194.5
 10
100696.7
 20
1073461.8
 10
100139.1
 20
1072721.9
 10
99589.2
 20
1071975.0
 10
99046.9
 20
1071221.4
 10
98512.0
 20
1070461.1
 10
97984.3
 20
1069694.5
 10
97463.7
 20
1068921.7
 10
96949.9
 20
1068143.0
 10
96442.7
 20
1067358.4
 10
95942.1
 20
1066568.3
 10
95447.8
 20
1065772.8
 10
94959.7
 20
1064972.1
 10
94477.5
 20
1064166.5
 10
94001.1
 20
1063356.1
 10
93530.4
 20
1062541.2
 10
93065.1
 20
1061721.9
 10
92605.0
 20
1060898.4
 10
92150.1
 20
1060071.0
 10
91700.0
 20
1059239.8
 10
91254.7
 20
1058405.0
 10
90813.9
 20
1057566.9
 10
90377.6
 20
1056725.6
 10
89945.4
 20
1055881.4
 10
89517.3
 20
1055034.5
 10
89093.0
 20
1054185.0
 10
88672.3
 20
1053333.1
 10
88255.2
 20
1052479.1
 10
87841.4
 20
1051623.2
 10
87430.8
 20
1050765.5
 10
87023.1
 20
1049906.3
 10
86618.2
 20
1049045.7
 10
86215.9
 20
1048184.0
 10
85816.1
 20
1047321.4
 10
85418.5
 20
1046458.1
 10
85023.0
 20
1045594.2
 10
84629.4
 20
1044729.9
 10
84237.5
 20
1043865.6
 10
83847.2
 20
1043001.3
 10
83458.2
 20
1042137.3
 10
83070.5
 20
1041273.8
 10
82683.7
 20
1040410.9
 10
82297.9
 20
1039549.0
 10
81912.6
 20
1038688.1
 10
81527.9
 20
1037828.5
 10
81143.7
 20
1036970.2
 10
80760.1
 20
1036113.1
 10
80377.2
 20
1035257.1
 10
79995.2
 20
1034402.2
 10
79614.2
 20
1033548.3
 10
79234.3
 20
1032695.2
 10
78855.6
 20
1031842.8
 10
78478.3
 20
1030991.1
 10
78102.5
 20
1030140.0
 10
77728.4
 20
1029289.3
 10
77355.9
 20
1028439.1
 10
76985.4
 20
1027589.1
 10
76616.9
 20
1026739.3
 10
76250.5
 20
1025889.6
 10
75886.3
 20
1025039.9
 10
75524.5
 20
1024190.1
 10
75165.3
 20
1023340.2
 10
74808.6
 20
1022489.9
 10
74454.8
 20
1021639.3
 10
74103.8
 20
1020788.3
 10
73755.8
 20
1019936.7
 10
73411.0
 20
1019084.4
 10
73069.4
 20
1018231.4
 10
72731.3
 20
1017377.5
 10
72396.6
 20
1016522.8
 10
72065.6
 20
1015667.0
 10
71738.4
 20
1014810.0
 10
71415.1
 20
1013951.9
 10
71095.8
 20
1013092.5
 10
70780.6
 20
1012231.6
 10
70469.8
 20
1011369.3
 10
70163.3
 20
1010505.4
 10
69861.4
 20
1009639.8
 10
69564.1
 20
1008772.4
 10
69271.6
 20
1007903.1
 10
68984.0
 20
1007031.9
 10
68701.5
 20
1006158.7
 10
68424.1
 20
1005283.3
 10
68152.1
 20
1004405.6
 10
67885.4
 20
1003525.6
 10
67624.3
 20
1002643.2
 10
67368.8
 20
1001758.3
 10
67119.2
 20
1000870.7
 10
66875.4
 20
999980.4
 10
66637.7
 20
999087.4
 10
66406.2
 20
998191.4
 10
66181.0
 20
997292.4
 10
65962.2
 20
996390.4
 10
65750.0
 20
995485.1
 10
65544.5
 20
994576.7
 10
65345.5
 20
993665.0
 10
65153.2
 20
992750.2
 10
64967.4
 20
991832.3
 10
64788.1
 20
990911.4
 10
64615.3
 20
989987.6
 10
64448.8
 20
989061.0
 10
64288.7
 20
988131.6
 10
64135.0
 20
987199.6
 10
63987.4
 20
986264.9
 10
63846.1
 20
985327.7
 10
63710.9
 20
984388.0
 10
63581.9
 20
983445.9
 10
63458.9
 20
982501.5
 10
63341.9
 20
981554.9
 10
63230.9
 20
980606.1
 10
63125.8
 20
979655.2
 10
63026.6
 20
978702.3
 10
62933.2
 20
977747.5
 10
62845.6
 20
976790.7
 10
62763.7
 20
975832.2
 10
62687.5
 20
974871.9
 10
62616.9
 20
973910.1
 10
62551.8
 20
972946.6
 10
62492.3
 20
971981.6
 10
62438.3
 20
971015.2
 10
62389.8
 20
970047.5
 10
62346.6
 20
969078.4
 10
62308.8
 20
968108.2
 10
62276.2
 20
967136.8
 10
62248.9
 20
966164.4
 10
62226.8
 20
965191.0
 10
62209.8
 20
964216.7
 10
62197.9
 20
963241.6
 10
62191.1
 20
962265.7
 10
62189.3
 20
961289.1
 10
62192.4
 20
960311.9
 10
62200.5
 20
959334.2
 10
62213.3
 20
958356.0
 10
62231.0
 20
957377.4
 10
62253.5
 20
956398.6
 10
62280.7
 20
955419.4
 10
62312.5
 20
954440.2
 10
62349.0
 20
953460.8
 10
62390.0
 20
952481.4
 10
62435.4
 20
951502.0
 10
62485.1
 20
950522.7
 10
62538.8
 20
949543.5
 10
62596.3
 20
948564.3
 10
62657.5
 20
947585.3
 10
62722.1
 20
946606.4
 10
62789.9
 20
945627.7
 10
62860.8
 20
944649.2
 10
62934.5
 20
943670.9
 10
63010.9
 20
942692.8
 10
63089.7
 20
941715.0
 10
63170.8
 20
940737.5
 10
63253.9
 20
939760.3
 10
63338.9
 20
938783.4
 10
63425.5
 20
937806.9
 10
63513.6
 20
936830.8
 10
63602.9
 20
935855.0
 10
63693.3
 20
934879.7
 10
63784.5
 20
933904.8
 10
63876.4
 20
932930.4
 10
63968.8
 20
931956.5
 10
64061.4
 20
930983.2
 10
64154.1
 20
930010.3
 10
64246.7
 20
929038.0
 10
64338.9
 20
928066.3
 10
64430.6
 20
927095.3
 10
64521.6
 20
926124.8
 10
64611.7
 20
925155.0
 10
64700.6
 20
924185.9
 10
64788.2
 20
923217.6
 10
64874.3
 20
922249.9
 10
64958.6
 20
921283.0
 10
65041.1
 20
920316.8
 10
65121.4
 20
919351.5
 10
65199.5
 20
918387.0
 10
65275.0
 20
917423.3
 10
65347.8
 20
916460.5
 10
65417.7
 20
915498.6
 10
65484.4
 20
914537.6
 10
65547.9
 20
913577.5
 10
65607.9
 20
912618.4
 10
65664.2
 20
911660.3
 10
65716.5
 20
910703.2
 10
65764.8
 20
909747.1
 10
65808.8
 20
908792.1
 10
65848.3
 20
907838.2
 10
65883.1
 20
906885.3
 10
65913.0
 20
905933.6
 10
65937.8
 20
904983.1
 10
65957.3
 20
904033.7
 10
65971.3
 20
903085.5
 10
65979.7
 20
902138.5
 10
65982.1
 20
901192.8
 10
65978.5
 20
900248.3
 10
65968.6
 20
899305.2
 10
65952.2
 20
898363.3
 10
65929.2
 20
897422.8
 10
65899.2
 20
896483.6
 10
65862.2
 20
895545.8
 10
65818.0
 20
894609.4
 10
65766.2
 20
893674.5
 10
65706.8
 20
892741.0
 10
65639.5
 20
891809.0
 10
65564.2
 20
890878.4
 10
65480.6
 20
889949.4
 10
65388.5
 20
889022.0
 10
65287.8
 20
888096.1
 10
65178.2
 20
887171.8
 10
65059.6
 20
886249.1
 10
64931.7
 20
885328.1
 10
64794.3
 20
884408.7
 10
64647.3
 20
883491.0
 10
64490.5
 20
882575.0
 10
64323.6
 20
881660.8
 10
64146.4
 20
880748.3
 10
63958.8
 20
879837.6
 10
63760.6
 20
878928.7
 10
63551.5
 20
878021.6
 10
63331.4
 20
877116.3
 10
63100.1
 20
876213.0
 10
62857.3
 20
875311.5
 10
62602.9
 20
874412.0
 10
62336.6
 20
873514.4
 10
62058.3
 20
872618.7
 10
61767.8
 20
871725.1
 10
61464.9
 20
870833.4
 10
61149.3
 20
869943.8
 10
60820.9
 20
869056.3
 10
60479.5
 20
868170.9
 10
60124.9
 20
867287.5
 10
59757.1
 20
866406.3
 10
59377.4
 20
865527.0
 10
58987.0
 20
864649.7
 10
58587.2
 20
863774.3
 10
58179.3
 20
862900.5
 10
57764.7
 20
862028.4
 10
57344.6
 20
861157.8
 10
56920.5
 20
860288.6
 10
56493.5
 20
859420.8
 10
56065.0
 20
858554.1
 10
55636.3
 20
857688.7
 10
55208.7
 20
856824.2
 10
54783.6
 20
855960.7
 10
54362.1
 20
855098.0
 10
53945.8
 20
854236.1
 10
53535.8
 20
853374.8
 10
53133.5
 20
852514.0
 10
52740.1
 20
851653.7
 10
52357.1
 20
850793.7
 10
51985.6
 20
849933.9
 10
51627.1
 20
849074.3
 10
51282.8
 20
848214.7
 10
50954.1
 20
847355.1
 10
50642.2
 20
846495.3
 10
50348.4
 20
845635.3
 10
50073.3
 20
844775.2
 10
49812.6
 20
843916.8
 10
49560.3
 20
843062.5
 10
49310.8
 20
842214.6
 10
49058.2
 20
841375.4
 10
48796.5
 20
840547.3
 10
48520.1
 20
839732.5
 10
48223.1
 20
838933.4
 10
47899.6
 20
838152.4
 10
47543.7
 20
837391.7
 10
47149.8
 20
836653.7
 10
46712.4
 20
835940.5
 10
46231.5
 20
835252.0
 10
45709.8
 20
834586.8
 10
45150.3
 20
833943.5
 10
44556.0
 20
833320.8
 10
43929.6
 20
832717.1
 10
43274.1
 20
832131.1
 10
42592.4
 20
831561.5
 10
41887.4
 20
831006.8
 10
41161.9
 20
830465.6
 10
40419.0
 20
829936.5
 10
39661.4
 20
829418.1
 10
38892.2
 20
828909.1
 10
38114.0
 20
828408.0
 10
37328.7
 20
827914.0
 10
36536.4
 20
827426.7
 10
35737.7
 20
826946.0
 10
34932.8
 20
826471.5
 10
34121.9
 20
826002.9
 10
33305.6
 20
825539.9
 10
32484.1
 20
825082.3
 10
31657.6
 20
824629.8
 10
30826.7
 20
824182.0
 10
29991.5
 20
823738.7
 10
29152.4
 20
823299.6
 10
28309.8
 20
822864.4
 10
27464.0
 20
822432.9
 10
26615.3
 20
822004.7
 10
25764.0
 20
821579.5
 10
24910.5
 20
821157.1
 10
24055.0
 20
820737.2
 10
23198.0
 20
820319.4
 10
22339.8
 20
819903.6
 10
21480.6
 20
819489.4
 10
20620.9
 20
819076.5
 10
19760.9
 20
818664.6
 10
18901.0
 20
818253.5
 10
18041.5
 20
817842.9
 10
17182.7
 20
817432.4
 10
16325.0
 20
817021.9
 10
15468.7
 20
816610.9
 10
14614.2
 20
816199.3
 10
13761.6
 20
815786.6
 10
12911.5
 20
815372.8
 10
12064.1
 20
814957.4
 10
11219.7
 20
814540.1
 10
10378.8
 20
814120.7
 10
9541.5
 20
813699.0
 10
8708.3
 20
813274.5
 10
7879.4
 20
812847.1
 10
7055.2
 20
812416.3
 10
6236.1
 20
811982.1
 10
5422.3
 20
811544.0
 10
4614.2
 20
811101.7
 10
3812.2
 20
810655.1
 10
3016.4
 20
810203.7
 10
2227.4
 20
809747.3
 10
1445.4
 20
809285.7
 10
670.7
 20
808818.5
 10
-96.3
 20
808345.5
 10
-855.4
 20
807866.3
 10
-1606.1
 20
807380.6
 10
-2348.1
 20
806888.3
 10
-3081.1
 20
806389.0
 10
-3804.9
 20
805882.4
 10
-4518.9
 20
805368.2
  0
LWPOLYLINE
  5
59
330
17
100
AcDbEntity
  8
CHANNEL_ISLANDS_24
100
AcDbPolyline
 90
47
 70
1
 10
398401.1
 20
-74934.7
 10
398738.7
 20
-75391.6
 10
399135.6
 20
-76070.2
 10
399396.3
 20
-76382.3
 10
398762.0
 20
-76965.7
 10
398471.4
 20
-77684.8
 10
398394.1
 20
-78607.4
 10
398399.6
 20
-79837.7
 10
398212.5
 20
-80954.9
 10
397729.1
 20
-80941.1
 10
397082.8
 20
-80465.9
 10
396412.8
 20
-80180.5
 10
394171.1
 20
-80133.4
 10
392932.4
 20
-79580.1
 10
391242.1
 20
-77854.4
 10
390611.5
 20
-77419.2
 10
389954.1
 20
-77133.0
 10
389450.3
 20
-77132.1
 10
388859.2
 20
-77764.2
 10
388296.9
 20
-78785.2
 10
387706.8
 20
-80168.0
 10
387090.5
 20
-79958.6
 10
386179.8
 20
-78961.3
 10
385421.7
 20
-78642.7
 10
385213.7
 20
-78814.0
 10
383723.6
 20
-79443.1
 10
382976.4
 20
-79463.4
 10
383505.4
 20
-77076.8
 10
383021.1
 20
-74574.0
 10
382388.2
 20
-72410.0
 10
382457.7
 20
-71044.2
 10
383314.2
 20
-70739.3
 10
384343.4
 20
-71049.9
 10
385718.0
 20
-71813.5
 10
386704.1
 20
-71743.6
 10
387459.7
 20
-71501.1
 10
388162.3
 20
-71041.3
 10
388966.1
 20
-70305.7
 10
389539.2
 20
-70881.3
 10
391125.3
 20
-71282.1
 10
391947.5
 20
-71826.2
 10
392442.7
 20
-71293.1
 10
392901.8
 20
-71130.9
 10
393985.3
 20
-71068.9
 10
395061.9
 20
-72132.9
 10
398496.2
 20
-73849.2
 10
398401.1
 20
-74934.7
  0
LWPOLYLINE
  5
5A
330
17
100
AcDbEntity
  8
CHANNEL_ISLANDS_24
100
AcDbPolyline
 90
14
 70
1
 10
373554.7
 20
-53485.3
 10
372907.9
 20
-54183.3
 10
372578.0
 20
-54050.5
 10
372817.7
 20
-53337.0
 10
372944.4
 20
-52772.2
 10
372747.2
 20
-52088.2
 10
372779.5
 20
-51527.5
 10
372987.4
 20
-51239.0
 10
373190.2
 20
-50792.2
 10
373463.5
 20
-50386.4
 10
373635.1
 20
-50265.1
 10
374168.5
 20
-50986.9
 10
374303.5
 20
-52385.2
 10
373554.7
 20
-53485.3
  0
LWPOLYLINE
  5
5B
330
17
100
AcDbEntity
  8
CHANNEL_ISLANDS_24
100
AcDbPolyline
 90
26
 70
1
 10
362492.6
 20
-42564.3
 10
363681.7
 20
-43558.5
 10
363380.7
 20
-44520.0
 10
362182.5
 20
-46515.7
 10
361832.8
 20
-48901.7
 10
361369.4
 20
-50635.5
 10
361378.1
 20
-51074.3
 10
361281.6
 20
-51372.2
 10
360705.0
 20
-51960.6
 10
359970.0
 20
-52421.2
 10
359489.5
 20
-52363.4
 10
359045.9
 20
-52102.3
 10
358448.2
 20
-51944.0
 10
351471.2
 20
-51886.5
 10
351175.8
 20
-51594.3
 10
351375.7
 20
-51008.1
 10
351947.0
 20
-50456.7
 10
352753.5
 20
-50305.4
 10
352425.1
 20
-48723.8
 10
352886.2
 20
-48252.9
 10
353779.7
 20
-48242.4
 10
354745.4
 20
-48042.4
 10
357985.6
 20
-44969.7
 10
359487.1
 20
-44343.2
 10
361042.1
 20
-43187.4
 10
362492.6
 20
-42564.3
  0
LWPOLYLINE
  5
5C
330
17
100
AcDbEntity
  8
CHANNEL_ISLANDS_24
100
AcDbPolyline
 90
7
 70
1
 10
367071.4
 20
-48085.4
 10
367036.1
 20
-47094.5
 10
367140.9
 20
-46335.2
 10
367566.6
 20
-46107.1
 10
367749.1
 20
-47148.5
 10
367151.3
 20
-48529.2
 10
367071.4
 20
-48085.4
  0
LWPOLYLINE
  5
5D
330
17
100
AcDbEntity
  8
CHANNEL_ISLANDS_24
100
AcDbPolyline
 90
12
 70
1
 10
385520.4
 20
-21531.5
 10
384363.7
 20
-21826.8
 10
383690.5
 20
-21291.1
 10
384251.4
 20
-20085.0
 10
385247.3
 20
-19486.1
 10
385960.1
 20
-19411.1
 10
387128.8
 20
-18735.5
 10
387428.0
 20
-18681.9
 10
387726.4
 20
-18976.6
 10
387725.0
 20
-19591.8
 10
386454.7
 20
-20986.6
 10
385520.4
 20
-21531.5
  0
LINE
  5
5E
330
17
100
AcDbEntity
  8
OS_GRID_100KM
100
AcDbLine
 10
0.0
 20
0.0
 30
0.0
 11
0.0
 21
1300000.0
 31
0.0
  0
LINE
  5
5F
330
17
100
AcDbEntity
  8
OS_GRID_100KM
100
AcDbLine
 10
100000.0
 20
0.0
 30
0.0
 11
100000.0
 21
1300000.0
 31
0.0
  0
LINE
  5
60
330
17
100
AcDbEntity
  8
OS_GRID_100KM
100
AcDbLine
 10
200000.0
 20
0.0
 30
0.0
 11
200000.0
 21
1300000.0
 31
0.0
  0
LINE
  5
61
330
17
100
AcDbEntity
  8
OS_GRID_100KM
100
AcDbLine
 10
300000.0
 20
0.0
 30
0.0
 11
300000.0
 21
1300000.0
 31
0.0
  0
LINE
  5
62
330
17
100
AcDbEntity
  8
OS_GRID_100KM
100
AcDbLine
 10
400000.0
 20
0.0
 30
0.0
 11
400000.0
 21
1300000.0
 31
0.0
  0
LINE
  5
63
330
17
100
AcDbEntity
  8
OS_GRID_100KM
100
AcDbLine
 10
500000.0
 20
0.0
 30
0.0
 11
500000.0
 21
1300000.0
 31
0.0
  0
LINE
  5
64
330
17
100
AcDbEntity
  8
OS_GRID_100KM
100
AcDbLine
 10
600000.0
 20
0.0
 30
0.0
 11
600000.0
 21
1300000.0
 31
0.0
  0
LINE
  5
65
330
17
100
AcDbEntity
  8
OS_GRID_100KM
100
AcDbLine
 10
700000.0
 20
0.0
 30
0.0
 11
700000.0
 21
1300000.0
 31
0.0
  0
LINE
  5
66
330
17
100
AcDbEntity
  8
OS_GRID_100KM
100
AcDbLine
 10
0.0
 20
0.0
 30
0.0
 11
700000.0
 21
0.0
 31
0.0
  0
LINE
  5
67
330
17
100
AcDbEntity
  8
OS_GRID_100KM
100
AcDbLine
 10
0.0
 20
100000.0
 30
0.0
 11
700000.0
 21
100000.0
 31
0.0
  0
LINE
  5
68
330
17
100
AcDbEntity
  8
OS_GRID_100KM
100
AcDbLine
 10
0.0
 20
200000.0
 30
0.0
 11
700000.0
 21
200000.0
 31
0.0
  0
LINE
  5
69
330
17
100
AcDbEntity
  8
OS_GRID_100KM
100
AcDbLine
 10
0.0
 20
300000.0
 30
0.0
 11
700000.0
 21
300000.0
 31
0.0
  0
LINE
  5
6A
330
17
100
AcDbEntity
  8
OS_GRID_100KM
100
AcDbLine
 10
0.0
 20
400000.0
 30
0.0
 11
700000.0
 21
400000.0
 31
0.0
  0
LINE
  5
6B
330
17
100
AcDbEntity
  8
OS_GRID_100KM
100
AcDbLine
 10
0.0
 20
500000.0
 30
0.0
 11
700000.0
 21
500000.0
 31
0.0
  0
LINE
  5
6C
330
17
100
AcDbEntity
  8
OS_GRID_100KM
100
AcDbLine
 10
0.0
 20
600000.0
 30
0.0
 11
700000.0
 21
600000.0
 31
0.0
  0
LINE
  5
6D
330
17
100
AcDbEntity
  8
OS_GRID_100KM
100
AcDbLine
 10
0.0
 20
700000.0
 30
0.0
 11
700000.0
 21
700000.0
 31
0.0
  0
LINE
  5
6E
330
17
100
AcDbEntity
  8
OS_GRID_100KM
100
AcDbLine
 10
0.0
 20
800000.0
 30
0.0
 11
700000.0
 21
800000.0
 31
0.0
  0
LINE
  5
6F
330
17
100
AcDbEntity
  8
OS_GRID_100KM
100
AcDbLine
 10
0.0
 20
900000.0
 30
0.0
 11
700000.0
 21
900000.0
 31
0.0
  0
LINE
  5
70
330
17
100
AcDbEntity
  8
OS_GRID_100KM
100
AcDbLine
 10
0.0
 20
1000000.0
 30
0.0
 11
700000.0
 21
1000000.0
 31
0.0
  0
LINE
  5
71
330
17
100
AcDbEntity
  8
OS_GRID_100KM
100
AcDbLine
 10
0.0
 20
1100000.0
 30
0.0
 11
700000.0
 21
1100000.0
 31
0.0
  0
LINE
  5
72
330
17
100
AcDbEntity
  8
OS_GRID_100KM
100
AcDbLine
 10
0.0
 20
1200000.0
 30
0.0
 11
700000.0
 21
1200000.0
 31
0.0
  0
LINE
  5
73
330
17
100
AcDbEntity
  8
OS_GRID_100KM
100
AcDbLine
 10
0.0
 20
1300000.0
 30
0.0
 11
700000.0
 21
1300000.0
 31
0.0
  0
TEXT
  5
74
330
17
100
AcDbEntity
  8
OS_GRID_100KM
100
AcDbText
 10
50000.0
 20
50000.0
 30
0.0
 40
12000.0
  1
SV
 72
1
 11
50000.0
 21
50000.0
 31
0.0
100
AcDbText
 73
2
  0
TEXT
  5
75
330
17
100
AcDbEntity
  8
OS_GRID_100KM
100
AcDbText
 10
50000.0
 20
150000.0
 30
0.0
 40
12000.0
  1
SQ
 72
1
 11
50000.0
 21
150000.0
 31
0.0
100
AcDbText
 73
2
  0
TEXT
  5
76
330
17
100
AcDbEntity
  8
OS_GRID_100KM
100
AcDbText
 10
50000.0
 20
250000.0
 30
0.0
 40
12000.0
  1
SL
 72
1
 11
50000.0
 21
250000.0
 31
0.0
100
AcDbText
 73
2
  0
TEXT
  5
77
330
17
100
AcDbEntity
  8
OS_GRID_100KM
100
AcDbText
 10
50000.0
 20
350000.0
 30
0.0
 40
12000.0
  1
SF
 72
1
 11
50000.0
 21
350000.0
 31
0.0
100
AcDbText
 73
2
  0
TEXT
  5
78
330
17
100
AcDbEntity
  8
OS_GRID_100KM
100
AcDbText
 10
50000.0
 20
450000.0
 30
0.0
 40
12000.0
  1
SA
 72
1
 11
50000.0
 21
450000.0
 31
0.0
100
AcDbText
 73
2
  0
TEXT
  5
79
330
17
100
AcDbEntity
  8
OS_GRID_100KM
100
AcDbText
 10
50000.0
 20
550000.0
 30
0.0
 40
12000.0
  1
NV
 72
1
 11
50000.0
 21
550000.0
 31
0.0
100
AcDbText
 73
2
  0
TEXT
  5
7A
330
17
100
AcDbEntity
  8
OS_GRID_100KM
100
AcDbText
 10
50000.0
 20
650000.0
 30
0.0
 40
12000.0
  1
NQ
 72
1
 11
50000.0
 21
650000.0
 31
0.0
100
AcDbText
 73
2
  0
TEXT
  5
7B
330
17
100
AcDbEntity
  8
OS_GRID_100KM
100
AcDbText
 10
50000.0
 20
750000.0
 30
0.0
 40
12000.0
  1
NL
 72
1
 11
50000.0
 21
750000.0
 31
0.0
100
AcDbText
 73
2
  0
TEXT
  5
7C
330
17
100
AcDbEntity
  8
OS_GRID_100KM
100
AcDbText
 10
50000.0
 20
850000.0
 30
0.0
 40
12000.0
  1
NF
 72
1
 11
50000.0
 21
850000.0
 31
0.0
100
AcDbText
 73
2
  0
TEXT
  5
7D
330
17
100
AcDbEntity
  8
OS_GRID_100KM
100
AcDbText
 10
50000.0
 20
950000.0
 30
0.0
 40
12000.0
  1
NA
 72
1
 11
50000.0
 21
950000.0
 31
0.0
100
AcDbText
 73
2
  0
TEXT
  5
7E
330
17
100
AcDbEntity
  8
OS_GRID_100KM
100
AcDbText
 10
50000.0
 20
1050000.0
 30
0.0
 40
12000.0
  1
HV
 72
1
 11
50000.0
 21
1050000.0
 31
0.0
100
AcDbText
 73
2
  0
TEXT
  5
7F
330
17
100
AcDbEntity
  8
OS_GRID_100KM
100
AcDbText
 10
50000.0
 20
1150000.0
 30
0.0
 40
12000.0
  1
HQ
 72
1
 11
50000.0
 21
1150000.0
 31
0.0
100
AcDbText
 73
2
  0
TEXT
  5
80
330
17
100
AcDbEntity
  8
OS_GRID_100KM
100
AcDbText
 10
50000.0
 20
1250000.0
 30
0.0
 40
12000.0
  1
HL
 72
1
 11
50000.0
 21
1250000.0
 31
0.0
100
AcDbText
 73
2
  0
TEXT
  5
81
330
17
100
AcDbEntity
  8
OS_GRID_100KM
100
AcDbText
 10
150000.0
 20
50000.0
 30
0.0
 40
12000.0
  1
SW
 72
1
 11
150000.0
 21
50000.0
 31
0.0
100
AcDbText
 73
2
  0
TEXT
  5
82
330
17
100
AcDbEntity
  8
OS_GRID_100KM
100
AcDbText
 10
150000.0
 20
150000.0
 30
0.0
 40
12000.0
  1
SR
 72
1
 11
150000.0
 21
150000.0
 31
0.0
100
AcDbText
 73
2
  0
TEXT
  5
83
330
17
100
AcDbEntity
  8
OS_GRID_100KM
100
AcDbText
 10
150000.0
 20
250000.0
 30
0.0
 40
12000.0
  1
SM
 72
1
 11
150000.0
 21
250000.0
 31
0.0
100
AcDbText
 73
2
  0
TEXT
  5
84
330
17
100
AcDbEntity
  8
OS_GRID_100KM
100
AcDbText
 10
150000.0
 20
350000.0
 30
0.0
 40
12000.0
  1
SG
 72
1
 11
150000.0
 21
350000.0
 31
0.0
100
AcDbText
 73
2
  0
TEXT
  5
85
330
17
100
AcDbEntity
  8
OS_GRID_100KM
100
AcDbText
 10
150000.0
 20
450000.0
 30
0.0
 40
12000.0
  1
SB
 72
1
 11
150000.0
 21
450000.0
 31
0.0
100
AcDbText
 73
2
  0
TEXT
  5
86
330
17
100
AcDbEntity
  8
OS_GRID_100KM
100
AcDbText
 10
150000.0
 20
550000.0
 30
0.0
 40
12000.0
  1
NW
 72
1
 11
150000.0
 21
550000.0
 31
0.0
100
AcDbText
 73
2
  0
TEXT
  5
87
330
17
100
AcDbEntity
  8
OS_GRID_100KM
100
AcDbText
 10
150000.0
 20
650000.0
 30
0.0
 40
12000.0
  1
NR
 72
1
 11
150000.0
 21
650000.0
 31
0.0
100
AcDbText
 73
2
  0
TEXT
  5
88
330
17
100
AcDbEntity
  8
OS_GRID_100KM
100
AcDbText
 10
150000.0
 20
750000.0
 30
0.0
 40
12000.0
  1
NM
 72
1
 11
150000.0
 21
750000.0
 31
0.0
100
AcDbText
 73
2
  0
TEXT
  5
89
330
17
100
AcDbEntity
  8
OS_GRID_100KM
100
AcDbText
 10
150000.0
 20
850000.0
 30
0.0
 40
12000.0
  1
NG
 72
1
 11
150000.0
 21
850000.0
 31
0.0
100
AcDbText
 73
2
  0
TEXT
  5
8A
330
17
100
AcDbEntity
  8
OS_GRID_100KM
100
AcDbText
 10
150000.0
 20
950000.0
 30
0.0
 40
12000.0
  1
NB
 72
1
 11
150000.0
 21
950000.0
 31
0.0
100
AcDbText
 73
2
  0
TEXT
  5
8B
330
17
100
AcDbEntity
  8
OS_GRID_100KM
100
AcDbText
 10
150000.0
 20
1050000.0
 30
0.0
 40
12000.0
  1
HW
 72
1
 11
150000.0
 21
1050000.0
 31
0.0
100
AcDbText
 73
2
  0
TEXT
  5
8C
330
17
100
AcDbEntity
  8
OS_GRID_100KM
100
AcDbText
 10
150000.0
 20
1150000.0
 30
0.0
 40
12000.0
  1
HR
 72
1
 11
150000.0
 21
1150000.0
 31
0.0
100
AcDbText
 73
2
  0
TEXT
  5
8D
330
17
100
AcDbEntity
  8
OS_GRID_100KM
100
AcDbText
 10
150000.0
 20
1250000.0
 30
0.0
 40
12000.0
  1
HM
 72
1
 11
150000.0
 21
1250000.0
 31
0.0
100
AcDbText
 73
2
  0
TEXT
  5
8E
330
17
100
AcDbEntity
  8
OS_GRID_100KM
100
AcDbText
 10
250000.0
 20
50000.0
 30
0.0
 40
12000.0
  1
SX
 72
1
 11
250000.0
 21
50000.0
 31
0.0
100
AcDbText
 73
2
  0
TEXT
  5
8F
330
17
100
AcDbEntity
  8
OS_GRID_100KM
100
AcDbText
 10
250000.0
 20
150000.0
 30
0.0
 40
12000.0
  1
SS
 72
1
 11
250000.0
 21
150000.0
 31
0.0
100
AcDbText
 73
2
  0
TEXT
  5
90
330
17
100
AcDbEntity
  8
OS_GRID_100KM
100
AcDbText
 10
250000.0
 20
250000.0
 30
0.0
 40
12000.0
  1
SN
 72
1
 11
250000.0
 21
250000.0
 31
0.0
100
AcDbText
 73
2
  0
TEXT
  5
91
330
17
100
AcDbEntity
  8
OS_GRID_100KM
100
AcDbText
 10
250000.0
 20
350000.0
 30
0.0
 40
12000.0
  1
SH
 72
1
 11
250000.0
 21
350000.0
 31
0.0
100
AcDbText
 73
2
  0
TEXT
  5
92
330
17
100
AcDbEntity
  8
OS_GRID_100KM
100
AcDbText
 10
250000.0
 20
450000.0
 30
0.0
 40
12000.0
  1
SC
 72
1
 11
250000.0
 21
450000.0
 31
0.0
100
AcDbText
 73
2
  0
TEXT
  5
93
330
17
100
AcDbEntity
  8
OS_GRID_100KM
100
AcDbText
 10
250000.0
 20
550000.0
 30
0.0
 40
12000.0
  1
NX
 72
1
 11
250000.0
 21
550000.0
 31
0.0
100
AcDbText
 73
2
  0
TEXT
  5
94
330
17
100
AcDbEntity
  8
OS_GRID_100KM
100
AcDbText
 10
250000.0
 20
650000.0
 30
0.0
 40
12000.0
  1
NS
 72
1
 11
250000.0
 21
650000.0
 31
0.0
100
AcDbText
 73
2
  0
TEXT
  5
95
330
17
100
AcDbEntity
  8
OS_GRID_100KM
100
AcDbText
 10
250000.0
 20
750000.0
 30
0.0
 40
12000.0
  1
NN
 72
1
 11
250000.0
 21
750000.0
 31
0.0
100
AcDbText
 73
2
  0
TEXT
  5
96
330
17
100
AcDbEntity
  8
OS_GRID_100KM
100
AcDbText
 10
250000.0
 20
850000.0
 30
0.0
 40
12000.0
  1
NH
 72
1
 11
250000.0
 21
850000.0
 31
0.0
100
AcDbText
 73
2
  0
TEXT
  5
97
330
17
100
AcDbEntity
  8
OS_GRID_100KM
100
AcDbText
 10
250000.0
 20
950000.0
 30
0.0
 40
12000.0
  1
NC
 72
1
 11
250000.0
 21
950000.0
 31
0.0
100
AcDbText
 73
2
  0
TEXT
  5
98
330
17
100
AcDbEntity
  8
OS_GRID_100KM
100
AcDbText
 10
250000.0
 20
1050000.0
 30
0.0
 40
12000.0
  1
HX
 72
1
 11
250000.0
 21
1050000.0
 31
0.0
100
AcDbText
 73
2
  0
TEXT
  5
99
330
17
100
AcDbEntity
  8
OS_GRID_100KM
100
AcDbText
 10
250000.0
 20
1150000.0
 30
0.0
 40
12000.0
  1
HS
 72
1
 11
250000.0
 21
1150000.0
 31
0.0
100
AcDbText
 73
2
  0
TEXT
  5
9A
330
17
100
AcDbEntity
  8
OS_GRID_100KM
100
AcDbText
 10
250000.0
 20
1250000.0
 30
0.0
 40
12000.0
  1
HN
 72
1
 11
250000.0
 21
1250000.0
 31
0.0
100
AcDbText
 73
2
  0
TEXT
  5
9B
330
17
100
AcDbEntity
  8
OS_GRID_100KM
100
AcDbText
 10
350000.0
 20
50000.0
 30
0.0
 40
12000.0
  1
SY
 72
1
 11
350000.0
 21
50000.0
 31
0.0
100
AcDbText
 73
2
  0
TEXT
  5
9C
330
17
100
AcDbEntity
  8
OS_GRID_100KM
100
AcDbText
 10
350000.0
 20
150000.0
 30
0.0
 40
12000.0
  1
ST
 72
1
 11
350000.0
 21
150000.0
 31
0.0
100
AcDbText
 73
2
  0
TEXT
  5
9D
330
17
100
AcDbEntity
  8
OS_GRID_100KM
100
AcDbText
 10
350000.0
 20
250000.0
 30
0.0
 40
12000.0
  1
SO
 72
1
 11
350000.0
 21
250000.0
 31
0.0
100
AcDbText
 73
2
  0
TEXT
  5
9E
330
17
100
AcDbEntity
  8
OS_GRID_100KM
100
AcDbText
 10
350000.0
 20
350000.0
 30
0.0
 40
12000.0
  1
SJ
 72
1
 11
350000.0
 21
350000.0
 31
0.0
100
AcDbText
 73
2
  0
TEXT
  5
9F
330
17
100
AcDbEntity
  8
OS_GRID_100KM
100
AcDbText
 10
350000.0
 20
450000.0
 30
0.0
 40
12000.0
  1
SD
 72
1
 11
350000.0
 21
450000.0
 31
0.0
100
AcDbText
 73
2
  0
TEXT
  5
A0
330
17
100
AcDbEntity
  8
OS_GRID_100KM
100
AcDbText
 10
350000.0
 20
550000.0
 30
0.0
 40
12000.0
  1
NY
 72
1
 11
350000.0
 21
550000.0
 31
0.0
100
AcDbText
 73
2
  0
TEXT
  5
A1
330
17
100
AcDbEntity
  8
OS_GRID_100KM
100
AcDbText
 10
350000.0
 20
650000.0
 30
0.0
 40
12000.0
  1
NT
 72
1
 11
350000.0
 21
650000.0
 31
0.0
100
AcDbText
 73
2
  0
TEXT
  5
A2
330
17
100
AcDbEntity
  8
OS_GRID_100KM
100
AcDbText
 10
350000.0
 20
750000.0
 30
0.0
 40
12000.0
  1
NO
 72
1
 11
350000.0
 21
750000.0
 31
0.0
100
AcDbText
 73
2
  0
TEXT
  5
A3
330
17
100
AcDbEntity
  8
OS_GRID_100KM
100
AcDbText
 10
350000.0
 20
850000.0
 30
0.0
 40
12000.0
  1
NJ
 72
1
 11
350000.0
 21
850000.0
 31
0.0
100
AcDbText
 73
2
  0
TEXT
  5
A4
330
17
100
AcDbEntity
  8
OS_GRID_100KM
100
AcDbText
 10
350000.0
 20
950000.0
 30
0.0
 40
12000.0
  1
ND
 72
1
 11
350000.0
 21
950000.0
 31
0.0
100
AcDbText
 73
2
  0
TEXT
  5
A5
330
17
100
AcDbEntity
  8
OS_GRID_100KM
100
AcDbText
 10
350000.0
 20
1050000.0
 30
0.0
 40
12000.0
  1
HY
 72
1
 11
350000.0
 21
1050000.0
 31
0.0
100
AcDbText
 73
2
  0
TEXT
  5
A6
330
17
100
AcDbEntity
  8
OS_GRID_100KM
100
AcDbText
 10
350000.0
 20
1150000.0
 30
0.0
 40
12000.0
  1
HT
 72
1
 11
350000.0
 21
1150000.0
 31
0.0
100
AcDbText
 73
2
  0
TEXT
  5
A7
330
17
100
AcDbEntity
  8
OS_GRID_100KM
100
AcDbText
 10
350000.0
 20
1250000.0
 30
0.0
 40
12000.0
  1
HO
 72
1
 11
350000.0
 21
1250000.0
 31
0.0
100
AcDbText
 73
2
  0
TEXT
  5
A8
330
17
100
AcDbEntity
  8
OS_GRID_100KM
100
AcDbText
 10
450000.0
 20
50000.0
 30
0.0
 40
12000.0
  1
SZ
 72
1
 11
450000.0
 21
50000.0
 31
0.0
100
AcDbText
 73
2
  0
TEXT
  5
A9
330
17
100
AcDbEntity
  8
OS_GRID_100KM
100
AcDbText
 10
450000.0
 20
150000.0
 30
0.0
 40
12000.0
  1
SU
 72
1
 11
450000.0
 21
150000.0
 31
0.0
100
AcDbText
 73
2
  0
TEXT
  5
AA
330
17
100
AcDbEntity
  8
OS_GRID_100KM
100
AcDbText
 10
450000.0
 20
250000.0
 30
0.0
 40
12000.0
  1
SP
 72
1
 11
450000.0
 21
250000.0
 31
0.0
100
AcDbText
 73
2
  0
TEXT
  5
AB
330
17
100
AcDbEntity
  8
OS_GRID_100KM
100
AcDbText
 10
450000.0
 20
350000.0
 30
0.0
 40
12000.0
  1
SK
 72
1
 11
450000.0
 21
350000.0
 31
0.0
100
AcDbText
 73
2
  0
TEXT
  5
AC
330
17
100
AcDbEntity
  8
OS_GRID_100KM
100
AcDbText
 10
450000.0
 20
450000.0
 30
0.0
 40
12000.0
  1
SE
 72
1
 11
450000.0
 21
450000.0
 31
0.0
100
AcDbText
 73
2
  0
TEXT
  5
AD
330
17
100
AcDbEntity
  8
OS_GRID_100KM
100
AcDbText
 10
450000.0
 20
550000.0
 30
0.0
 40
12000.0
  1
NZ
 72
1
 11
450000.0
 21
550000.0
 31
0.0
100
AcDbText
 73
2
  0
TEXT
  5
AE
330
17
100
AcDbEntity
  8
OS_GRID_100KM
100
AcDbText
 10
450000.0
 20
650000.0
 30
0.0
 40
12000.0
  1
NU
 72
1
 11
450000.0
 21
650000.0
 31
0.0
100
AcDbText
 73
2
  0
TEXT
  5
AF
330
17
100
AcDbEntity
  8
OS_GRID_100KM
100
AcDbText
 10
450000.0
 20
750000.0
 30
0.0
 40
12000.0
  1
NP
 72
1
 11
450000.0
 21
750000.0
 31
0.0
100
AcDbText
 73
2
  0
TEXT
  5
B0
330
17
100
AcDbEntity
  8
OS_GRID_100KM
100
AcDbText
 10
450000.0
 20
850000.0
 30
0.0
 40
12000.0
  1
NK
 72
1
 11
450000.0
 21
850000.0
 31
0.0
100
AcDbText
 73
2
  0
TEXT
  5
B1
330
17
100
AcDbEntity
  8
OS_GRID_100KM
100
AcDbText
 10
450000.0
 20
950000.0
 30
0.0
 40
12000.0
  1
NE
 72
1
 11
450000.0
 21
950000.0
 31
0.0
100
AcDbText
 73
2
  0
TEXT
  5
B2
330
17
100
AcDbEntity
  8
OS_GRID_100KM
100
AcDbText
 10
450000.0
 20
1050000.0
 30
0.0
 40
12000.0
  1
HZ
 72
1
 11
450000.0
 21
1050000.0
 31
0.0
100
AcDbText
 73
2
  0
TEXT
  5
B3
330
17
100
AcDbEntity
  8
OS_GRID_100KM
100
AcDbText
 10
450000.0
 20
1150000.0
 30
0.0
 40
12000.0
  1
HU
 72
1
 11
450000.0
 21
1150000.0
 31
0.0
100
AcDbText
 73
2
  0
TEXT
  5
B4
330
17
100
AcDbEntity
  8
OS_GRID_100KM
100
AcDbText
 10
450000.0
 20
1250000.0
 30
0.0
 40
12000.0
  1
HP
 72
1
 11
450000.0
 21
1250000.0
 31
0.0
100
AcDbText
 73
2
  0
TEXT
  5
B5
330
17
100
AcDbEntity
  8
OS_GRID_100KM
100
AcDbText
 10
550000.0
 20
50000.0
 30
0.0
 40
12000.0
  1
TV
 72
1
 11
550000.0
 21
50000.0
 31
0.0
100
AcDbText
 73
2
  0
TEXT
  5
B6
330
17
100
AcDbEntity
  8
OS_GRID_100KM
100
AcDbText
 10
550000.0
 20
150000.0
 30
0.0
 40
12000.0
  1
TQ
 72
1
 11
550000.0
 21
150000.0
 31
0.0
100
AcDbText
 73
2
  0
TEXT
  5
B7
330
17
100
AcDbEntity
  8
OS_GRID_100KM
100
AcDbText
 10
550000.0
 20
250000.0
 30
0.0
 40
12000.0
  1
TL
 72
1
 11
550000.0
 21
250000.0
 31
0.0
100
AcDbText
 73
2
  0
TEXT
  5
B8
330
17
100
AcDbEntity
  8
OS_GRID_100KM
100
AcDbText
 10
550000.0
 20
350000.0
 30
0.0
 40
12000.0
  1
TF
 72
1
 11
550000.0
 21
350000.0
 31
0.0
100
AcDbText
 73
2
  0
TEXT
  5
B9
330
17
100
AcDbEntity
  8
OS_GRID_100KM
100
AcDbText
 10
550000.0
 20
450000.0
 30
0.0
 40
12000.0
  1
TA
 72
1
 11
550000.0
 21
450000.0
 31
0.0
100
AcDbText
 73
2
  0
TEXT
  5
BA
330
17
100
AcDbEntity
  8
OS_GRID_100KM
100
AcDbText
 10
550000.0
 20
550000.0
 30
0.0
 40
12000.0
  1
OV
 72
1
 11
550000.0
 21
550000.0
 31
0.0
100
AcDbText
 73
2
  0
TEXT
  5
BB
330
17
100
AcDbEntity
  8
OS_GRID_100KM
100
AcDbText
 10
550000.0
 20
650000.0
 30
0.0
 40
12000.0
  1
OQ
 72
1
 11
550000.0
 21
650000.0
 31
0.0
100
AcDbText
 73
2
  0
TEXT
  5
BC
330
17
100
AcDbEntity
  8
OS_GRID_100KM
100
AcDbText
 10
550000.0
 20
750000.0
 30
0.0
 40
12000.0
  1
OL
 72
1
 11
550000.0
 21
750000.0
 31
0.0
100
AcDbText
 73
2
  0
TEXT
  5
BD
330
17
100
AcDbEntity
  8
OS_GRID_100KM
100
AcDbText
 10
550000.0
 20
850000.0
 30
0.0
 40
12000.0
  1
OF
 72
1
 11
550000.0
 21
850000.0
 31
0.0
100
AcDbText
 73
2
  0
TEXT
  5
BE
330
17
100
AcDbEntity
  8
OS_GRID_100KM
100
AcDbText
 10
550000.0
 20
950000.0
 30
0.0
 40
12000.0
  1
OA
 72
1
 11
550000.0
 21
950000.0
 31
0.0
100
AcDbText
 73
2
  0
TEXT
  5
BF
330
17
100
AcDbEntity
  8
OS_GRID_100KM
100
AcDbText
 10
550000.0
 20
1050000.0
 30
0.0
 40
12000.0
  1
JV
 72
1
 11
550000.0
 21
1050000.0
 31
0.0
100
AcDbText
 73
2
  0
TEXT
  5
C0
330
17
100
AcDbEntity
  8
OS_GRID_100KM
100
AcDbText
 10
550000.0
 20
1150000.0
 30
0.0
 40
12000.0
  1
JQ
 72
1
 11
550000.0
 21
1150000.0
 31
0.0
100
AcDbText
 73
2
  0
TEXT
  5
C1
330
17
100
AcDbEntity
  8
OS_GRID_100KM
100
AcDbText
 10
550000.0
 20
1250000.0
 30
0.0
 40
12000.0
  1
JL
 72
1
 11
550000.0
 21
1250000.0
 31
0.0
100
AcDbText
 73
2
  0
TEXT
  5
C2
330
17
100
AcDbEntity
  8
OS_GRID_100KM
100
AcDbText
 10
650000.0
 20
50000.0
 30
0.0
 40
12000.0
  1
TW
 72
1
 11
650000.0
 21
50000.0
 31
0.0
100
AcDbText
 73
2
  0
TEXT
  5
C3
330
17
100
AcDbEntity
  8
OS_GRID_100KM
100
AcDbText
 10
650000.0
 20
150000.0
 30
0.0
 40
12000.0
  1
TR
 72
1
 11
650000.0
 21
150000.0
 31
0.0
100
AcDbText
 73
2
  0
TEXT
  5
C4
330
17
100
AcDbEntity
  8
OS_GRID_100KM
100
AcDbText
 10
650000.0
 20
250000.0
 30
0.0
 40
12000.0
  1
TM
 72
1
 11
650000.0
 21
250000.0
 31
0.0
100
AcDbText
 73
2
  0
TEXT
  5
C5
330
17
100
AcDbEntity
  8
OS_GRID_100KM
100
AcDbText
 10
650000.0
 20
350000.0
 30
0.0
 40
12000.0
  1
TG
 72
1
 11
650000.0
 21
350000.0
 31
0.0
100
AcDbText
 73
2
  0
TEXT
  5
C6
330
17
100
AcDbEntity
  8
OS_GRID_100KM
100
AcDbText
 10
650000.0
 20
450000.0
 30
0.0
 40
12000.0
  1
TB
 72
1
 11
650000.0
 21
450000.0
 31
0.0
100
AcDbText
 73
2
  0
TEXT
  5
C7
330
17
100
AcDbEntity
  8
OS_GRID_100KM
100
AcDbText
 10
650000.0
 20
550000.0
 30
0.0
 40
12000.0
  1
OW
 72
1
 11
650000.0
 21
550000.0
 31
0.0
100
AcDbText
 73
2
  0
TEXT
  5
C8
330
17
100
AcDbEntity
  8
OS_GRID_100KM
100
AcDbText
 10
650000.0
 20
650000.0
 30
0.0
 40
12000.0
  1
OR
 72
1
 11
650000.0
 21
650000.0
 31
0.0
100
AcDbText
 73
2
  0
TEXT
  5
C9
330
17
100
AcDbEntity
  8
OS_GRID_100KM
100
AcDbText
 10
650000.0
 20
750000.0
 30
0.0
 40
12000.0
  1
OM
 72
1
 11
650000.0
 21
750000.0
 31
0.0
100
AcDbText
 73
2
  0
TEXT
  5
CA
330
17
100
AcDbEntity
  8
OS_GRID_100KM
100
AcDbText
 10
650000.0
 20
850000.0
 30
0.0
 40
12000.0
  1
OG
 72
1
 11
650000.0
 21
850000.0
 31
0.0
100
AcDbText
 73
2
  0
TEXT
  5
CB
330
17
100
AcDbEntity
  8
OS_GRID_100KM
100
AcDbText
 10
650000.0
 20
950000.0
 30
0.0
 40
12000.0
  1
OB
 72
1
 11
650000.0
 21
950000.0
 31
0.0
100
AcDbText
 73
2
  0
TEXT
  5
CC
330
17
100
AcDbEntity
  8
OS_GRID_100KM
100
AcDbText
 10
650000.0
 20
1050000.0
 30
0.0
 40
12000.0
  1
JW
 72
1
 11
650000.0
 21
1050000.0
 31
0.0
100
AcDbText
 73
2
  0
TEXT
  5
CD
330
17
100
AcDbEntity
  8
OS_GRID_100KM
100
AcDbText
 10
650000.0
 20
1150000.0
 30
0.0
 40
12000.0
  1
JR
 72
1
 11
650000.0
 21
1150000.0
 31
0.0
100
AcDbText
 73
2
  0
TEXT
  5
CE
330
17
100
AcDbEntity
  8
OS_GRID_100KM
100
AcDbText
 10
650000.0
 20
1250000.0
 30
0.0
 40
12000.0
  1
JM
 72
1
 11
650000.0
 21
1250000.0
 31
0.0
100
AcDbText
 73
2
  0
LWPOLYLINE
  5
CF
330
17
100
AcDbEntity
  8
COASTLINE
100
AcDbPolyline
 90
5
 70
1
 10
286900.0
 20
-120000.0
 10
289300.0
 20
-116500.0
 10
295800.0
 20
-118900.0
 10
295000.0
 20
-120000.0
 10
286900.0
 20
-120000.0
  0
LWPOLYLINE
  5
D0
330
17
100
AcDbEntity
  8
COASTLINE
100
AcDbPolyline
 90
6
 70
1
 10
298100.0
 20
-120000.0
 10
307600.0
 20
-116200.0
 10
309800.0
 20
-113500.0
 10
311000.0
 20
-113800.0
 10
310400.0
 20
-120000.0
 10
298100.0
 20
-120000.0
  0
LWPOLYLINE
  5
D1
330
17
100
AcDbEntity
  8
COASTLINE
100
AcDbPolyline
 90
7
 70
1
 10
311300.0
 20
-119700.0
 10
316000.0
 20
-114700.0
 10
320000.0
 20
-113700.0
 10
320000.0
 20
-117700.0
 10
321000.0
 20
-118500.0
 10
320200.0
 20
-120000.0
 10
311300.0
 20
-119700.0
  0
LWPOLYLINE
  5
D2
330
17
100
AcDbEntity
  8
COASTLINE
100
AcDbPolyline
 90
111
 70
1
 10
431800.0
 20
-119700.0
 10
429100.0
 20
-116700.0
 10
430900.0
 20
-115200.0
 10
432000.0
 20
-108600.0
 10
433500.0
 20
-107100.0
 10
432000.0
 20
-104600.0
 10
433200.0
 20
-96500.0
 10
436000.0
 20
-96100.0
 10
432900.0
 20
-95500.0
 10
430700.0
 20
-98500.0
 10
429700.0
 20
-96700.0
 10
430000.0
 20
-90800.0
 10
428600.0
 20
-88500.0
 10
431400.0
 20
-84000.0
 10
429900.0
 20
-84000.0
 10
428400.0
 20
-75900.0
 10
428900.0
 20
-74900.0
 10
432900.0
 20
-74800.0
 10
427900.0
 20
-73400.0
 10
427300.0
 20
-75600.0
 10
423900.0
 20
-68800.0
 10
424900.0
 20
-68000.0
 10
421900.0
 20
-65099.99999999999
 10
421300.0
 20
-63400.0
 10
422800.0
 20
-62700.0
 10
421800.0
 20
-60400.0
 10
420700.0
 20
-62300.0
 10
416300.0
 20
-58800.0
 10
416800.0
 20
-57300.0
 10
413300.0
 20
-57300.0
 10
413100.0
 20
-49700.0
 10
408300.0
 20
-41000.0
 10
411300.0
 20
-36400.0
 10
411600.0
 20
-31100.0
 10
409400.0
 20
-26400.0
 10
403900.0
 20
-24600.0
 10
404700.0
 20
-19500.0
 10
411600.0
 20
-20500.0
 10
413200.0
 20
-23100.0
 10
427600.0
 20
-26100.0
 10
428400.0
 20
-27700.0
 10
430800.0
 20
-26100.0
 10
435300.0
 20
-26200.0
 10
439200.0
 20
-21800.0
 10
442600.0
 20
-20700.0
 10
453100.0
 20
-22400.0
 10
455800.0
 20
-30300.0
 10
453200.0
 20
-34200.0
 10
450500.0
 20
-35100.0
 10
450200.0
 20
-37700.0
 10
453500.0
 20
-44900.0
 10
459800.0
 20
-53500.0
 10
459400.0
 20
-60100.0
 10
461600.0
 20
-59300.0
 10
463700.0
 20
-61200.0
 10
465100.0
 20
-60800.0
 10
464900.0
 20
-57400.0
 10
467300.0
 20
-55500.0
 10
476900.0
 20
-55900.0
 10
485500.0
 20
-59000.0
 10
502900.0
 20
-60600.0
 10
505500.0
 20
-59100.0
 10
510400.0
 20
-60800.0
 10
515400.0
 20
-60700.0
 10
529500.0
 20
-67300.0
 10
531300.0
 20
-65600.0
 10
546200.0
 20
-60900.0
 10
556800.0
 20
-51600.0
 10
574700.0
 20
-47000.0
 10
580500.0
 20
-42100.0
 10
575500.0
 20
-45600.0
 10
569500.0
 20
-46600.0
 10
553800.0
 20
-43800.0
 10
550400.0
 20
-40600.0
 10
550400.0
 20
-37700.0
 10
557600.0
 20
-19500.0
 10
586700.0
 20
-1500.0
 10
592300.0
 20
700.0
 10
598500.0
 20
900.0
 10
631000.0
 20
13700.0
 10
647100.0
 20
30600.0
 10
649000.0
 20
37500.0
 10
651300.0
 20
40900.0
 10
653700.0
 20
41400.0
 10
661000.0
 20
38200.0
 10
662200.0
 20
39000.0
 10
660100.0
 20
41100.0
 10
661500.0
 20
42000.0
 10
658700.0
 20
42300.0
 10
656300.0
 20
45800.0
 10
652400.0
 20
48000.0
 10
652800.0
 20
55900.0
 10
654100.0
 20
59000.0
 10
656800.0
 20
58500.0
 10
652700.0
 20
62100.0
 10
653700.0
 20
76500.0
 10
655900.0
 20
78300.0
 10
653300.0
 20
82700.0
 10
651800.0
 20
92600.0
 10
654200.0
 20
105100.0
 10
652000.0
 20
113800.0
 10
657000.0
 20
116300.0
 10
662100.0
 20
122700.0
 10
675100.0
 20
129300.00000000001
 10
689900.0
 20
132700.0
 10
702400.0
 20
137800.0
 10
707200.0
 20
137700.0
 10
715600.0
 20
141000.0
 10
760000.0
 20
172700.0
 10
760000.0
 20
-120000.0
 10
431800.0
 20
-119700.0
  0
LWPOLYLINE
  5
D3
330
17
100
AcDbEntity
  8
COASTLINE
100
AcDbPolyline
 90
777
 70
1
 10
130000.0
 20
414200.0
 10
125700.0
 20
404000.0
 10
124100.0
 20
405400.0
 10
121700.0
 20
404200.0
 10
125800.0
 20
401900.0
 10
126800.0
 20
398500.0
 10
125800.0
 20
397100.0
 10
130699.99999999999
 20
395300.0
 10
129900.0
 20
393300.0
 10
125400.0
 20
396300.0
 10
119400.0
 20
391700.0
 10
123200.0
 20
386100.0
 10
127000.0
 20
384300.0
 10
126100.0
 20
378100.0
 10
128100.0
 20
373000.0
 10
127500.0
 20
371000.0
 10
130400.0
 20
364700.0
 10
128300.00000000001
 20
353500.0
 10
131900.0
 20
347500.0
 10
128699.99999999999
 20
343400.0
 10
126500.0
 20
337400.0
 10
121800.0
 20
332300.0
 10
120200.0
 20
324600.0
 10
115100.0
 20
315900.0
 10
114700.0
 20
302500.0
 10
103800.0
 20
287900.0
 10
102700.0
 20
280800.0
 10
101200.0
 20
282500.0
 10
95800.0
 20
283000.0
 10
96400.0
 20
284900.0
 10
94000.0
 20
283600.0
 10
96500.0
 20
280200.0
 10
96500.0
 20
277600.0
 10
98600.0
 20
277000.0
 10
99400.0
 20
274800.0
 10
102100.0
 20
278400.0
 10
100800.0
 20
275500.0
 10
105300.0
 20
269100.0
 10
101400.0
 20
262500.0
 10
99400.0
 20
263300.0
 10
100700.0
 20
266100.0
 10
97700.0
 20
264300.0
 10
94700.0
 20
264500.0
 10
96100.0
 20
265100.0
 10
94500.0
 20
266000.0
 10
87000.0
 20
263200.0
 10
78000.0
 20
268100.0
 10
71800.0
 20
268100.0
 10
75000.0
 20
273300.0
 10
72900.0
 20
271100.0
 10
70200.0
 20
271300.0
 10
69600.0
 20
268200.0
 10
71000.0
 20
269000.0
 10
69900.0
 20
266100.0
 10
70800.0
 20
265200.0
 10
62500.0
 20
258899.99999999997
 10
61400.0
 20
259600.00000000003
 10
64800.0
 20
264000.0
 10
64000.0
 20
268600.0
 10
60900.0
 20
272700.0
 10
59300.0
 20
277400.0
 10
60700.0
 20
269700.0
 10
59700.0
 20
265900.0
 10
61400.0
 20
265000.0
 10
56800.0
 20
260800.0
 10
50700.0
 20
260399.99999999997
 10
53300.0
 20
264100.0
 10
51000.0
 20
265100.0
 10
50000.0
 20
264300.0
 10
50900.0
 20
262700.0
 10
47900.0
 20
263400.0
 10
45100.0
 20
261000.0
 10
28100.0
 20
261399.99999999997
 10
18900.0
 20
257399.99999999997
 10
17900.0
 20
259800.0
 10
16700.0
 20
259600.00000000003
 10
14300.0
 20
257300.0
 10
14500.0
 20
255400.0
 10
16300.0
 20
256300.0
 10
20000.0
 20
254100.0
 10
17200.0
 20
251400.0
 10
16400.0
 20
247300.0
 10
13200.0
 20
245900.0
 10
8100.0
 20
246000.0
 10
6900.0
 20
242800.0
 10
-400.0
 20
244400.0
 10
-1500.0
 20
247500.0
 10
-3300.0
 20
242000.0
 10
-7100.0
 20
240300.0
 10
-4400.0
 20
237900.0
 10
-5300.0
 20
236800.0
 10
-13500.0
 20
234600.0
 10
-14700.0
 20
233300.0
 10
-13500.0
 20
231700.0
 10
-14700.0
 20
231100.0
 10
-22700.0
 20
229600.0
 10
-30400.0
 20
230000.0
 10
-28600.0
 20
232200.0
 10
-29000.0
 20
233700.0
 10
-25000.0
 20
235700.0
 10
-26800.0
 20
236600.0
 10
-25500.0
 20
239700.0
 10
-27100.0
 20
238900.0
 10
-32200.000000000004
 20
240200.0
 10
-32700.000000000004
 20
241500.0
 10
-42200.0
 20
240200.0
 10
-35600.0
 20
237000.0
 10
-37100.0
 20
233700.0
 10
-33700.0
 20
233400.0
 10
-33500.0
 20
231100.0
 10
-35400.0
 20
230500.0
 10
-33100.0
 20
230200.0
 10
-34700.0
 20
228100.0
 10
-34300.0
 20
226300.0
 10
-38000.0
 20
222000.0
 10
-44500.0
 20
219000.0
 10
-45700.0
 20
221300.0
 10
-47700.0
 20
221600.0
 10
-46500.0
 20
219400.0
 10
-48000.0
 20
217700.0
 10
-48300.0
 20
220000.0
 10
-49700.0
 20
220900.0
 10
-52900.0
 20
221200.0
 10
-52300.0
 20
220100.0
 10
-49000.0
 20
220200.0
 10
-48800.0
 20
219300.0
 10
-52100.0
 20
214700.0
 10
-52000.0
 20
210500.0
 10
-54500.0
 20
214500.0
 10
-59100.0
 20
214100.0
 10
-67200.0
 20
215700.0
 10
-62700.0
 20
213700.0
 10
-63700.0
 20
207700.0
 10
-74400.0
 20
210900.0
 10
-77200.0
 20
206600.0
 10
-80600.0
 20
204700.0
 10
-84300.0
 20
208100.0
 10
-90100.0
 20
207200.0
 10
-93300.0
 20
209000.0
 10
-93200.0
 20
206200.0
 10
-95200.0
 20
204800.0
 10
-98600.0
 20
205200.0
 10
-98600.0
 20
203400.0
 10
-101200.0
 20
201300.0
 10
-104100.0
 20
201600.0
 10
-104300.0
 20
204000.0
 10
-109100.0
 20
200900.0
 10
-112300.0
 20
200900.0
 10
-109600.0
 20
203700.0
 10
-111500.0
 20
202800.0
 10
-111000.0
 20
204700.0
 10
-107300.0
 20
207300.0
 10
-107800.0
 20
208200.0
 10
-113400.0
 20
204100.0
 10
-114100.0
 20
205300.0
 10
-112900.0
 20
209100.0
 10
-115600.0
 20
210900.0
 10
-116600.0
 20
210500.0
 10
-116100.0
 20
209100.0
 10
-123200.0
 20
207800.0
 10
-124000.0
 20
206000.0
 10
-128000.0
 20
204800.0
 10
-130800.00000000001
 20
208000.0
 10
-135500.0
 20
204100.0
 10
-134600.0
 20
203200.0
 10
-143000.0
 20
201000.0
 10
-142200.0
 20
204000.0
 10
-143500.0
 20
205700.0
 10
-132400.0
 20
210700.0
 10
-127700.0
 20
214700.0
 10
-122100.0
 20
217300.0
 10
-125300.0
 20
217900.0
 10
-139300.0
 20
212600.0
 10
-143700.0
 20
212700.0
 10
-139200.0
 20
214900.0
 10
-137800.0
 20
216900.0
 10
-126000.0
 20
221200.0
 10
-125000.0
 20
222600.0
 10
-115200.0
 20
224800.0
 10
-113800.0
 20
228700.0
 10
-117000.0
 20
228400.0
 10
-119400.0
 20
230000.0
 10
-119100.0
 20
232300.0
 10
-121400.0
 20
234100.0
 10
-120900.0
 20
229400.0
 10
-126800.0
 20
226100.0
 10
-144200.0
 20
224700.0
 10
-148300.0
 20
223100.0
 10
-149300.0
 20
221400.0
 10
-155700.0
 20
219300.0
 10
-161600.0
 20
220400.0
 10
-164600.0
 20
218700.0
 10
-163800.0
 20
221800.0
 10
-157400.0
 20
223400.0
 10
-157800.0
 20
226300.0
 10
-159900.0
 20
226800.0
 10
-158800.0
 20
228100.0
 10
-152900.0
 20
228100.0
 10
-149300.0
 20
230900.0
 10
-152100.0
 20
232100.0
 10
-150700.0
 20
233900.0
 10
-144000.0
 20
236500.0
 10
-145200.0
 20
234400.0
 10
-142700.0
 20
234900.0
 10
-141500.0
 20
237800.0
 10
-136800.0
 20
236500.0
 10
-138500.0
 20
238900.0
 10
-132700.0
 20
243800.0
 10
-128000.0
 20
244000.0
 10
-121400.0
 20
247200.0
 10
-134000.0
 20
245000.0
 10
-136500.0
 20
243100.0
 10
-139900.0
 20
243100.0
 10
-139500.0
 20
242200.0
 10
-141800.0
 20
241100.0
 10
-141800.0
 20
243300.0
 10
-142800.0
 20
243400.0
 10
-152600.0
 20
239000.0
 10
-154100.0
 20
240000.0
 10
-161200.0
 20
236100.0
 10
-160700.0
 20
237600.0
 10
-166800.0
 20
241400.0
 10
-164100.0
 20
241900.0
 10
-163200.0
 20
244500.0
 10
-164000.0
 20
247500.0
 10
-166700.0
 20
249100.0
 10
-174800.0
 20
243000.0
 10
-174100.0
 20
249100.0
 10
-177300.0
 20
249800.0
 10
-176400.0
 20
253200.0
 10
-177300.0
 20
254100.0
 10
-167300.0
 20
255700.0
 10
-167100.0
 20
257500.0
 10
-170300.0
 20
261000.0
 10
-166700.0
 20
262900.0
 10
-167100.0
 20
264600.0
 10
-157100.0
 20
268000.0
 10
-150500.0
 20
268600.0
 10
-147500.0
 20
270000.0
 10
-145600.0
 20
273600.0
 10
-144800.0
 20
270600.0
 10
-142900.0
 20
270200.0
 10
-140900.0
 20
277700.0
 10
-138900.0
 20
276200.0
 10
-131600.0
 20
276000.0
 10
-132900.0
 20
277600.0
 10
-130300.00000000001
 20
278900.0
 10
-144000.0
 20
279600.0
 10
-143300.0
 20
277200.0
 10
-144300.0
 20
275600.0
 10
-145100.0
 20
278200.0
 10
-146900.0
 20
279200.0
 10
-160100.0
 20
277400.0
 10
-162000.0
 20
280000.0
 10
-163800.0
 20
279000.0
 10
-166100.0
 20
281100.0
 10
-168100.0
 20
280000.0
 10
-165900.0
 20
278300.0
 10
-172300.0
 20
280500.0
 10
-171500.0
 20
279000.0
 10
-177300.0
 20
278000.0
 10
-179200.0
 20
280200.0
 10
-179500.0
 20
284400.0
 10
-177400.0
 20
285700.0
 10
-178000.0
 20
287400.0
 10
-174200.0
 20
289200.0
 10
-174800.0
 20
287700.0
 10
-171900.0
 20
286200.0
 10
-170900.0
 20
292000.0
 10
-167700.0
 20
292300.0
 10
-164200.0
 20
295700.0
 10
-156900.0
 20
297000.0
 10
-155900.0
 20
295900.0
 10
-157200.0
 20
291100.0
 10
-152600.0
 20
291300.0
 10
-148500.0
 20
294000.0
 10
-147600.0
 20
296300.0
 10
-149000.0
 20
298600.0
 10
-145900.0
 20
297900.0
 10
-146200.0
 20
292000.0
 10
-142200.0
 20
289800.0
 10
-137100.0
 20
288700.0
 10
-133700.0
 20
291200.0
 10
-132800.0
 20
289300.0
 10
-127800.0
 20
289400.0
 10
-136500.0
 20
293200.0
 10
-137000.0
 20
295800.0
 10
-135000.0
 20
294300.0
 10
-133900.0
 20
294700.0
 10
-135600.0
 20
296500.0
 10
-133100.0
 20
296900.0
 10
-132900.0
 20
304200.0
 10
-140200.0
 20
309200.0
 10
-126100.0
 20
312600.0
 10
-122700.0
 20
315300.0
 10
-118100.0
 20
313700.0
 10
-119000.0
 20
316000.0
 10
-121200.0
 20
316400.0
 10
-120000.0
 20
322000.0
 10
-117900.0
 20
324500.0
 10
-115800.0
 20
325100.0
 10
-106000.0
 20
322300.0
 10
-103600.0
 20
323800.0
 10
-92400.0
 20
322600.0
 10
-76900.0
 20
327200.0
 10
-76500.0
 20
325900.0
 10
-73900.0
 20
325700.0
 10
-70500.0
 20
328900.0
 10
-56100.0
 20
329800.0
 10
-63800.0
 20
332800.0
 10
-70100.0
 20
333500.0
 10
-69100.0
 20
337900.0
 10
-70100.0
 20
339600.0
 10
-68000.0
 20
342400.0
 10
-73700.0
 20
339800.0
 10
-76600.0
 20
334500.0
 10
-83400.0
 20
326900.0
 10
-90800.0
 20
326300.0
 10
-93200.0
 20
324200.0
 10
-96300.0
 20
325300.0
 10
-92300.0
 20
328100.0
 10
-92200.0
 20
329600.0
 10
-99500.0
 20
327400.0
 10
-103000.0
 20
327600.0
 10
-108800.0
 20
331000.0
 10
-109700.0
 20
334400.0
 10
-112200.0
 20
334600.0
 10
-110600.0
 20
331500.0
 10
-120600.0
 20
328800.0
 10
-121700.0
 20
326000.0
 10
-137500.0
 20
325100.0
 10
-133100.0
 20
328000.0
 10
-129500.0
 20
328500.0
 10
-114400.0
 20
340200.0
 10
-114700.0
 20
341800.0
 10
-105700.0
 20
343700.0
 10
-104600.0
 20
349200.0
 10
-101500.0
 20
352000.0
 10
-99400.0
 20
357100.0
 10
-93900.0
 20
362700.0
 10
-102100.0
 20
364300.0
 10
-95300.0
 20
371300.0
 10
-86000.0
 20
385800.0
 10
-84500.0
 20
386300.0
 10
-78800.0
 20
381100.0
 10
-74500.0
 20
382500.0
 10
-73000.0
 20
381400.0
 10
-72600.0
 20
383100.0
 10
-76200.0
 20
386300.0
 10
-72200.0
 20
386600.0
 10
-68100.0
 20
383900.0
 10
-70600.0
 20
387300.0
 10
-68200.0
 20
386200.0
 10
-66600.0
 20
387300.0
 10
-66000.0
 20
385100.0
 10
-63600.0
 20
383500.0
 10
-64599.99999999999
 20
387400.0
 10
-60000.0
 20
391600.0
 10
-70000.0
 20
392500.0
 10
-64400.00000000001
 20
393600.0
 10
-66100.0
 20
395200.0
 10
-62700.0
 20
396400.0
 10
-67900.0
 20
398400.0
 10
-71700.0
 20
397500.0
 10
-93400.0
 20
398000.0
 10
-96700.0
 20
396500.0
 10
-101000.0
 20
396500.0
 10
-104200.0
 20
400600.0
 10
-103100.0
 20
403800.0
 10
-104200.0
 20
403900.0
 10
-105600.0
 20
399500.0
 10
-107600.0
 20
398100.0
 10
-108500.0
 20
399600.0
 10
-106900.0
 20
402600.0
 10
-106900.0
 20
407600.0
 10
-105500.0
 20
408400.0
 10
-104200.0
 20
407600.0
 10
-102900.0
 20
409400.0
 10
-105300.0
 20
412300.0
 10
-101900.0
 20
414300.0
 10
-106500.0
 20
414000.0
 10
-105900.0
 20
410600.0
 10
-108000.0
 20
408700.0
 10
-109000.0
 20
410100.0
 10
-107600.0
 20
414000.0
 10
-108400.0
 20
415800.0
 10
-115400.0
 20
407700.0
 10
-119700.0
 20
406800.0
 10
-121900.0
 20
409500.0
 10
-125800.0
 20
410000.0
 10
-124400.0
 20
413800.0
 10
-117200.0
 20
416700.0
 10
-119400.0
 20
417700.0
 10
-117800.0
 20
419800.0
 10
-122200.0
 20
417500.0
 10
-123400.0
 20
419000.0
 10
-120800.0
 20
421700.0
 10
-123500.0
 20
420400.0
 10
-125200.0
 20
421400.0
 10
-126300.0
 20
417400.0
 10
-129000.0
 20
416600.0
 10
-132500.0
 20
417200.0
 10
-135400.0
 20
421000.0
 10
-142900.0
 20
421900.0
 10
-140200.0
 20
425300.0
 10
-135300.0
 20
424500.0
 10
-134200.0
 20
425500.0
 10
-136100.0
 20
428800.0
 10
-131800.0
 20
427100.0
 10
-131100.0
 20
428300.0
 10
-137300.0
 20
430400.0
 10
-139600.0
 20
436200.0
 10
-143000.0
 20
436600.0
 10
-141300.0
 20
437700.0
 10
-136600.0
 20
436600.0
 10
-136800.0
 20
438900.0
 10
-133900.0
 20
438500.0
 10
-131000.0
 20
437400.0
 10
-129900.0
 20
435100.0
 10
-127400.0
 20
437000.0
 10
-131900.0
 20
441600.0
 10
-124300.0
 20
440800.0
 10
-119900.0
 20
442300.0
 10
-117100.0
 20
440700.0
 10
-108900.0
 20
438900.0
 10
-109900.0
 20
440300.0
 10
-114500.0
 20
440400.0
 10
-122200.0
 20
445700.0
 10
-122600.0
 20
450800.0
 10
-120400.0
 20
456500.0
 10
-120800.0
 20
458600.0
 10
-112700.0
 20
460500.0
 10
-110300.0
 20
459100.0
 10
-97900.0
 20
459900.0
 10
-101300.0
 20
462700.0
 10
-96700.0
 20
467500.0
 10
-98300.0
 20
468500.0
 10
-96700.0
 20
471400.0
 10
-109200.0
 20
472700.0
 10
-119700.0
 20
469400.0
 10
-121600.0
 20
471900.0
 10
-118800.0
 20
476200.0
 10
-118900.0
 20
479900.0
 10
-115700.0
 20
480400.0
 10
-112200.0
 20
477800.0
 10
-112200.0
 20
475200.0
 10
-111000.0
 20
474800.0
 10
-110400.0
 20
478200.0
 10
-112000.0
 20
480600.0
 10
-113400.0
 20
479600.0
 10
-114000.0
 20
484300.0
 10
-115800.0
 20
485000.0
 10
-116900.0
 20
487700.0
 10
-116400.0
 20
491000.0
 10
-113900.0
 20
492600.0
 10
-114700.0
 20
493700.0
 10
-111600.0
 20
496900.0
 10
-114700.0
 20
497200.0
 10
-117500.0
 20
492800.0
 10
-119400.0
 20
492600.0
 10
-120900.0
 20
494200.0
 10
-121900.0
 20
497200.0
 10
-116400.0
 20
498100.0
 10
-118800.0
 20
501000.0
 10
-119100.0
 20
502400.0
 10
-117400.0
 20
501300.0
 10
-120100.0
 20
505500.0
 10
-118500.0
 20
504700.0
 10
-117300.0
 20
506000.0
 10
-121800.0
 20
510000.0
 10
-122900.0
 20
508900.0
 10
-122500.0
 20
506700.0
 10
-124900.0
 20
506900.0
 10
-124300.0
 20
504500.0
 10
-127500.0
 20
504000.0
 10
-126600.0
 20
500100.0
 10
-128500.0
 20
499500.0
 10
-127000.0
 20
496700.0
 10
-130300.00000000001
 20
497200.0
 10
-130600.0
 20
500500.0
 10
-124900.0
 20
510800.0
 10
-128300.00000000001
 20
512600.0
 10
-127100.0
 20
512500.0
 10
-125200.0
 20
516100.0
 10
-119800.0
 20
519400.0
 10
-118500.0
 20
516200.00000000006
 10
-112800.0
 20
514000.0
 10
-116200.0
 20
510300.0
 10
-119300.0
 20
512400.0
 10
-119900.0
 20
510300.0
 10
-115400.0
 20
507700.0
 10
-112400.0
 20
510000.0
 10
-112500.0
 20
513200.00000000006
 10
-110200.0
 20
515200.00000000006
 10
-105300.0
 20
512299.99999999994
 10
-107200.0
 20
515700.00000000006
 10
-104500.0
 20
515400.0
 10
-109000.0
 20
517400.0
 10
-109800.0
 20
520200.00000000006
 10
-105600.0
 20
521600.0
 10
-100800.0
 20
518799.99999999994
 10
-89800.0
 20
516799.99999999994
 10
-87000.0
 20
517299.99999999994
 10
-85200.0
 20
515600.0
 10
-80100.0
 20
514299.99999999994
 10
-76600.0
 20
516299.99999999994
 10
-72500.0
 20
514200.00000000006
 10
-71500.0
 20
511100.0
 10
-69400.0
 20
511600.0
 10
-69100.0
 20
510700.0
 10
-69800.0
 20
507800.0
 10
-68500.0
 20
506900.0
 10
-69700.0
 20
504300.0
 10
-66200.0
 20
499700.0
 10
-66000.0
 20
495800.0
 10
-64900.00000000001
 20
502700.0
 10
-61800.0
 20
504500.0
 10
-58600.0
 20
511200.0
 10
-51300.0
 20
510500.0
 10
-46200.0
 20
507000.0
 10
-43000.0
 20
506700.0
 10
-40100.0
 20
507900.0
 10
-38400.0
 20
506400.0
 10
-34400.0
 20
506800.0
 10
-28400.0
 20
498300.0
 10
-24300.0
 20
498700.0
 10
-27200.0
 20
501200.0
 10
-27900.0
 20
503400.0
 10
-31000.0
 20
504700.0
 10
-28900.0
 20
507600.0
 10
-20900.0
 20
506100.0
 10
-22900.0
 20
508600.0
 10
-27100.0
 20
509900.0
 10
-26700.0
 20
512000.0
 10
-24600.0
 20
510200.0
 10
-23200.0
 20
510900.0
 10
-23600.0
 20
512000.0
 10
-26300.0
 20
513500.0
 10
-32700.000000000004
 20
514100.0
 10
-32600.0
 20
516500.0
 10
-19600.0
 20
523200.00000000006
 10
-18700.0
 20
528100.0
 10
-17400.0
 20
524900.0
 10
-1800.0
 20
529600.0
 10
-5500.0
 20
532400.0
 10
-1700.0
 20
535000.0
 10
-1700.0
 20
537200.0
 10
1500.0
 20
539700.0
 10
1600.0
 20
542400.0
 10
3900.0
 20
540700.0
 10
5400.0
 20
545200.0
 10
-2200.0
 20
543900.0
 10
-6100.0
 20
541600.0
 10
-5100.0
 20
544200.0
 10
-6400.0
 20
545400.0
 10
-17100.0
 20
538000.0
 10
-12100.0
 20
542100.0
 10
-12800.0
 20
544800.0
 10
-14300.0
 20
543900.0
 10
-13900.0
 20
546300.0
 10
-17000.0
 20
542300.0
 10
-18800.0
 20
545800.0
 10
-22700.0
 20
545000.0
 10
-23600.0
 20
543600.0
 10
-30500.0
 20
545400.0
 10
-31400.0
 20
547900.0
 10
-37700.0
 20
550600.0
 10
-36600.0
 20
552800.0
 10
-37700.0
 20
554200.0
 10
-34900.0
 20
555500.0
 10
-33200.0
 20
558300.0
 10
-26600.0
 20
561700.0
 10
-15100.0
 20
559300.0
 10
-19500.0
 20
561500.0
 10
-20600.0
 20
562900.0
 10
-19500.0
 20
563300.0
 10
-16600.0
 20
563100.0
 10
-14300.0
 20
560000.0
 10
-12000.0
 20
559700.0
 10
-15100.0
 20
563500.0
 10
-21000.0
 20
566700.0
 10
-16300.0
 20
570100.0
 10
-15200.0
 20
568700.0
 10
-10700.0
 20
568800.0
 10
-6000.0
 20
566900.0
 10
-9300.0
 20
569900.0
 10
-8100.0
 20
572600.0
 10
-4700.0
 20
572100.0
 10
-6000.0
 20
575000.0
 10
-8300.0
 20
575600.0
 10
-9000.0
 20
573300.0
 10
-10800.0
 20
573500.0
 10
-13100.0
 20
577700.0
 10
-13700.0
 20
579800.0
 10
-12800.0
 20
580400.0
 10
-10900.0
 20
578900.0
 10
-7400.0
 20
580100.0
 10
-10500.0
 20
582600.0
 10
-12600.0
 20
586700.0
 10
-10000.0
 20
586400.0
 10
-8900.0
 20
589400.0
 10
-7000.0
 20
589900.0
 10
-5000.0
 20
592900.0
 10
-4500.0
 20
589500.0
 10
-3600.0
 20
589400.0
 10
-2400.0
 20
591900.0
 10
-2900.0
 20
597200.0
 10
300.0
 20
603100.0
 10
4800.0
 20
601200.0
 10
9100.0
 20
602400.0
 10
7700.0
 20
598400.0
 10
10700.0
 20
601600.0
 10
17000.0
 20
604800.0
 10
18600.0
 20
608100.0
 10
20100.0
 20
608300.0
 10
21700.0
 20
606800.0
 10
17900.0
 20
603100.0
 10
24100.0
 20
604200.0
 10
24500.0
 20
600600.0
 10
27000.0
 20
601600.0
 10
24500.0
 20
598700.0
 10
27000.0
 20
598400.0
 10
28600.0
 20
601200.0
 10
27100.0
 20
606900.0
 10
31700.0
 20
611100.0
 10
30100.0
 20
604400.0
 10
31000.0
 20
602800.0
 10
32900.0
 20
603400.0
 10
36100.0
 20
600700.0
 10
37200.0
 20
596900.0
 10
36400.0
 20
593200.0
 10
39000.0
 20
598300.0
 10
37900.0
 20
605200.0
 10
36700.0
 20
606900.0
 10
36700.0
 20
601500.0
 10
35800.0
 20
601800.0
 10
31700.0
 20
605500.0
 10
32100.0
 20
606900.0
 10
34100.0
 20
610900.0
 10
36400.0
 20
610300.0
 10
39800.0
 20
612400.0
 10
41700.0
 20
612200.0
 10
43500.0
 20
608500.0
 10
42900.0
 20
603500.0
 10
45400.0
 20
601600.0
 10
47800.0
 20
594100.0
 10
46600.0
 20
591600.0
 10
39900.0
 20
587500.0
 10
44900.0
 20
586400.0
 10
44000.0
 20
584100.0
 10
39800.0
 20
581300.0
 10
36400.0
 20
577000.0
 10
51700.0
 20
587100.0
 10
52100.0
 20
590500.0
 10
50700.0
 20
591700.0
 10
52100.0
 20
596900.0
 10
47200.0
 20
605300.0
 10
49600.0
 20
609400.0
 10
49500.0
 20
613500.0
 10
52300.0
 20
612600.0
 10
53100.0
 20
614700.0
 10
56900.0
 20
612500.0
 10
60900.0
 20
615300.0
 10
62900.0
 20
612400.0
 10
61100.0
 20
612600.0
 10
62300.0
 20
611600.0
 10
65000.0
 20
610700.0
 10
66400.0
 20
611500.0
 10
60800.0
 20
617600.0
 10
60900.0
 20
620200.0
 10
58100.0
 20
622900.0
 10
59200.0
 20
623500.0
 10
69900.0
 20
618000.0
 10
74500.0
 20
611100.0
 10
83900.0
 20
606200.0
 10
85400.0
 20
606800.0
 10
86100.0
 20
605000.0
 10
85800.0
 20
602700.0
 10
70500.0
 20
595500.0
 10
64400.00000000001
 20
585500.0
 10
69500.0
 20
585900.0
 10
74400.0
 20
583700.0
 10
77300.0
 20
584400.0
 10
79900.0
 20
586700.0
 10
83100.0
 20
593600.0
 10
84300.0
 20
600200.0
 10
89200.0
 20
597500.0
 10
97400.0
 20
597400.0
 10
104900.0
 20
600300.0
 10
109300.0
 20
600300.0
 10
114200.0
 20
604000.0
 10
119300.0
 20
602000.0
 10
121800.0
 20
603400.0
 10
123400.0
 20
602900.0
 10
130400.0
 20
598700.0
 10
138000.0
 20
599300.0
 10
142400.0
 20
594600.0
 10
142400.0
 20
587200.0
 10
140800.0
 20
583100.0
 10
146200.0
 20
580400.0
 10
145100.0
 20
572500.0
 10
148600.0
 20
571100.0
 10
151200.0
 20
567600.0
 10
155000.0
 20
560100.0
 10
156000.0
 20
553900.0
 10
161200.0
 20
549500.0
 10
156300.0
 20
556600.0
 10
157400.0
 20
558400.0
 10
159300.0
 20
557800.0
 10
162300.0
 20
554000.0
 10
162900.0
 20
550500.0
 10
162600.0
 20
547400.0
 10
160000.0
 20
543400.0
 10
152300.0
 20
540800.0
 10
149200.0
 20
537800.0
 10
146600.0
 20
533500.0
 10
147800.0
 20
530400.0
 10
152400.0
 20
535100.0
 10
158500.0
 20
538200.0
 10
161900.0
 20
536700.0
 10
169700.0
 20
537500.0
 10
172000.0
 20
534900.0
 10
173100.0
 20
528200.0
 10
175200.0
 20
524900.0
 10
175600.0
 20
519000.0
 10
177900.0
 20
515400.0
 10
175400.0
 20
508800.0
 10
175400.0
 20
505100.0
 10
173500.0
 20
502700.0
 10
174300.0
 20
501500.0
 10
171600.0
 20
499300.0
 10
168000.0
 20
506700.0
 10
170400.0
 20
512700.00000000006
 10
169800.0
 20
518799.99999999994
 10
164500.0
 20
525300.0
 10
160900.0
 20
526600.0
 10
161000.0
 20
523600.0
 10
159700.0
 20
522100.0
 10
165400.0
 20
519500.0
 10
162500.0
 20
518500.0
 10
164400.0
 20
517299.99999999994
 10
165000.0
 20
511100.0
 10
162300.0
 20
504400.0
 10
159100.0
 20
501500.0
 10
167700.0
 20
504600.0
 10
169400.0
 20
502500.0
 10
169900.0
 20
498200.0
 10
167100.0
 20
492600.0
 10
163500.0
 20
490500.0
 10
161800.0
 20
487700.0
 10
160400.0
 20
489600.0
 10
156700.0
 20
490200.0
 10
148400.0
 20
488500.0
 10
145600.0
 20
474700.0
 10
135500.0
 20
467600.0
 10
131900.0
 20
467800.0
 10
130900.0
 20
469400.0
 10
132800.0
 20
470100.0
 10
127000.0
 20
472300.0
 10
126400.0
 20
474400.0
 10
121400.0
 20
476100.0
 10
127100.0
 20
468500.0
 10
131000.0
 20
465300.0
 10
128400.0
 20
461500.0
 10
114500.0
 20
466600.0
 10
115200.0
 20
465200.0
 10
113300.0
 20
460900.0
 10
112800.0
 20
453700.0
 10
116300.0
 20
450300.0
 10
121100.0
 20
449300.0
 10
120100.0
 20
444600.0
 10
122000.0
 20
441600.0
 10
120100.0
 20
437200.0
 10
120600.0
 20
426100.0
 10
124300.0
 20
420200.0
 10
129199.99999999999
 20
416700.0
 10
130000.0
 20
414200.0
  0
LWPOLYLINE
  5
D4
330
17
100
AcDbEntity
  8
COASTLINE
100
AcDbPolyline
 90
1263
 70
1
 10
320100.0
 20
718600.0
 10
329100.0
 20
721000.0
 10
345600.0
 20
729900.0
 10
350600.0
 20
726500.0
 10
350200.0
 20
722400.0
 10
348400.0
 20
719600.0
 10
349900.0
 20
719600.0
 10
350500.0
 20
717300.0
 10
352600.0
 20
715800.0
 10
359600.0
 20
714600.0
 10
364400.0
 20
709600.0
 10
359900.0
 20
704200.0
 10
351500.0
 20
700200.0
 10
348500.0
 20
700100.0
 10
344800.0
 20
702200.0
 10
340300.0
 20
701900.0
 10
330000.0
 20
692800.0
 10
327600.0
 20
686300.0
 10
322300.0
 20
685500.0
 10
316400.0
 20
682400.0
 10
311500.0
 20
682200.0
 10
301500.0
 20
685400.0
 10
296000.0
 20
685500.0
 10
285800.0
 20
692600.0
 10
290500.0
 20
688000.0
 10
292800.0
 20
683300.0
 10
295000.0
 20
683300.0
 10
296800.0
 20
680900.0
 10
301800.0
 20
681600.0
 10
312400.0
 20
678300.0
 10
317100.0
 20
678700.0
 10
318800.0
 20
676800.0
 10
330100.0
 20
675700.0
 10
332800.0
 20
673200.0
 10
341400.0
 20
675500.0
 10
345000.0
 20
679900.0
 10
346600.0
 20
680000.0
 10
345800.0
 20
682300.0
 10
348800.0
 20
685500.0
 10
360500.0
 20
685200.0
 10
364600.0
 20
681400.0
 10
363700.0
 20
679000.0
 10
367100.0
 20
678300.0
 10
368400.0
 20
679800.0
 10
380900.0
 20
671400.0
 10
391500.0
 20
669100.0
 10
392000.0
 20
666300.0
 10
395100.0
 20
664000.0
 10
399500.0
 20
655300.0
 10
411700.0
 20
637700.0
 10
413900.0
 20
639100.0
 10
416000.0
 20
636200.0
 10
414700.0
 20
635500.0
 10
419100.0
 20
635500.0
 10
423400.0
 20
632400.0
 10
424300.0
 20
628600.0
 10
423400.0
 20
627100.0
 10
425200.0
 20
625600.0
 10
424600.0
 20
623900.0
 10
426300.0
 20
621200.0
 10
426100.0
 20
609200.0
 10
428300.0
 20
602000.0
 10
427500.0
 20
598500.0
 10
431400.0
 20
589000.0
 10
430800.0
 20
584900.0
 10
437700.0
 20
567500.0
 10
440900.0
 20
563500.0
 10
441400.0
 20
556800.0
 10
446700.0
 20
539500.0
 10
449000.0
 20
536600.0
 10
453400.0
 20
534300.0
 10
452200.0
 20
533000.0
 10
454000.0
 20
529000.0
 10
451500.0
 20
525900.0
 10
453500.0
 20
526000.0
 10
454800.0
 20
524600.0
 10
455700.0
 20
528300.0
 10
458000.0
 20
525900.0
 10
478500.0
 20
519100.0
 10
493200.0
 20
510100.0
 10
495900.0
 20
506700.0
 10
496100.0
 20
503700.0
 10
500900.0
 20
498600.0
 10
503300.0
 20
490200.0
 10
504900.0
 20
488700.0
 10
504500.0
 20
487100.0
 10
506300.0
 20
484800.0
 10
512400.0
 20
481600.0
 10
513600.0
 20
477100.0
 10
515400.0
 20
475300.0
 10
523500.0
 20
472300.0
 10
525900.0
 20
470200.0
 10
520200.00000000006
 20
466800.0
 10
516700.00000000006
 20
460000.0
 10
521600.0
 20
446400.0
 10
541100.0
 20
418400.0
 10
542300.0
 20
414700.0
 10
541200.0
 20
410600.0
 10
539800.0
 20
409400.0
 10
541400.0
 20
414800.0
 10
540300.0
 20
415600.0
 10
534600.0
 20
418500.0
 10
529400.0
 20
416100.0
 10
526200.0
 20
416600.0
 10
514799.99999999994
 20
428000.0
 10
511900.0
 20
428400.0
 10
503600.0
 20
425400.0
 10
496200.0
 20
424700.0
 10
493800.0
 20
426700.0
 10
490000.0
 20
427000.0
 10
484200.0
 20
423400.0
 10
486400.0
 20
422000.0
 10
487400.0
 20
423700.0
 10
491200.0
 20
424800.0
 10
497200.0
 20
421100.0
 10
500000.0
 20
423100.0
 10
511800.0
 20
425500.0
 10
513700.00000000006
 20
424800.0
 10
519900.0
 20
415300.0
 10
526200.0
 20
410600.0
 10
529500.0
 20
410000.0
 10
539200.0
 20
401100.0
 10
542900.0
 20
399800.0
 10
544600.0
 20
395600.0
 10
547600.0
 20
393700.0
 10
556400.0
 20
372500.0
 10
557700.0
 20
363500.0
 10
556100.0
 20
356900.0
 10
553000.0
 20
355500.0
 10
545100.0
 20
347900.0
 10
540000.0
 20
339900.0
 10
536100.0
 20
336900.0
 10
535400.0
 20
334000.0
 10
541800.0
 20
334500.0
 10
546200.0
 20
331600.0
 10
551600.0
 20
324400.0
 10
556900.0
 20
325400.0
 10
561000.0
 20
321600.0
 10
560500.0
 20
324100.0
 10
564300.0
 20
329800.0
 10
566300.0
 20
338300.0
 10
569400.0
 20
342700.0
 10
572700.0
 20
344400.0
 10
579500.0
 20
345200.0
 10
579000.0
 20
346000.0
 10
580300.0
 20
346600.0
 10
590500.0
 20
345700.0
 10
599500.0
 20
343000.0
 10
602500.0
 20
344600.0
 10
599300.0
 20
346000.0
 10
620200.0
 20
341900.0
 10
628500.0
 20
338100.0
 10
645900.0
 20
326000.0
 10
649700.0
 20
321200.0
 10
653700.0
 20
309600.0
 10
654300.0
 20
299400.0
 10
656100.0
 20
294200.0
 10
651100.0
 20
276000.0
 10
647800.0
 20
269800.0
 10
648200.0
 20
261899.99999999997
 10
645500.0
 20
248600.0
 10
639200.0
 20
244700.0
 10
638100.0
 20
245400.0
 10
635200.0
 20
239300.0
 10
629100.0
 20
232100.0
 10
624200.0
 20
237900.0
 10
616700.0
 20
241400.0
 10
620800.0
 20
237400.0
 10
624700.0
 20
236500.0
 10
624800.0
 20
233700.0
 10
620400.0
 20
233200.0
 10
617500.0
 20
234600.0
 10
611000.0
 20
232800.0
 10
624300.0
 20
231800.0
 10
625700.0
 20
232700.0
 10
625500.0
 20
230600.0
 10
620300.0
 20
224700.0
 10
624900.0
 20
223400.0
 10
626300.0
 20
225400.0
 10
625800.0
 20
221300.0
 10
618600.0
 20
214900.0
 10
611600.0
 20
213000.0
 10
609600.0
 20
213600.0
 10
605400.0
 20
220300.0
 10
604300.0
 20
216900.0
 10
599200.0
 20
213200.0
 10
598500.0
 20
209300.0
 10
595900.0
 20
207700.0
 10
591100.0
 20
208100.0
 10
586500.0
 20
205800.0
 10
590000.0
 20
204700.0
 10
590900.0
 20
202900.0
 10
592800.0
 20
205000.0
 10
602400.0
 20
209100.0
 10
603500.0
 20
208000.0
 10
604200.0
 20
201900.0
 10
603200.0
 20
197100.0
 10
601600.0
 20
195700.0
 10
604500.0
 20
195000.0
 10
602700.0
 20
191800.0
 10
599300.0
 20
188400.0
 10
592300.0
 20
184700.0
 10
583900.0
 20
185200.0
 10
578400.0
 20
182000.0
 10
577200.0
 20
183000.0
 10
570600.0
 20
181400.0
 10
568800.0
 20
177000.0
 10
565800.0
 20
175400.0
 10
570200.0
 20
176300.0
 10
571600.0
 20
178600.0
 10
576100.0
 20
180000.0
 10
587200.0
 20
178800.0
 10
589300.0
 20
175500.0
 10
583600.0
 20
175000.0
 10
579000.0
 20
172100.0
 10
577700.0
 20
171200.0
 10
579300.0
 20
169200.0
 10
588900.0
 20
168500.0
 10
587900.0
 20
171300.0
 10
589700.0
 20
172400.0
 10
592500.0
 20
166400.0
 10
607400.0
 20
165300.0
 10
615900.0
 20
168400.0
 10
638300.0
 20
171500.0
 10
640000.0
 20
170500.0
 10
639400.0
 20
166100.0
 10
638300.0
 20
164500.0
 10
635400.0
 20
164000.0
 10
638400.0
 20
152500.0
 10
638000.0
 20
148200.0
 10
635000.0
 20
142200.0
 10
625400.0
 20
138400.0
 10
622300.0
 20
135700.0
 10
616400.0
 20
134900.0
 10
612300.0
 20
131300.0
 10
608300.0
 20
124600.0
 10
609500.0
 20
117400.0
 10
607100.0
 20
116300.0
 10
597000.0
 20
119300.0
 10
594200.0
 20
118200.0
 10
587600.0
 20
111200.0
 10
584800.0
 20
109900.0
 10
566700.0
 20
104800.0
 10
560300.0
 20
96700.0
 10
549800.0
 20
97800.0
 10
547800.0
 20
99400.0
 10
528800.0
 20
104900.0
 10
524500.0
 20
104000.0
 10
522000.0
 20
105000.0
 10
513000.0
 20
101500.0
 10
500900.0
 20
101300.0
 10
489500.0
 20
97200.0
 10
487700.0
 20
98200.0
 10
486800.0
 20
93800.0
 10
485500.0
 20
93000.0
 10
477400.0
 20
97500.0
 10
477200.0
 20
99300.0
 10
480200.0
 20
101600.0
 10
477200.0
 20
103900.0
 10
475500.0
 20
103100.0
 10
476200.0
 20
104600.0
 10
474800.0
 20
105400.0
 10
469000.0
 20
105400.0
 10
466600.0
 20
98600.0
 10
464800.0
 20
98300.0
 10
463300.0
 20
99900.0
 10
465600.0
 20
105300.0
 10
458900.0
 20
105200.0
 10
461800.0
 20
102500.0
 10
461800.0
 20
99200.0
 10
459900.0
 20
98300.0
 10
449300.0
 20
105100.0
 10
446600.0
 20
108300.0
 10
437600.0
 20
113300.0
 10
447800.0
 20
103100.0
 10
448200.0
 20
100300.0
 10
441100.0
 20
98900.0
 10
442100.0
 20
97400.0
 10
436200.0
 20
95500.0
 10
433600.0
 20
95800.0
 10
431100.0
 20
91100.0
 10
421800.0
 20
93400.0
 10
416200.0
 20
91200.0
 10
410200.0
 20
91900.0
 10
404300.0
 20
87900.0
 10
403700.0
 20
90400.0
 10
398500.0
 20
91200.0
 10
397300.0
 20
93400.0
 10
394300.0
 20
88800.0
 10
397600.0
 20
90400.0
 10
399900.0
 20
86800.0
 10
403400.0
 20
86300.0
 10
403400.0
 20
83600.0
 10
404900.0
 20
82800.0
 10
402400.0
 20
79700.0
 10
402600.0
 20
78100.0
 10
395500.0
 20
77300.0
 10
389000.0
 20
80100.0
 10
371900.0
 20
83000.0
 10
369300.0
 20
82100.0
 10
367500.0
 20
78600.0
 10
367100.0
 20
76300.0
 10
369700.0
 20
73200.0
 10
368000.0
 20
69900.0
 10
365900.0
 20
76900.0
 10
351200.0
 20
88400.0
 10
339100.0
 20
93000.0
 10
332100.0
 20
92000.0
 10
329600.0
 20
90300.0
 10
325300.0
 20
90900.0
 10
320600.0
 20
87900.0
 10
317700.0
 20
88800.0
 10
311100.0
 20
86900.0
 10
308500.0
 20
82800.0
 10
303300.0
 20
80600.0
 10
299600.0
 20
82000.0
 10
296600.0
 20
87600.0
 10
298700.0
 20
79900.0
 10
295200.0
 20
75400.0
 10
293300.0
 20
70100.0
 10
294500.0
 20
63200.0
 10
291300.0
 20
62800.0
 10
289600.0
 20
60300.0
 10
290000.0
 20
58500.0
 10
294400.0
 20
57200.0
 10
291500.0
 20
51100.0
 10
288400.0
 20
51900.0
 10
287800.0
 20
49400.0
 10
283900.0
 20
47100.0
 10
282200.0
 20
40300.0
 10
282700.0
 20
37500.0
 10
277500.0
 20
36100.0
 10
273500.0
 20
37400.0
 10
272500.0
 20
36200.0
 10
261300.0
 20
48400.0
 10
255300.0
 20
45900.0
 10
253800.0
 20
46500.0
 10
252700.0
 20
47500.0
 10
253200.0
 20
49000.0
 10
250100.0
 20
50600.0
 10
249400.0
 20
52400.0
 10
250400.0
 20
54400.0
 10
247000.0
 20
54500.0
 10
245700.0
 20
55900.0
 10
244400.0
 20
59800.0
 10
246800.0
 20
64400.00000000001
 10
243900.0
 20
64500.0
 10
243000.0
 20
62500.0
 10
241400.0
 20
62200.0
 10
242600.0
 20
59700.0
 10
241700.0
 20
57700.0
 10
237300.0
 20
57800.0
 10
238500.0
 20
56000.0
 10
242600.0
 20
56600.0
 10
244100.0
 20
55300.0
 10
241600.0
 20
53900.0
 10
245000.0
 20
53000.0
 10
243700.0
 20
51500.0
 10
243900.0
 20
49200.0
 10
242400.0
 20
49400.0
 10
239900.0
 20
53100.0
 10
233900.0
 20
54900.0
 10
230600.0
 20
54700.0
 10
222500.0
 20
50600.0
 10
209800.0
 20
49600.0
 10
208400.0
 20
52800.0
 10
203400.0
 20
50600.0
 10
203900.0
 20
48300.0
 10
202100.0
 20
46400.0
 10
202200.0
 20
43800.0
 10
200400.0
 20
40400.0
 10
196900.0
 20
41100.0
 10
189800.0
 20
37400.0
 10
185600.0
 20
31400.0
 10
184500.0
 20
36800.0
 10
182200.0
 20
37300.0
 10
181200.0
 20
33200.0
 10
182600.0
 20
31600.0
 10
180000.0
 20
30400.0
 10
179500.0
 20
27900.0
 10
176500.0
 20
26500.0
 10
180400.0
 20
25600.0
 10
181300.0
 20
22300.0
 10
178100.0
 20
17300.0
 10
174700.0
 20
17000.0
 10
171200.0
 20
11400.0
 10
167800.0
 20
14800.0
 10
166700.0
 20
20400.0
 10
162300.0
 20
26300.0
 10
150300.0
 20
31400.0
 10
146900.0
 20
29700.0
 10
147200.0
 20
26200.0
 10
145100.0
 20
23800.0
 10
137500.0
 20
22300.0
 10
134900.0
 20
23500.0
 10
134300.0
 20
26900.0
 10
135900.0
 20
28300.0
 10
135000.0
 20
32400.0
 10
137500.0
 20
35900.0
 10
149600.0
 20
41400.0
 10
154700.0
 20
38400.0
 10
158600.0
 20
43300.0
 10
163800.0
 20
44600.0
 10
172300.0
 20
52800.0
 10
176000.0
 20
54800.0
 10
176000.0
 20
60300.0
 10
183500.0
 20
63200.0
 10
185700.0
 20
73800.0
 10
187900.0
 20
76300.0
 10
191400.0
 20
77800.0
 10
192100.0
 20
73100.0
 10
193100.0
 20
73800.0
 10
198400.0
 20
72100.0
 10
193100.0
 20
76900.0
 10
193400.0
 20
80700.0
 10
202500.0
 20
81000.0
 10
205700.0
 20
86400.0
 10
205600.0
 20
89200.0
 10
212500.0
 20
93500.0
 10
214000.0
 20
96800.0
 10
218400.0
 20
100400.0
 10
220400.0
 20
104200.0
 10
220400.0
 20
114000.0
 10
223000.0
 20
122300.0
 10
222900.0
 20
127000.0
 10
229100.0
 20
126800.0
 10
236100.0
 20
124500.0
 10
238600.0
 20
125600.0
 10
245400.0
 20
133100.0
 10
242300.0
 20
141600.0
 10
245200.0
 20
141500.0
 10
245600.0
 20
143800.0
 10
244400.0
 20
146100.0
 10
249800.0
 20
148000.0
 10
271600.0
 20
149900.0
 10
276600.0
 20
151300.0
 10
299900.0
 20
146600.0
 10
303300.0
 20
143900.0
 10
326200.0
 20
146000.0
 10
328200.0
 20
147300.0
 10
327700.0
 20
145000.0
 10
328700.0
 20
144200.0
 10
330300.0
 20
148700.0
 10
328900.0
 20
158700.0
 10
331000.0
 20
158600.0
 10
333300.0
 20
164300.0
 10
332300.0
 20
165500.0
 10
333800.0
 20
167000.0
 10
336000.0
 20
166600.0
 10
344600.0
 20
176300.0
 10
350400.0
 20
178100.0
 10
358000.0
 20
190000.0
 10
359900.0
 20
191300.0
 10
361600.0
 20
195800.0
 10
368000.0
 20
203100.0
 10
372100.0
 20
204800.0
 10
373800.0
 20
207100.0
 10
372600.0
 20
209300.0
 10
371100.0
 20
206100.0
 10
366800.0
 20
205000.0
 10
350700.0
 20
187800.0
 10
340500.0
 20
183400.0
 10
334700.0
 20
183000.0
 10
332500.0
 20
185400.0
 10
318600.0
 20
173300.0
 10
319500.0
 20
171000.0
 10
317700.0
 20
167200.0
 10
315300.0
 20
167800.0
 10
310400.0
 20
165800.0
 10
291800.0
 20
168500.0
 10
284600.0
 20
176600.0
 10
282300.0
 20
176100.0
 10
279500.0
 20
178300.0
 10
277400.0
 20
186400.0
 10
271700.0
 20
193300.0
 10
262300.0
 20
191600.0
 10
261600.00000000003
 20
189900.0
 10
263200.0
 20
186700.0
 10
259600.00000000003
 20
185900.0
 10
258300.0
 20
187500.0
 10
256600.00000000003
 20
186100.0
 10
253000.0
 20
187400.0
 10
249900.0
 20
184900.0
 10
247800.0
 20
185700.0
 10
247500.0
 20
184500.0
 10
241300.0
 20
186600.0
 10
240900.0
 20
188100.0
 10
242200.0
 20
189100.0
 10
241600.0
 20
193400.0
 10
243900.0
 20
194100.0
 10
245500.0
 20
196400.0
 10
246400.0
 20
194000.0
 10
255400.0
 20
195500.0
 10
256899.99999999997
 20
199500.0
 10
254400.0
 20
198300.0
 10
248000.0
 20
200900.0
 10
240000.0
 20
200200.0
 10
235800.0
 20
205800.0
 10
239900.0
 20
205500.0
 10
240500.0
 20
206400.0
 10
237000.0
 20
207500.0
 10
237000.0
 20
212700.0
 10
234500.0
 20
209700.0
 10
231400.0
 20
211100.0
 10
232600.0
 20
208200.0
 10
230200.0
 20
207000.0
 10
222400.0
 20
207900.0
 10
217400.0
 20
207000.0
 10
215100.0
 20
205500.0
 10
212500.0
 20
198100.0
 10
210900.0
 20
199100.0
 10
209200.0
 20
197600.0
 10
202000.0
 20
197800.0
 10
196100.0
 20
192900.0
 10
189300.0
 20
196400.0
 10
189100.0
 20
199800.0
 10
184400.0
 20
202300.0
 10
190200.0
 20
202100.0
 10
189800.0
 20
203700.0
 10
193500.0
 20
202800.0
 10
203600.0
 20
205500.0
 10
201400.0
 20
211000.0
 10
202600.0
 20
213200.0
 10
205300.0
 20
213700.0
 10
205300.0
 20
214600.0
 10
197700.0
 20
212600.0
 10
199900.0
 20
211000.0
 10
200400.0
 20
208500.0
 10
199000.0
 20
206200.0
 10
192100.0
 20
205100.0
 10
182600.0
 20
206800.0
 10
181300.0
 20
206400.0
 10
181900.0
 20
204600.0
 10
180100.0
 20
203700.0
 10
180300.0
 20
205600.0
 10
175700.0
 20
208900.0
 10
178200.0
 20
209000.0
 10
185500.0
 20
213400.0
 10
184800.0
 20
222100.0
 10
178400.0
 20
224800.0
 10
172100.0
 20
223600.0
 10
173900.0
 20
229400.0
 10
177700.0
 20
229900.0
 10
179900.0
 20
231900.0
 10
185800.0
 20
233500.0
 10
188000.0
 20
235300.0
 10
189500.0
 20
240900.0
 10
192500.0
 20
240900.0
 10
196800.0
 20
238500.0
 10
200200.0
 20
239200.0
 10
199700.0
 20
240700.0
 10
205100.0
 20
239000.0
 10
205500.0
 20
242800.0
 10
209700.0
 20
244400.0
 10
213800.0
 20
249600.0
 10
217000.0
 20
247700.0
 10
216900.0
 20
251000.0
 10
219600.0
 20
252200.0
 10
228900.0
 20
251900.0
 10
237100.0
 20
258800.0
 10
241900.0
 20
260100.00000000003
 10
250200.0
 20
266800.0
 10
256500.0
 20
276200.0
 10
260500.0
 20
289800.0
 10
260600.00000000003
 20
294400.0
 10
263300.0
 20
293500.0
 10
268100.0
 20
296400.0
 10
266200.0
 20
297200.0
 10
260899.99999999997
 20
295800.0
 10
256200.0
 20
302800.0
 10
257600.00000000003
 20
308300.0
 10
261100.00000000003
 20
313400.0
 10
265800.0
 20
317000.0
 10
261700.0
 20
315700.0
 10
255300.0
 20
326000.0
 10
257500.0
 20
328000.0
 10
256800.0
 20
334500.0
 10
261300.0
 20
337700.0
 10
260399.99999999997
 20
338600.0
 10
258899.99999999997
 20
337300.0
 10
257700.0
 20
338700.0
 10
255900.0
 20
337400.0
 10
250300.0
 20
338100.0
 10
242900.0
 20
335300.0
 10
238200.0
 20
335500.0
 10
233000.0
 20
331000.0
 10
231600.0
 20
328400.0
 10
232300.0
 20
325800.0
 10
230400.0
 20
324300.0
 10
225200.0
 20
327500.0
 10
221500.0
 20
325700.0
 10
217800.0
 20
326300.0
 10
214800.0
 20
324200.0
 10
213800.0
 20
324900.0
 10
215900.0
 20
329400.0
 10
225600.0
 20
339900.0
 10
230500.0
 20
341500.0
 10
241900.0
 20
350500.0
 10
243400.0
 20
359800.0
 10
244700.0
 20
358600.0
 10
254700.0
 20
371200.0
 10
258399.99999999997
 20
372800.0
 10
262100.00000000003
 20
372200.0
 10
268400.0
 20
375700.0
 10
278000.0
 20
378500.0
 10
275000.0
 20
383900.0
 10
279500.0
 20
381500.0
 10
282300.0
 20
381700.0
 10
285700.0
 20
378000.0
 10
293300.0
 20
378100.0
 10
308800.0
 20
384700.0
 10
311500.0
 20
384700.0
 10
325200.0
 20
374500.0
 10
327500.0
 20
371400.0
 10
327800.0
 20
375900.0
 10
321200.0
 20
389100.0
 10
329800.0
 20
393600.0
 10
332800.0
 20
391600.0
 10
336600.0
 20
381200.0
 10
341300.0
 20
377200.0
 10
343400.0
 20
377200.0
 10
344300.0
 20
378800.0
 10
348400.0
 20
378400.0
 10
350200.0
 20
379400.0
 10
350600.0
 20
382700.0
 10
353500.0
 20
384100.0
 10
349200.0
 20
383400.0
 10
346800.0
 20
380800.0
 10
338500.0
 20
384100.0
 10
334900.0
 20
388900.0
 10
327100.0
 20
407400.0
 10
332600.0
 20
417900.0
 10
340800.0
 20
426900.0
 10
335100.0
 20
427100.0
 10
330900.0
 20
430900.0
 10
330700.0
 20
446100.0
 10
333300.0
 20
448900.0
 10
339300.0
 20
451100.0
 10
341800.0
 20
450400.0
 10
343800.0
 20
452700.0
 10
343100.0
 20
454000.0
 10
345700.0
 20
458100.0
 10
341400.0
 20
456600.0
 10
340000.0
 20
460200.0
 10
343900.0
 20
465400.0
 10
346000.0
 20
466200.0
 10
348100.0
 20
470200.0
 10
344400.0
 20
477900.0
 10
347300.0
 20
479900.0
 10
348200.0
 20
484000.0
 10
338800.0
 20
473700.0
 10
334900.0
 20
474200.0
 10
333900.0
 20
480000.0
 10
331700.0
 20
481200.0
 10
330800.0
 20
474500.0
 10
325200.0
 20
467700.0
 10
325100.0
 20
463700.0
 10
322300.0
 20
467500.0
 10
319000.0
 20
469200.0
 10
319600.0
 20
474400.0
 10
318600.0
 20
476000.0
 10
320800.0
 20
476700.0
 10
321500.0
 20
485900.0
 10
319900.0
 20
484200.0
 10
319700.0
 20
479200.0
 10
314800.0
 20
478100.0
 10
308500.0
 20
487800.0
 10
308200.0
 20
495100.0
 10
294300.0
 20
514299.99999999994
 10
302900.0
 20
537300.0
 10
307500.0
 20
541700.0
 10
307500.0
 20
545700.0
 10
311100.0
 20
555200.0
 10
313900.0
 20
557300.0
 10
316300.0
 20
555400.0
 10
319600.0
 20
556800.0
 10
315700.0
 20
559200.0
 10
318300.0
 20
561700.0
 10
322400.0
 20
562900.0
 10
328200.0
 20
560400.0
 10
334700.0
 20
562700.0
 10
330200.0
 20
562700.0
 10
334700.0
 20
565000.0
 10
333100.0
 20
565800.0
 10
327400.0
 20
564300.0
 10
307100.0
 20
566200.0
 10
304100.0
 20
567500.0
 10
302400.0
 20
565800.0
 10
299600.0
 20
567900.0
 10
298600.0
 20
555500.0
 10
289900.0
 20
555400.0
 10
288500.0
 20
553100.0
 10
283900.0
 20
553900.0
 10
283700.0
 20
552700.0
 10
282600.0
 20
553900.0
 10
283300.0
 20
555300.0
 10
283900.0
 20
554600.0
 10
283500.0
 20
556100.0
 10
280800.0
 20
551600.0
 10
282900.0
 20
549300.0
 10
273700.0
 20
543700.0
 10
270700.0
 20
543300.0
 10
268700.0
 20
543500.0
 10
267900.0
 20
545000.0
 10
268500.0
 20
548400.0
 10
267500.0
 20
550500.0
 10
265800.0
 20
548100.0
 10
266100.0
 20
544400.0
 10
263500.0
 20
544100.0
 10
260300.0
 20
546300.0
 10
258200.0
 20
550200.0
 10
258899.99999999997
 20
554600.0
 10
254300.0
 20
551800.0
 10
248800.0
 20
554900.0
 10
246000.0
 20
559600.0
 10
244400.0
 20
555400.0
 10
244900.0
 20
552800.0
 10
245700.0
 20
550400.0
 10
248500.0
 20
549400.0
 10
249400.0
 20
546900.0
 10
248400.0
 20
544300.0
 10
248800.0
 20
536600.0
 10
246500.0
 20
534300.0
 10
239200.0
 20
536800.0
 10
233100.0
 20
545400.0
 10
221500.0
 20
552200.0
 10
220400.0
 20
555400.0
 10
216600.0
 20
556100.0
 10
212200.0
 20
553100.0
 10
210200.0
 20
549500.0
 10
213500.0
 20
538200.0
 10
215300.0
 20
536600.0
 10
215600.0
 20
530200.0
 10
209600.0
 20
533400.0
 10
209800.0
 20
541100.0
 10
207700.0
 20
541900.0
 10
206900.0
 20
546000.0
 10
197600.0
 20
558400.0
 10
196800.0
 20
570800.0
 10
197300.0
 20
572800.0
 10
200300.0
 20
573600.0
 10
201000.0
 20
575200.0
 10
203700.0
 20
570000.0
 10
204000.0
 20
563900.0
 10
206900.0
 20
561400.0
 10
208600.0
 20
563300.0
 10
205100.0
 20
574500.0
 10
208400.0
 20
587100.0
 10
217700.0
 20
595800.0
 10
220400.0
 20
607800.0
 10
224400.0
 20
611900.0
 10
226100.0
 20
616800.0
 10
232500.0
 20
620400.0
 10
234700.0
 20
625500.0
 10
232800.0
 20
630200.0
 10
230600.0
 20
631100.0
 10
232000.0
 20
633100.0
 10
230500.0
 20
637900.0
 10
222700.0
 20
641800.0
 10
223300.0
 20
643600.0
 10
216600.0
 20
650000.0
 10
220600.0
 20
655200.0
 10
219700.0
 20
673400.0
 10
222200.0
 20
676500.0
 10
225300.0
 20
677400.0
 10
233200.0
 20
674400.0
 10
243500.0
 20
672400.0
 10
245000.0
 20
673400.0
 10
235900.0
 20
675700.0
 10
233200.0
 20
677500.0
 10
230200.0
 20
681700.0
 10
226600.0
 20
684000.0
 10
223400.0
 20
691200.0
 10
223400.0
 20
687800.0
 10
226800.0
 20
681200.0
 10
225200.0
 20
680100.0
 10
222200.0
 20
680900.0
 10
221700.0
 20
689700.0
 10
229100.0
 20
702900.0
 10
229200.0
 20
705000.0
 10
222800.0
 20
694800.0
 10
221000.0
 20
695600.0
 10
220500.0
 20
701700.0
 10
218800.0
 20
701100.0
 10
220500.0
 20
691300.0
 10
219200.0
 20
688400.0
 10
219700.0
 20
681200.0
 10
215800.0
 20
682100.0
 10
218200.0
 20
678200.0
 10
214400.0
 20
669200.0
 10
212700.0
 20
668100.0
 10
209800.0
 20
669900.0
 10
208400.0
 20
678200.0
 10
205400.0
 20
684100.0
 10
204300.0
 20
683300.0
 10
207300.0
 20
675300.0
 10
207100.0
 20
671900.0
 10
202000.0
 20
675900.0
 10
201600.0
 20
679700.0
 10
197400.0
 20
671400.0
 10
199600.0
 20
664400.0
 10
193100.0
 20
668000.0
 10
191400.0
 20
672900.0
 10
192600.0
 20
679000.0
 10
191900.0
 20
683200.0
 10
200900.0
 20
696500.0
 10
207300.0
 20
699800.0
 10
211400.0
 20
706800.0
 10
217900.0
 20
710400.0
 10
219300.0
 20
713300.0
 10
215800.0
 20
710100.0
 10
210100.0
 20
708300.0
 10
207100.0
 20
702400.0
 10
199500.0
 20
697600.0
 10
193900.0
 20
690000.0
 10
191700.0
 20
689300.0
 10
190100.0
 20
684700.0
 10
186000.0
 20
685000.0
 10
185500.0
 20
687000.0
 10
184400.0
 20
679000.0
 10
185900.0
 20
678100.0
 10
187500.0
 20
671900.0
 10
186900.0
 20
668900.0
 10
190200.0
 20
665000.0
 10
192100.0
 20
659400.0
 10
191600.0
 20
657900.0
 10
184500.0
 20
652900.0
 10
181900.0
 20
645500.0
 10
180500.0
 20
644500.0
 10
180700.0
 20
640700.0
 10
182400.0
 20
638600.0
 10
180100.0
 20
636100.0
 10
178300.0
 20
626800.0
 10
173300.0
 20
620700.0
 10
175800.0
 20
618300.0
 10
177400.0
 20
614500.0
 10
176700.0
 20
612800.0
 10
170600.0
 20
607300.0
 10
166500.0
 20
608100.0
 10
161800.0
 20
606800.0
 10
160100.0
 20
608700.0
 10
160000.0
 20
618200.0
 10
165100.0
 20
623400.0
 10
166200.0
 20
634000.0
 10
165400.0
 20
636400.0
 10
168900.0
 20
644700.0
 10
168700.0
 20
648500.0
 10
172200.0
 20
651200.0
 10
175400.0
 20
657400.0
 10
180400.0
 20
660700.0
 10
183800.0
 20
666800.0
 10
174300.0
 20
658200.0
 10
170700.0
 20
662100.0
 10
170100.0
 20
667500.0
 10
177100.0
 20
677000.0
 10
170500.0
 20
672100.0
 10
169100.0
 20
675400.0
 10
177600.0
 20
688500.0
 10
174200.0
 20
687200.0
 10
169300.0
 20
677400.0
 10
168600.0
 20
678400.0
 10
169500.0
 20
682700.0
 10
177600.0
 20
695100.0
 10
180400.0
 20
693800.0
 10
178900.0
 20
698800.0
 10
182300.0
 20
705100.0
 10
180400.0
 20
704600.0
 10
176100.0
 20
700000.0
 10
179900.0
 20
708300.0
 10
179500.0
 20
709800.0
 10
183800.0
 20
713000.0
 10
182600.0
 20
714300.0
 10
177600.0
 20
712200.0
 10
179200.0
 20
720800.0
 10
181200.0
 20
723500.0
 10
183900.0
 20
722800.0
 10
187100.0
 20
723900.0
 10
181600.0
 20
724200.0
 10
187000.0
 20
733000.0
 10
195300.0
 20
734200.0
 10
202300.0
 20
732900.0
 10
208200.0
 20
739400.0
 10
211800.0
 20
745700.0
 10
202900.0
 20
734600.0
 10
193800.0
 20
736200.0
 10
192000.0
 20
734800.0
 10
190200.0
 20
739800.0
 10
187300.0
 20
736200.0
 10
186500.0
 20
736900.0
 10
189300.0
 20
743700.0
 10
193600.0
 20
741500.0
 10
200900.0
 20
746200.0
 10
192700.0
 20
742700.0
 10
190200.0
 20
744400.0
 10
193800.0
 20
751100.0
 10
197900.0
 20
755400.0
 10
196800.0
 20
757100.0
 10
203000.0
 20
759800.0
 10
206900.0
 20
758800.0
 10
216800.0
 20
762300.0
 10
206600.0
 20
760500.0
 10
201900.0
 20
763000.0
 10
209700.0
 20
774000.0
 10
202400.0
 20
767900.0
 10
200100.0
 20
762700.0
 10
195600.0
 20
760700.0
 10
178700.0
 20
743300.0
 10
174000.0
 20
739900.0
 10
168300.0
 20
744800.0
 10
169800.0
 20
748500.0
 10
166900.0
 20
745500.0
 10
163200.0
 20
746500.0
 10
154500.0
 20
754600.0
 10
154400.0
 20
757200.0
 10
159000.0
 20
758400.0
 10
164600.0
 20
754900.0
 10
163200.0
 20
758900.0
 10
169900.0
 20
762900.0
 10
176700.0
 20
760300.0
 10
183100.0
 20
761600.0
 10
177400.0
 20
761100.0
 10
170600.0
 20
764400.0
 10
161400.0
 20
760500.0
 10
149200.0
 20
763600.0
 10
145200.0
 20
761800.0
 10
141600.0
 20
763900.0
 10
141100.0
 20
767700.0
 10
144600.0
 20
770400.0
 10
154000.0
 20
770800.0
 10
157900.0
 20
772900.0
 10
164600.0
 20
768300.0
 10
162700.0
 20
772700.0
 10
165500.0
 20
771700.0
 10
167900.0
 20
773100.0
 10
170600.0
 20
772200.0
 10
166200.0
 20
774800.0
 10
165100.0
 20
777400.0
 10
172400.0
 20
778800.0
 10
177000.0
 20
781700.0
 10
175100.0
 20
782100.0
 10
171800.0
 20
779900.0
 10
169400.0
 20
780700.0
 10
172600.0
 20
784300.0
 10
161300.0
 20
784900.0
 10
165500.0
 20
785400.0
 10
164000.0
 20
787900.0
 10
167400.0
 20
796100.0
 10
172200.0
 20
799100.0
 10
173800.0
 20
798700.0
 10
177800.0
 20
793500.0
 10
183100.0
 20
793700.0
 10
186100.0
 20
795800.0
 10
179700.0
 20
794800.0
 10
176300.0
 20
797000.0
 10
176800.0
 20
799900.0
 10
175500.0
 20
801000.0
 10
173100.0
 20
800300.0
 10
170800.0
 20
802000.0
 10
171200.0
 20
804600.0
 10
175200.0
 20
809400.0
 10
179400.0
 20
810200.0
 10
184600.0
 20
806700.0
 10
194200.0
 20
806800.0
 10
193100.0
 20
808500.0
 10
185700.0
 20
807300.0
 10
183200.0
 20
810500.0
 10
177500.0
 20
813500.0
 10
181200.0
 20
819800.0
 10
180200.0
 20
821700.0
 10
184300.0
 20
825200.0
 10
186400.0
 20
825600.0
 10
192000.0
 20
820000.0
 10
194400.0
 20
820600.0
 10
189000.0
 20
826200.0
 10
192900.0
 20
830700.0
 10
191500.0
 20
831400.0
 10
188900.0
 20
828500.0
 10
184400.0
 20
826500.0
 10
179700.0
 20
828200.0
 10
175900.0
 20
827700.0
 10
175400.0
 20
829200.0
 10
177300.0
 20
832900.0
 10
180300.0
 20
835200.0
 10
181300.0
 20
833500.0
 10
182700.0
 20
833700.0
 10
189600.0
 20
836600.0
 10
192400.0
 20
839000.0
 10
193100.0
 20
842100.0
 10
192000.0
 20
842400.0
 10
185800.0
 20
835900.0
 10
181300.0
 20
837400.0
 10
183300.0
 20
838900.0
 10
182700.0
 20
842000.0
 10
177100.0
 20
836000.0
 10
172400.0
 20
835000.0
 10
171100.0
 20
835800.0
 10
170300.0
 20
840200.0
 10
171400.0
 20
845500.0
 10
168600.0
 20
846800.0
 10
168000.0
 20
851500.0
 10
170000.0
 20
858600.0
 10
170900.0
 20
858600.0
 10
170600.0
 20
860900.0
 10
172700.0
 20
861000.0
 10
182100.0
 20
852600.0
 10
181400.0
 20
854900.0
 10
189900.0
 20
855600.0
 10
185500.0
 20
858000.0
 10
181100.0
 20
856400.0
 10
179100.0
 20
858900.0
 10
180000.0
 20
860300.0
 10
178100.0
 20
860800.0
 10
175500.0
 20
866700.0
 10
173000.0
 20
867800.0
 10
174200.0
 20
873700.0
 10
177600.0
 20
874800.0
 10
180000.0
 20
872800.0
 10
181200.0
 20
874800.0
 10
178600.0
 20
877600.0
 10
173700.0
 20
879000.0
 10
173800.0
 20
889000.0
 10
176100.0
 20
892700.0
 10
180700.0
 20
892600.0
 10
182100.0
 20
891600.0
 10
182500.0
 20
883900.0
 10
185700.0
 20
881400.0
 10
184600.0
 20
883800.0
 10
187000.0
 20
882900.0
 10
187200.0
 20
888100.0
 10
183600.0
 20
895300.0
 10
186200.0
 20
899000.0
 10
187600.0
 20
897400.0
 10
189800.0
 20
897300.0
 10
189300.0
 20
894200.0
 10
193200.0
 20
890500.0
 10
195100.0
 20
890100.0
 10
197800.0
 20
896100.0
 10
208900.0
 20
888700.0
 10
203300.0
 20
894700.0
 10
199100.0
 20
897100.0
 10
199200.0
 20
899100.0
 10
200500.0
 20
898500.0
 10
200900.0
 20
899800.0
 10
204700.0
 20
895800.0
 10
207200.0
 20
896400.0
 10
210500.0
 20
894300.0
 10
215000.0
 20
890800.0
 10
217800.0
 20
886800.0
 10
216400.0
 20
891000.0
 10
209300.0
 20
897000.0
 10
211000.0
 20
898500.0
 10
210500.0
 20
901300.0
 10
205400.0
 20
903800.0
 10
201600.0
 20
907400.0
 10
201300.0
 20
909400.0
 10
197700.0
 20
909800.0
 10
198600.0
 20
912100.0
 10
196900.0
 20
915800.0
 10
198100.0
 20
917200.0
 10
200300.0
 20
916500.0
 10
201500.0
 20
913500.0
 10
202900.0
 20
914500.0
 10
205400.0
 20
913800.0
 10
206900.0
 20
915500.0
 10
206300.0
 20
919300.0
 10
207100.0
 20
920100.0
 10
206000.0
 20
921000.0
 10
209300.0
 20
922300.0
 10
206500.0
 20
923300.0
 10
204200.0
 20
926300.0
 10
204800.0
 20
928600.0
 10
201000.0
 20
933500.0
 10
201100.0
 20
935300.0
 10
206800.0
 20
932700.0
 10
211400.0
 20
934800.0
 10
213900.0
 20
933500.0
 10
216600.0
 20
935700.0
 10
220100.0
 20
933200.0
 10
223900.0
 20
933100.0
 10
227800.0
 20
929800.0
 10
225100.0
 20
933000.0
 10
228400.0
 20
934400.0
 10
223600.0
 20
935400.0
 10
221100.0
 20
934200.0
 10
216300.0
 20
939500.0
 10
214400.0
 20
945000.0
 10
215600.0
 20
944900.0
 10
216500.0
 20
951700.0
 10
221300.0
 20
948400.0
 10
223800.0
 20
948400.0
 10
221600.0
 20
952300.0
 10
219100.0
 20
951600.0
 10
220000.0
 20
953100.0
 10
218800.0
 20
954000.0
 10
222100.0
 20
955800.0
 10
225200.0
 20
953700.0
 10
219100.0
 20
959600.0
 10
219200.0
 20
961700.0
 10
223900.0
 20
965800.0
 10
226600.0
 20
975000.0
 10
235300.0
 20
972000.0
 10
237000.0
 20
966900.0
 10
236000.0
 20
963100.0
 10
237600.0
 20
964900.0
 10
238800.0
 20
972100.0
 10
245300.0
 20
966200.0
 10
239000.0
 20
954400.0
 10
248000.0
 20
962600.0
 10
249800.0
 20
968000.0
 10
251200.0
 20
968600.0
 10
256100.00000000003
 20
966800.0
 10
258899.99999999997
 20
964600.0
 10
258800.0
 20
962200.0
 10
254500.0
 20
954000.0
 10
263700.0
 20
963600.0
 10
265800.0
 20
964300.0
 10
270000.0
 20
961800.0
 10
269200.0
 20
962600.0
 10
270900.0
 20
964800.0
 10
273400.0
 20
964100.0
 10
275100.0
 20
966200.0
 10
279000.0
 20
965600.0
 10
282200.0
 20
969200.0
 10
283600.0
 20
966500.0
 10
289800.0
 20
965700.0
 10
294800.0
 20
966400.0
 10
301400.0
 20
970500.0
 10
307300.0
 20
972100.0
 10
310500.0
 20
971400.0
 10
309700.0
 20
970600.0
 10
311100.0
 20
969300.0
 10
316000.0
 20
970500.0
 10
320800.0
 20
968900.0
 10
321600.0
 20
971100.0
 10
318100.0
 20
975100.0
 10
320400.0
 20
977400.0
 10
322300.0
 20
974100.0
 10
330200.0
 20
975400.0
 10
333200.0
 20
973200.0
 10
339000.0
 20
973800.0
 10
340900.0
 20
972900.0
 10
339100.0
 20
967000.0
 10
334300.0
 20
958800.0
 10
334900.0
 20
955700.0
 10
338500.0
 20
954800.0
 10
338400.0
 20
952600.0
 10
330800.0
 20
938400.0
 10
328600.0
 20
935900.0
 10
318800.0
 20
931500.0
 10
311000.0
 20
920900.0
 10
297800.0
 20
910500.0
 10
293300.0
 20
908400.0
 10
290700.0
 20
903100.0
 10
282300.0
 20
898500.0
 10
281600.0
 20
895800.0
 10
280800.0
 20
897300.0
 10
276800.0
 20
899100.0
 10
277100.0
 20
896700.0
 10
280700.0
 20
895400.0
 10
282300.0
 20
892700.0
 10
280900.0
 20
888300.0
 10
277300.0
 20
889100.0
 10
275200.0
 20
886900.0
 10
268500.0
 20
889300.0
 10
263700.0
 20
888200.0
 10
258300.0
 20
893500.0
 10
263100.0
 20
887000.0
 10
265400.0
 20
886400.0
 10
269100.0
 20
887700.0
 10
272400.0
 20
884300.0
 10
273400.0
 20
884300.0
 10
273100.0
 20
886200.0
 10
278900.0
 20
882800.0
 10
282300.0
 20
885400.0
 10
284200.0
 20
884900.0
 10
285300.0
 20
883400.0
 10
284400.0
 20
882000.0
 10
286300.0
 20
881400.0
 10
293400.0
 20
887800.0
 10
294500.0
 20
886500.0
 10
293800.0
 20
883800.0
 10
281600.0
 20
869100.0
 10
279500.0
 20
869400.0
 10
280000.0
 20
872200.0
 10
278500.0
 20
873800.0
 10
276400.0
 20
873100.0
 10
270800.0
 20
868700.0
 10
263300.0
 20
867900.0
 10
262300.0
 20
865100.0
 10
256000.0
 20
859600.0
 10
254900.0
 20
856800.0
 10
268800.0
 20
867100.0
 10
275000.0
 20
865100.0
 10
280300.0
 20
868300.0
 10
279200.0
 20
864600.0
 10
273500.0
 20
857900.0
 10
274200.0
 20
856300.0
 10
270300.0
 20
855500.0
 10
269300.0
 20
853000.0
 10
264700.0
 20
853600.0
 10
267900.0
 20
852000.0
 10
265300.0
 20
847500.0
 10
268500.0
 20
846700.0
 10
278300.0
 20
853700.0
 10
275500.0
 20
857000.0
 10
290300.0
 20
857400.0
 10
299600.0
 20
864000.0
 10
303100.0
 20
864700.0
 10
301900.0
 20
862500.0
 10
305100.0
 20
862400.0
 10
304000.0
 20
865400.0
 10
308500.0
 20
864600.0
 10
310300.0
 20
866400.0
 10
311200.0
 20
870200.0
 10
316200.0
 20
871300.0
 10
323600.0
 20
870800.0
 10
328000.0
 20
867800.0
 10
338400.0
 20
864800.0
 10
345500.0
 20
868500.0
 10
354900.0
 20
868400.0
 10
356500.0
 20
866800.0
 10
360800.0
 20
867700.0
 10
367800.0
 20
866000.0
 10
368700.0
 20
864400.0
 10
370400.0
 20
865900.0
 10
374300.0
 20
864300.0
 10
378600.0
 20
865900.0
 10
380500.0
 20
865000.0
 10
382500.0
 20
867400.0
 10
387600.0
 20
865100.0
 10
393700.0
 20
868400.0
 10
400200.0
 20
868100.0
 10
401700.0
 20
865100.0
 10
404100.0
 20
865800.0
 10
410300.0
 20
858200.0
 10
412100.0
 20
848400.0
 10
414400.0
 20
845300.0
 10
413200.0
 20
843400.0
 10
414500.0
 20
842600.0
 10
410300.0
 20
837300.0
 10
409100.0
 20
833800.0
 10
401300.0
 20
825400.0
 10
396000.0
 20
809300.0
 10
395800.0
 20
805000.0
 10
397100.0
 20
803100.0
 10
388700.0
 20
788200.0
 10
387900.0
 20
784200.0
 10
388700.0
 20
780400.0
 10
386700.0
 20
775700.0
 10
380600.0
 20
767800.0
 10
374000.0
 20
762300.0
 10
370200.0
 20
751400.0
 10
370600.0
 20
748400.0
 10
368500.0
 20
744500.0
 10
357000.0
 20
734800.0
 10
355300.0
 20
731100.0
 10
353000.0
 20
731800.0
 10
334700.0
 20
729300.0
 10
330200.0
 20
726700.0
 10
323600.0
 20
720200.0
 10
321000.0
 20
719100.0
 10
318300.0
 20
720100.0
 10
320100.0
 20
718600.0
  0
LWPOLYLINE
  5
D5
330
17
100
AcDbEntity
  8
COASTLINE
100
AcDbPolyline
 90
8
 70
1
 10
604800.0
 20
169000.0
 10
602800.0
 20
166800.0
 10
593200.0
 20
167700.0
 10
590200.0
 20
171700.0
 10
591000.0
 20
174800.0
 10
592400.0
 20
175700.0
 10
601100.0
 20
173100.0
 10
604800.0
 20
169000.0
  0
LWPOLYLINE
  5
D6
330
17
100
AcDbEntity
  8
COASTLINE
100
AcDbPolyline
 90
12
 70
1
 10
211000.0
 20
653500.0
 10
209900.0
 20
651900.0
 10
204700.0
 20
659000.0
 10
203500.0
 20
665400.0
 10
201100.0
 20
667900.0
 10
200100.0
 20
673300.0
 10
202200.0
 20
674300.0
 10
207400.0
 20
669500.0
 10
210700.0
 20
661100.0
 10
211200.0
 20
657600.0
 10
209900.0
 20
654800.0
 10
211000.0
 20
653500.0
  0
LWPOLYLINE
  5
D7
330
17
100
AcDbEntity
  8
COASTLINE
100
AcDbPolyline
 90
10
 70
1
 10
82700.0
 20
856800.0
 10
88200.0
 20
853300.0
 10
84400.0
 20
852100.0
 10
85100.0
 20
850500.0
 10
87300.0
 20
850000.0
 10
87600.0
 20
848400.0
 10
80800.0
 20
847800.0
 10
75700.0
 20
852400.0
 10
78400.0
 20
857100.0
 10
82700.0
 20
856800.0
  0
LWPOLYLINE
  5
D8
330
17
100
AcDbEntity
  8
COASTLINE
100
AcDbPolyline
 90
11
 70
1
 10
155000.0
 20
834200.0
 10
156400.0
 20
847600.0
 10
159200.0
 20
848500.0
 10
158200.0
 20
851600.0
 10
160600.0
 20
851500.0
 10
160500.0
 20
853700.0
 10
161500.0
 20
852200.0
 10
158700.0
 20
840200.0
 10
160100.0
 20
835600.0
 10
156000.0
 20
833500.0
 10
155000.0
 20
834200.0
  0
LWPOLYLINE
  5
D9
330
17
100
AcDbEntity
  8
COASTLINE
100
AcDbPolyline
 90
9
 70
1
 10
339100.0
 20
1027900.0000000001
 10
336400.0
 20
1030700.0
 10
337100.0
 20
1034200.0
 10
340200.0
 20
1034900.0000000001
 10
340900.0
 20
1033400.0000000001
 10
345600.0
 20
1033300.0
 10
344200.0
 20
1031099.9999999999
 10
344300.0
 20
1027800.0
 10
339100.0
 20
1027900.0000000001
  0
LWPOLYLINE
  5
DA
330
17
100
AcDbEntity
  8
COASTLINE
100
AcDbPolyline
 90
11
 70
1
 10
398500.0
 20
-73800.0
 10
399400.0
 20
-76400.0
 10
398200.0
 20
-81000.0
 10
392900.0
 20
-79600.0
 10
390000.0
 20
-77100.0
 10
387700.0
 20
-80200.0
 10
385400.0
 20
-78600.0
 10
383000.0
 20
-79500.0
 10
382500.0
 20
-71000.0
 10
394000.0
 20
-71100.0
 10
398500.0
 20
-73800.0
  0
LWPOLYLINE
  5
DB
330
17
100
AcDbEntity
  8
COASTLINE
100
AcDbPolyline
 90
14
 70
1
 10
466300.0
 20
87700.0
 10
459700.0
 20
83800.0
 10
458900.0
 20
78500.0
 10
451100.0
 20
76100.0
 10
448500.0
 20
76800.0
 10
436400.0
 20
85600.0
 10
430500.0
 20
84300.0
 10
435000.0
 20
89900.0
 10
441100.0
 20
92800.0
 10
440700.0
 20
91300.0
 10
442400.0
 20
91500.0
 10
448200.0
 20
97200.0
 10
463000.0
 20
93000.0
 10
466300.0
 20
87700.0
  0
LWPOLYLINE
  5
DC
330
17
100
AcDbEntity
  8
COASTLINE
100
AcDbPolyline
 90
20
 70
1
 10
-120400.0
 20
480800.0
 10
-119400.0
 20
479200.0
 10
-121000.0
 20
473300.0
 10
-122600.0
 20
472100.0
 10
-126100.0
 20
476200.0
 10
-128500.0
 20
476500.0
 10
-128600.0
 20
482600.0
 10
-135000.0
 20
482600.0
 10
-141400.0
 20
485700.0
 10
-138300.0
 20
485800.0
 10
-136000.0
 20
488900.0
 10
-135000.0
 20
487900.0
 10
-133800.0
 20
488600.0
 10
-132600.0
 20
486700.0
 10
-127700.0
 20
488700.0
 10
-122000.0
 20
487900.0
 10
-119800.0
 20
484000.0
 10
-121100.0
 20
484200.0
 10
-122000.0
 20
480300.0
 10
-120400.0
 20
480800.0
  0
LWPOLYLINE
  5
DD
330
17
100
AcDbEntity
  8
COASTLINE
100
AcDbPolyline
 90
24
 70
1
 10
227900.0
 20
467100.0
 10
226300.0
 20
466400.0
 10
223200.0
 20
468800.0
 10
219000.0
 20
466100.0
 10
217500.0
 20
466700.0
 10
221900.0
 20
475300.0
 10
223400.0
 20
483900.0
 10
226500.0
 20
485300.0
 10
230900.0
 20
489900.0
 10
235700.0
 20
499700.0
 10
241600.0
 20
503700.0
 10
246500.0
 20
505200.0
 10
247500.0
 20
504600.0
 10
245700.0
 20
497400.0
 10
246700.0
 20
493900.0
 10
248900.0
 20
493000.0
 10
249600.0
 20
490400.0
 10
245900.0
 20
484700.0
 10
243700.0
 20
483400.0
 10
244100.0
 20
480300.0
 10
233400.0
 20
470200.0
 10
230600.0
 20
469200.0
 10
229100.0
 20
465500.0
 10
227900.0
 20
467100.0
  0
LWPOLYLINE
  5
DE
330
17
100
AcDbEntity
  8
COASTLINE
100
AcDbPolyline
 90
22
 70
1
 10
204800.0
 20
625800.0
 10
205500.0
 20
622200.0
 10
200000.0
 20
620200.0
 10
193700.0
 20
621900.0
 10
188700.0
 20
626100.0
 10
188100.0
 20
631400.0
 10
189100.0
 20
633600.0
 10
186500.0
 20
638200.0
 10
186600.0
 20
644400.0
 10
189200.0
 20
649100.0
 10
193400.0
 20
651000.0
 10
193000.0
 20
652600.0
 10
199100.0
 20
650300.0
 10
201400.0
 20
647100.0
 10
203200.0
 20
639100.0
 10
202400.0
 20
637600.0
 10
205000.0
 20
634700.0
 10
205000.0
 20
632200.0
 10
202900.0
 20
631500.0
 10
203200.0
 20
630000.0
 10
206200.0
 20
628200.0
 10
204800.0
 20
625800.0
  0
LWPOLYLINE
  5
DF
330
17
100
AcDbEntity
  8
COASTLINE
100
AcDbPolyline
 90
35
 70
1
 10
147000.0
 20
655800.0
 10
147200.0
 20
650500.0
 10
144800.0
 20
648200.0
 10
144500.0
 20
649100.0
 10
140000.0
 20
645300.0
 10
134700.0
 20
645100.0
 10
134100.0
 20
642800.0
 10
131500.0
 20
640500.0
 10
128400.0
 20
640600.0
 10
128199.99999999999
 20
645700.0
 10
133200.0
 20
648900.0
 10
131400.0
 20
653900.0
 10
128500.0
 20
655400.0
 10
128800.00000000001
 20
657400.0
 10
133600.0
 20
661900.0
 10
128699.99999999999
 20
662900.0
 10
124600.0
 20
656400.0
 10
119500.0
 20
651400.0
 10
117700.0
 20
651200.0
 10
117300.0
 20
656900.0
 10
121100.0
 20
662700.0
 10
119100.0
 20
664300.0
 10
121900.0
 20
670700.0
 10
129300.00000000001
 20
674800.0
 10
130100.0
 20
674400.0
 10
128500.0
 20
669900.0
 10
130100.0
 20
666800.0
 10
129800.00000000001
 20
669700.0
 10
131300.0
 20
672100.0
 10
137400.0
 20
677300.0
 10
142200.0
 20
679500.0
 10
143200.0
 20
664000.0
 10
146100.0
 20
660000.0
 10
145400.0
 20
657400.0
 10
147000.0
 20
655800.0
  0
LWPOLYLINE
  5
E0
330
17
100
AcDbEntity
  8
COASTLINE
100
AcDbPolyline
 90
20
 70
1
 10
169300.0
 20
701800.0
 10
170600.0
 20
701100.0
 10
170700.0
 20
697100.0
 10
167300.0
 20
693400.0
 10
157100.0
 20
672800.0
 10
153200.0
 20
669900.0
 10
151800.0
 20
663900.0
 10
147700.0
 20
663200.0
 10
145600.0
 20
664800.0
 10
144700.0
 20
667700.0
 10
145500.0
 20
676700.0
 10
150500.0
 20
680400.0
 10
155500.0
 20
681100.0
 10
157600.0
 20
682700.0
 10
151700.0
 20
682400.0
 10
150900.0
 20
684200.0
 10
151800.0
 20
686700.0
 10
155800.0
 20
691700.0
 10
159000.0
 20
693100.0
 10
169300.0
 20
701800.0
  0
LWPOLYLINE
  5
E1
330
17
100
AcDbEntity
  8
COASTLINE
100
AcDbPolyline
 90
31
 70
1
 10
84500.0
 20
838300.0
 10
87200.0
 20
835800.0
 10
86800.0
 20
834200.0
 10
84700.0
 20
832500.0
 10
83000.0
 20
828500.0
 10
77200.0
 20
828900.0
 10
81900.0
 20
826300.0
 10
82400.0
 20
822100.0
 10
81300.0
 20
818700.0
 10
79200.0
 20
819700.0
 10
76800.0
 20
819000.0
 10
81000.0
 20
818700.0
 10
84400.0
 20
814600.0
 10
82900.0
 20
813300.0
 10
78000.0
 20
814700.0
 10
76000.0
 20
813700.0
 10
73900.0
 20
817100.0
 10
73300.0
 20
826900.0
 10
71000.0
 20
829400.0
 10
75600.0
 20
837500.0
 10
74000.0
 20
846000.0
 10
78700.0
 20
848000.0
 10
83700.0
 20
843800.0
 10
81600.0
 20
843200.0
 10
85900.0
 20
839800.0
 10
82900.0
 20
839700.0
 10
77400.0
 20
845800.0
 10
76000.0
 20
845100.0
 10
77200.0
 20
842200.0
 10
81700.0
 20
838800.0
 10
84500.0
 20
838300.0
  0
LWPOLYLINE
  5
E2
330
17
100
AcDbEntity
  8
COASTLINE
100
AcDbPolyline
 90
37
 70
1
 10
96300.0
 20
873900.0
 10
97800.0
 20
871700.0
 10
95600.0
 20
868900.0
 10
91600.0
 20
873100.0
 10
88900.0
 20
873300.0
 10
89500.0
 20
870100.0
 10
91700.0
 20
869500.0
 10
92100.0
 20
867000.0
 10
95000.0
 20
867400.0
 10
93700.0
 20
865000.0
 10
86900.0
 20
863400.0
 10
85900.0
 20
865800.0
 10
82400.0
 20
863800.0
 10
82300.0
 20
862900.0
 10
92400.0
 20
862600.0
 10
92900.0
 20
861400.0
 10
91300.0
 20
858500.0
 10
86500.0
 20
858000.0
 10
82400.0
 20
859200.0
 10
80300.0
 20
863100.0
 10
82000.0
 20
863800.0
 10
74800.0
 20
867400.0
 10
73000.0
 20
866200.0
 10
68800.0
 20
869400.0
 10
73500.0
 20
876800.0
 10
78900.0
 20
876300.0
 10
77100.0
 20
874900.0
 10
78100.0
 20
873400.0
 10
83600.0
 20
878900.0
 10
82100.0
 20
876100.0
 10
85300.0
 20
874400.0
 10
86500.0
 20
874200.0
 10
85400.0
 20
875800.0
 10
91300.0
 20
878300.0
 10
92100.0
 20
876200.0
 10
90600.0
 20
874700.0
 10
96300.0
 20
873900.0
  0
LWPOLYLINE
  5
E3
330
17
100
AcDbEntity
  8
COASTLINE
100
AcDbPolyline
 90
15
 70
1
 10
327900.0
 20
990100.0
 10
334700.0
 20
991500.0
 10
333300.0
 20
989400.0
 10
325000.0
 20
988700.0
 10
320600.0
 20
997100.0
 10
320600.0
 20
999300.0
 10
317600.0
 20
999500.0
 10
318500.0
 20
1003200.0
 10
323100.0
 20
1005400.0
 10
328300.0
 20
1001700.0
 10
331300.0
 20
996900.0
 10
330400.0
 20
995400.0
 10
332400.0
 20
993100.0
 10
329900.0
 20
992500.0
 10
327900.0
 20
990100.0
  0
LWPOLYLINE
  5
E4
330
17
100
AcDbEntity
  8
COASTLINE
100
AcDbPolyline
 90
50
 70
1
 10
359400.0
 20
1008200.0
 10
358900.0
 20
1004500.0
 10
354900.0
 20
1002900.0
 10
352600.0
 20
999600.0
 10
346700.0
 20
1002300.0
 10
343700.0
 20
1008500.0
 10
341200.0
 20
1006400.0
 10
337700.0
 20
1006700.0
 10
338500.0
 20
1005100.0
 10
336700.0
 20
1005300.0
 10
335700.0
 20
1003700.0
 10
330800.0
 20
1003800.0
 10
328800.0
 20
1007700.0
 10
330700.0
 20
1013700.0
 10
329600.0
 20
1017500.0
 10
328800.0
 20
1014500.0
 10
326800.0
 20
1014500.0
 10
327800.0
 20
1010800.0
 10
325900.0
 20
1007700.0
 10
324000.0
 20
1008500.0
 10
322300.0
 20
1011400.0
 10
321600.0
 20
1015100.0
 10
323000.0
 20
1019200.0
 10
322700.0
 20
1024200.0
 10
324300.0
 20
1027500.0
 10
329700.0
 20
1029700.0
 10
338600.0
 20
1026800.0
 10
340000.0
 20
1025099.9999999999
 10
338800.0
 20
1024300.0
 10
343100.0
 20
1021100.0
 10
343100.0
 20
1019600.0
 10
339100.0
 20
1018500.0
 10
337500.0
 20
1015100.0
 10
335100.0
 20
1013700.0
 10
335900.0
 20
1012900.0
 10
339200.0
 20
1012100.0
 10
342000.0
 20
1014900.0
 10
344100.0
 20
1012900.0
 10
346500.0
 20
1014200.0
 10
348600.0
 20
1011900.0
 10
349600.0
 20
1012700.0
 10
349200.0
 20
1010300.0
 10
355200.0
 20
1011700.0
 10
355100.0
 20
1009900.0
 10
351900.0
 20
1007300.0
 10
354300.0
 20
1004600.0
 10
355500.0
 20
1004900.0
 10
354300.0
 20
1008000.0
 10
358300.0
 20
1009500.0
 10
359400.0
 20
1008200.0
  0
LWPOLYLINE
  5
E5
330
17
100
AcDbEntity
  8
COASTLINE
100
AcDbPolyline
 90
14
 70
1
 10
352700.0
 20
1034800.0
 10
355200.0
 20
1034700.0
 10
355200.0
 20
1040300.0
 10
356700.0
 20
1040900.0000000001
 10
356200.0
 20
1039300.0
 10
357700.0
 20
1039300.0
 10
358600.0
 20
1037700.0
 10
356600.0
 20
1034300.0
 10
356700.0
 20
1031099.9999999999
 10
358100.0
 20
1029300.0
 10
355000.0
 20
1029000.0
 10
354300.0
 20
1031500.0
 10
352700.0
 20
1032400.0000000001
 10
352700.0
 20
1034800.0
  0
LWPOLYLINE
  5
E6
330
17
100
AcDbEntity
  8
COASTLINE
100
AcDbPolyline
 90
17
 70
1
 10
342600.0
 20
1043200.0
 10
338800.0
 20
1050200.0
 10
342700.0
 20
1050200.0
 10
345200.0
 20
1053100.0
 10
346300.0
 20
1051900.0
 10
345400.0
 20
1049300.0
 10
343900.0
 20
1048600.0
 10
349100.0
 20
1046599.9999999999
 10
352800.0
 20
1040900.0000000001
 10
349600.0
 20
1038500.0
 10
350400.0
 20
1041599.9999999999
 10
346100.0
 20
1045400.0000000001
 10
344600.0
 20
1045599.9999999999
 10
345400.0
 20
1043099.9999999999
 10
344600.0
 20
1044000.0
 10
343700.0
 20
1042700.0
 10
342600.0
 20
1043200.0
  0
LWPOLYLINE
  5
E7
330
17
100
AcDbEntity
  8
COASTLINE
100
AcDbPolyline
 90
23
 70
1
 10
455000.0
 20
1205800.0
 10
455900.0
 20
1197500.0
 10
455200.0
 20
1195100.0
 10
451400.0
 20
1198100.0
 10
454100.0
 20
1192800.0
 10
451100.0
 20
1192800.0
 10
454300.0
 20
1188700.0
 10
452600.0
 20
1185900.0
 10
453700.0
 20
1180300.0
 10
449700.0
 20
1181700.0
 10
449700.0
 20
1179100.0
 10
447900.0
 20
1179500.0
 10
445800.0
 20
1183300.0
 10
445000.0
 20
1193800.0
 10
445400.0
 20
1196100.0
 10
447200.0
 20
1196500.0
 10
447700.0
 20
1193200.0
 10
449200.0
 20
1192800.0
 10
448100.0
 20
1201800.0
 10
449600.0
 20
1206100.0
 10
450900.0
 20
1204300.0
 10
451500.0
 20
1205500.0
 10
455000.0
 20
1205800.0
  0
LWPOLYLINE
  5
E8
330
17
100
AcDbEntity
  8
COASTLINE
100
AcDbPolyline
 90
23
 70
1
 10
457400.0
 20
1200600.0
 10
456500.0
 20
1205100.0
 10
457500.0
 20
1204300.0
 10
457200.0
 20
1208200.0
 10
458600.0
 20
1210100.0
 10
457900.0
 20
1213500.0
 10
461500.0
 20
1218600.0
 10
462300.0
 20
1216200.0
 10
460600.0
 20
1212400.0
 10
462000.0
 20
1213300.0
 10
464100.0
 20
1218900.0
 10
466900.0
 20
1217400.0
 10
467500.0
 20
1215100.0
 10
466000.0
 20
1214400.0
 10
467500.0
 20
1213700.0
 10
465000.0
 20
1211200.0
 10
465400.0
 20
1209000.0
 10
464300.0
 20
1209000.0
 10
465400.0
 20
1207500.0
 10
462800.0
 20
1204400.0
 10
464400.0
 20
1200800.0
 10
463100.0
 20
1199700.0
 10
457400.0
 20
1200600.0
  0
LWPOLYLINE
  5
E9
330
17
100
AcDbEntity
  8
COASTLINE
100
AcDbPolyline
 90
13
 70
1
 10
150300.0
 20
1288100.0
 10
147500.0
 20
1292400.0
 10
141400.0
 20
1300000.0
 10
149200.0
 20
1300000.0
 10
151300.0
 20
1298500.0
 10
147400.0
 20
1296700.0
 10
145300.0
 20
1297200.0
 10
146900.0
 20
1293900.0
 10
148500.0
 20
1295500.0
 10
150600.0
 20
1295200.0
 10
150200.0
 20
1293700.0
 10
152100.0
 20
1289500.0
 10
150300.0
 20
1288100.0
  0
LWPOLYLINE
  5
EA
330
17
100
AcDbEntity
  8
COASTLINE
100
AcDbPolyline
 90
5
 70
1
 10
474000.0
 20
103200.0
 10
474900.0
 20
98500.0
 10
469100.0
 20
99200.0
 10
472500.0
 20
103900.0
 10
474000.0
 20
103200.0
  0
LWPOLYLINE
  5
EB
330
17
100
AcDbEntity
  8
COASTLINE
100
AcDbPolyline
 90
8
 70
1
 10
-110700.0
 20
398100.0
 10
-113000.0
 20
397600.0
 10
-114100.0
 20
399100.0
 10
-114400.0
 20
402200.0
 10
-112800.0
 20
403700.0
 10
-111000.0
 20
403500.0
 10
-109200.0
 20
400000.0
 10
-110700.0
 20
398100.0
  0
LWPOLYLINE
  5
EC
330
17
100
AcDbEntity
  8
COASTLINE
100
AcDbPolyline
 90
8
 70
1
 10
229100.0
 20
376800.0
 10
228500.0
 20
374500.0
 10
224600.0
 20
379500.0
 10
221700.0
 20
379800.0
 10
220600.0
 20
382600.0
 10
222400.0
 20
384100.0
 10
225200.0
 20
383700.0
 10
229100.0
 20
376800.0
  0
LWPOLYLINE
  5
ED
330
17
100
AcDbEntity
  8
COASTLINE
100
AcDbPolyline
 90
6
 70
1
 10
-15200.0
 20
586700.0
 10
-14600.0
 20
583800.0
 10
-17500.0
 20
583200.0
 10
-19900.0
 20
584300.0
 10
-18000.0
 20
588600.0
 10
-15200.0
 20
586700.0
  0
LWPOLYLINE
  5
EE
330
17
100
AcDbEntity
  8
COASTLINE
100
AcDbPolyline
 90
7
 70
1
 10
135200.0
 20
609000.0
 10
133600.0
 20
604600.0
 10
134200.0
 20
606900.0
 10
132800.0
 20
608200.0
 10
128199.99999999999
 20
608700.0
 10
131300.0
 20
610100.0
 10
135200.0
 20
609000.0
  0
LWPOLYLINE
  5
EF
330
17
100
AcDbEntity
  8
COASTLINE
100
AcDbPolyline
 90
8
 70
1
 10
140000.0
 20
697900.0
 10
140200.0
 20
699700.0
 10
142900.0
 20
700200.0
 10
140100.0
 20
691300.0
 10
137100.0
 20
690000.0
 10
134100.0
 20
691000.0
 10
138600.0
 20
698000.0
 10
140000.0
 20
697900.0
  0
LWPOLYLINE
  5
F0
330
17
100
AcDbEntity
  8
COASTLINE
100
AcDbPolyline
 90
5
 70
1
 10
172100.0
 20
704600.0
 10
170800.0
 20
703500.0
 10
167300.0
 20
702800.0
 10
171300.0
 20
707200.0
 10
172100.0
 20
704600.0
  0
LWPOLYLINE
  5
F1
330
17
100
AcDbEntity
  8
COASTLINE
100
AcDbPolyline
 90
5
 70
1
 10
174300.0
 20
713000.0
 10
176400.0
 20
713800.0
 10
174400.0
 20
705600.0
 10
172800.0
 20
709400.0
 10
174300.0
 20
713000.0
  0
LWPOLYLINE
  5
F2
330
17
100
AcDbEntity
  8
COASTLINE
100
AcDbPolyline
 90
6
 70
1
 10
175400.0
 20
720000.0
 10
178500.0
 20
720600.0
 10
177300.0
 20
716000.0
 10
175900.0
 20
715200.0
 10
174500.0
 20
717800.0
 10
175400.0
 20
720000.0
  0
LWPOLYLINE
  5
F3
330
17
100
AcDbEntity
  8
COASTLINE
100
AcDbPolyline
 90
5
 70
1
 10
180600.0
 20
730400.0
 10
184100.0
 20
730900.0
 10
181800.0
 20
727800.0
 10
178800.0
 20
727400.0
 10
180600.0
 20
730400.0
  0
LWPOLYLINE
  5
F4
330
17
100
AcDbEntity
  8
COASTLINE
100
AcDbPolyline
 90
5
 70
1
 10
139100.0
 20
738900.0
 10
137600.0
 20
740500.0
 10
140700.0
 20
742600.0
 10
143900.0
 20
738600.0
 10
139100.0
 20
738900.0
  0
LWPOLYLINE
  5
F5
330
17
100
AcDbEntity
  8
COASTLINE
100
AcDbPolyline
 90
5
 70
1
 10
120800.0
 20
805100.0
 10
125100.0
 20
807100.0
 10
127900.0
 20
805400.0
 10
124300.0
 20
804400.0
 10
120800.0
 20
805100.0
  0
LWPOLYLINE
  5
F6
330
17
100
AcDbEntity
  8
COASTLINE
100
AcDbPolyline
 90
5
 70
1
 10
161500.0
 20
828500.0
 10
158400.0
 20
832300.0
 10
161900.0
 20
832600.0
 10
163600.0
 20
829200.0
 10
161500.0
 20
828500.0
  0
LWPOLYLINE
  5
F7
330
17
100
AcDbEntity
  8
COASTLINE
100
AcDbPolyline
 90
5
 70
1
 10
161300.0
 20
856200.0
 10
161900.0
 20
859900.0
 10
163200.0
 20
861100.0
 10
162500.0
 20
854500.0
 10
161300.0
 20
856200.0
  0
LWPOLYLINE
  5
F8
330
17
100
AcDbEntity
  8
COASTLINE
100
AcDbPolyline
 90
5
 70
1
 10
93000.0
 20
883600.0
 10
92300.0
 20
881200.0
 10
89100.0
 20
880900.0
 10
91800.0
 20
883500.0
 10
93000.0
 20
883600.0
  0
LWPOLYLINE
  5
F9
330
17
100
AcDbEntity
  8
COASTLINE
100
AcDbPolyline
 90
4
 70
1
 10
7300.0
 20
901900.0
 10
11200.0
 20
899900.0
 10
8800.0
 20
898500.0
 10
7300.0
 20
901900.0
  0
LWPOLYLINE
  5
FA
330
17
100
AcDbEntity
  8
COASTLINE
100
AcDbPolyline
 90
8
 70
1
 10
100500.0
 20
899500.0
 10
99000.0
 20
899200.0
 10
99100.0
 20
900800.0
 10
103100.0
 20
903500.0
 10
104200.0
 20
902700.0
 10
104000.0
 20
900300.0
 10
101300.0
 20
901500.0
 10
100500.0
 20
899500.0
  0
LWPOLYLINE
  5
FB
330
17
100
AcDbEntity
  8
COASTLINE
100
AcDbPolyline
 90
7
 70
1
 10
114700.0
 20
935600.0
 10
113600.0
 20
937900.0
 10
113900.0
 20
940300.0
 10
117300.0
 20
937700.0
 10
118700.0
 20
934600.0
 10
113900.0
 20
934900.0
 10
114700.0
 20
935600.0
  0
LWPOLYLINE
  5
FC
330
17
100
AcDbEntity
  8
COASTLINE
100
AcDbPolyline
 90
19
 70
1
 10
369000.0
 20
1024099.9999999999
 10
370600.0
 20
1023100.0
 10
369600.0
 20
1022000.0
 10
365900.0
 20
1020900.0
 10
365800.0
 20
1023400.0
 10
363800.0
 20
1024800.0
 10
361700.0
 20
1021800.0
 10
360800.0
 20
1022700.0
 10
362000.0
 20
1024800.0
 10
364500.0
 20
1025700.0
 10
364700.0
 20
1027000.0
 10
362000.0
 20
1030000.0
 10
365100.0
 20
1030700.0
 10
364800.0
 20
1029200.0
 10
367000.0
 20
1029099.9999999999
 10
366000.0
 20
1027099.9999999999
 10
367400.0
 20
1025900.0000000001
 10
369500.0
 20
1026900.0000000001
 10
369000.0
 20
1024099.9999999999
  0
LWPOLYLINE
  5
FD
330
17
100
AcDbEntity
  8
COASTLINE
100
AcDbPolyline
 90
6
 70
1
 10
421300.0
 20
1074500.0
 10
423700.0
 20
1075000.0
 10
422300.0
 20
1073600.0
 10
422900.0
 20
1071900.0
 10
420200.0
 20
1069800.0
 10
421300.0
 20
1074500.0
  0
LWPOLYLINE
  5
FE
330
17
100
AcDbEntity
  8
COASTLINE
100
AcDbPolyline
 90
10
 70
1
 10
468100.0
 20
1192200.0
 10
466700.0
 20
1188700.0
 10
462000.0
 20
1189900.0
 10
462800.0
 20
1187600.0
 10
461300.0
 20
1188000.0
 10
458200.0
 20
1194400.0
 10
464500.0
 20
1194500.0
 10
465300.0
 20
1192200.0
 10
466600.0
 20
1193000.0
 10
468100.0
 20
1192200.0
  0
LWPOLYLINE
  5
FF
330
17
100
AcDbEntity
  8
COASTLINE
100
AcDbPolyline
 90
5
 70
1
 10
387400.0
 20
-18700.0
 10
385500.0
 20
-21500.0
 10
383700.0
 20
-21300.0
 10
385200.0
 20
-19500.0
 10
387400.0
 20
-18700.0
  0
LWPOLYLINE
  5
100
330
17
100
AcDbEntity
  8
COASTLINE
100
AcDbPolyline
 90
5
 70
1
 10
-139300.0
 20
222000.0
 10
-146000.0
 20
219900.0
 10
-147700.0
 20
221000.0
 10
-144900.0
 20
223100.0
 10
-139300.0
 20
222000.0
  0
LWPOLYLINE
  5
101
330
17
100
AcDbEntity
  8
COASTLINE
100
AcDbPolyline
 90
6
 70
1
 10
-170100.0
 20
257100.00000000003
 10
-174900.0
 20
254700.0
 10
-179400.0
 20
254100.0
 10
-178200.0
 20
256399.99999999997
 10
-173700.0
 20
258899.99999999997
 10
-170100.0
 20
257100.00000000003
  0
LWPOLYLINE
  5
102
330
17
100
AcDbEntity
  8
COASTLINE
100
AcDbPolyline
 90
9
 70
1
 10
-111100.0
 20
383400.0
 10
-112500.0
 20
382300.0
 10
-122100.0
 20
388600.0
 10
-119700.0
 20
389400.0
 10
-118100.0
 20
388000.0
 10
-114400.0
 20
387700.0
 10
-112400.0
 20
386000.0
 10
-113100.0
 20
384500.0
 10
-111100.0
 20
383400.0
  0
LWPOLYLINE
  5
103
330
17
100
AcDbEntity
  8
COASTLINE
100
AcDbPolyline
 90
8
 70
1
 10
438800.0
 20
1133800.0
 10
437200.0
 20
1128900.0
 10
437100.0
 20
1132600.0
 10
435300.0
 20
1129100.0
 10
436500.0
 20
1136200.0
 10
438100.0
 20
1137000.0
 10
437700.0
 20
1133900.0
 10
438800.0
 20
1133800.0
  0
LWPOLYLINE
  5
104
330
17
100
AcDbEntity
  8
COASTLINE
100
AcDbPolyline
 90
5
 70
1
 10
397100.0
 20
1141200.0
 10
396600.0
 20
1137000.0
 10
395300.0
 20
1137600.0
 10
394000.0
 20
1140100.0
 10
397100.0
 20
1141200.0
  0
LWPOLYLINE
  5
105
330
17
100
AcDbEntity
  8
COASTLINE
100
AcDbPolyline
 90
9
 70
1
 10
452800.0
 20
1142400.0
 10
451600.0
 20
1136300.0
 10
451000.0
 20
1136000.0
 10
448900.0
 20
1137900.0
 10
448100.0
 20
1144100.0
 10
450200.0
 20
1143800.0
 10
451200.0
 20
1145200.0
 10
451700.0
 20
1142600.0
 10
452800.0
 20
1142400.0
  0
LWPOLYLINE
  5
106
330
17
100
AcDbEntity
  8
COASTLINE
100
AcDbPolyline
 90
5
 70
1
 10
460100.0
 20
1167000.0
 10
456600.0
 20
1162200.0
 10
453400.0
 20
1162200.0
 10
454900.0
 20
1165400.0
 10
460100.0
 20
1167000.0
  0
LWPOLYLINE
  5
107
330
17
100
AcDbEntity
  8
COASTLINE
100
AcDbPolyline
 90
8
 70
1
 10
354700.0
 20
-48000.0
 10
362500.0
 20
-42600.0
 10
363700.0
 20
-43600.0
 10
360700.0
 20
-52000.0
 10
351200.0
 20
-51600.0
 10
352800.0
 20
-50300.0
 10
352900.0
 20
-48300.0
 10
354700.0
 20
-48000.0
  0
LWPOLYLINE
  5
108
330
17
100
AcDbEntity
  8
COASTLINE
100
AcDbPolyline
 90
10
 70
1
 10
108700.0
 20
749600.0
 10
109300.0
 20
747600.0
 10
108400.0
 20
746300.0
 10
104600.0
 20
746100.0
 10
104400.0
 20
744200.0
 10
100300.0
 20
742600.0
 10
99300.0
 20
738700.0
 10
94300.0
 20
740800.0
 10
93100.0
 20
745800.0
 10
108700.0
 20
749600.0
  0
LWPOLYLINE
  5
109
330
17
100
AcDbEntity
  8
COASTLINE
100
AcDbPolyline
 90
10
 70
1
 10
125300.0
 20
759700.0
 10
116600.0
 20
752100.0
 10
113400.0
 20
752600.0
 10
112700.0
 20
750500.0
 10
112200.0
 20
751200.0
 10
111400.0
 20
753600.0
 10
114900.0
 20
755300.0
 10
118700.0
 20
760500.0
 10
126900.0
 20
764400.0
 10
125300.0
 20
759700.0
  0
LWPOLYLINE
  5
10A
330
17
100
AcDbEntity
  8
COASTLINE
100
AcDbPolyline
 90
11
 70
1
 10
70300.0
 20
805700.0
 10
73700.0
 20
800800.0
 10
71400.0
 20
800600.0
 10
68100.0
 20
796800.0
 10
62300.0
 20
798400.0
 10
65000.0
 20
801300.0
 10
64800.0
 20
804600.0
 10
69100.0
 20
806600.0
 10
69800.0
 20
809600.0
 10
71800.0
 20
807900.0
 10
70300.0
 20
805700.0
  0
LWPOLYLINE
  5
10B
330
17
100
AcDbEntity
  8
COASTLINE
100
AcDbPolyline
 90
11
 70
1
 10
142100.0
 20
800900.0
 10
140900.0
 20
799900.0
 10
142500.0
 20
799000.0
 10
141400.0
 20
795000.0
 10
138400.0
 20
791900.0
 10
135000.0
 20
792500.0
 10
134200.0
 20
795200.0
 10
129600.0
 20
799100.0
 10
135500.0
 20
804500.0
 10
137900.0
 20
804700.0
 10
142100.0
 20
800900.0
  0
LWPOLYLINE
  5
10C
330
17
100
AcDbEntity
  8
COASTLINE
100
AcDbPolyline
 90
12
 70
1
 10
349100.0
 20
994200.0
 10
347000.0
 20
991400.0
 10
347400.0
 20
984900.0
 10
345700.0
 20
982900.0
 10
343000.0
 20
985900.0
 10
343800.0
 20
987600.0
 10
341400.0
 20
992100.0
 10
343500.0
 20
991600.0
 10
344200.0
 20
992900.0
 10
340300.0
 20
993700.0
 10
345100.0
 20
995100.0
 10
349100.0
 20
994200.0
  0
LWPOLYLINE
  5
10D
330
17
100
AcDbEntity
  8
COASTLINE
100
AcDbPolyline
 90
17
 70
1
 10
376700.0
 20
1048099.9999999999
 10
377700.0
 20
1044400.0000000001
 10
373900.0
 20
1043700.0
 10
371300.0
 20
1038599.9999999999
 10
370700.0
 20
1040700.0
 10
367200.0
 20
1037700.0
 10
367600.0
 20
1039900.0000000001
 10
365600.0
 20
1039900.0000000001
 10
360500.0
 20
1034200.0
 10
360800.0
 20
1037000.0
 10
366100.0
 20
1042200.0
 10
365300.0
 20
1045300.0
 10
370400.0
 20
1046800.0
 10
367200.0
 20
1042900.0000000001
 10
368000.0
 20
1042200.0
 10
374700.0
 20
1045300.0
 10
376700.0
 20
1048099.9999999999
  0
LWPOLYLINE
  5
10E
330
17
100
AcDbEntity
  8
COASTLINE
100
AcDbPolyline
 90
25
 70
1
 10
258700.0
 20
382100.0
 10
264000.0
 20
380400.0
 10
260100.00000000003
 20
374600.0
 10
253500.0
 20
371500.0
 10
251600.0
 20
367300.0
 10
243300.0
 20
362000.0
 10
240100.0
 20
362800.0
 10
239100.0
 20
362000.0
 10
238800.0
 20
364800.0
 10
240700.0
 20
367700.0
 10
239000.0
 20
367700.0
 10
236500.0
 20
365300.0
 10
233300.0
 20
367700.0
 10
233200.0
 20
371200.0
 10
228700.0
 20
378500.0
 10
229800.0
 20
388200.0
 10
229100.0
 20
391500.0
 10
238900.0
 20
395000.0
 10
245600.0
 20
393900.0
 10
248700.0
 20
391800.0
 10
249300.0
 20
388200.0
 10
251400.0
 20
386900.0
 10
253300.0
 20
380200.0
 10
257300.0
 20
380600.0
 10
258700.0
 20
382100.0
  0
LWPOLYLINE
  5
10F
330
17
100
AcDbEntity
  8
COASTLINE
100
AcDbPolyline
 90
59
 70
1
 10
172700.0
 20
733100.0
 10
174400.0
 20
729100.0
 10
171600.0
 20
728500.0
 10
169300.0
 20
731000.0
 10
169400.0
 20
729500.0
 10
166400.0
 20
725700.0
 10
170900.0
 20
727100.0
 10
171400.0
 20
725300.0
 10
164600.0
 20
720600.0
 10
162100.0
 20
720100.0
 10
160200.0
 20
721600.0
 10
162000.0
 20
723500.0
 10
160900.0
 20
725100.0
 10
148500.0
 20
718200.0
 10
146300.0
 20
719300.0
 10
143400.0
 20
717900.0
 10
137700.0
 20
718200.0
 10
135900.0
 20
716100.0
 10
133900.0
 20
716700.0
 10
130400.0
 20
720900.0
 10
130800.00000000001
 20
724500.0
 10
135000.0
 20
725300.0
 10
137400.0
 20
721400.0
 10
138700.0
 20
722800.0
 10
137400.0
 20
723700.0
 10
141300.0
 20
723300.0
 10
150600.0
 20
727200.0
 10
151500.0
 20
728900.0
 10
142000.0
 20
726500.0
 10
140600.0
 20
728800.0
 10
143600.0
 20
731700.0
 10
145800.0
 20
736100.0
 10
152400.0
 20
737500.0
 10
153700.0
 20
740200.0
 10
152900.0
 20
741900.0
 10
145900.0
 20
739000.0
 10
143300.0
 20
743900.0
 10
135300.0
 20
746700.0
 10
133500.0
 20
748400.0
 10
136600.0
 20
750500.0
 10
134700.0
 20
754400.0
 10
139000.0
 20
755700.0
 10
140500.0
 20
754300.0
 10
141300.0
 20
756900.0
 10
145600.0
 20
758800.0
 10
151300.0
 20
757200.0
 10
150800.0
 20
755000.0
 10
152600.0
 20
754700.0
 10
154000.0
 20
752400.0
 10
156400.0
 20
744200.0
 10
163200.0
 20
743600.0
 10
164500.0
 20
742000.0
 10
166700.0
 20
742500.0
 10
168800.0
 20
739400.0
 10
171000.0
 20
739300.0
 10
173300.0
 20
734900.0
 10
175200.0
 20
734400.0
 10
174800.0
 20
732200.0
 10
172700.0
 20
733100.0
  0
LWPOLYLINE
  5
110
330
17
100
AcDbEntity
  8
COASTLINE
100
AcDbPolyline
 90
88
 70
1
 10
119100.0
 20
839200.0
 10
116700.0
 20
841600.0
 10
116000.0
 20
846200.0
 10
113700.0
 20
848300.0
 10
113200.0
 20
850800.0
 10
116900.0
 20
850500.0
 10
115600.0
 20
854100.0
 10
117700.0
 20
856900.0
 10
123700.0
 20
848700.0
 10
124300.0
 20
851500.0
 10
122700.0
 20
855200.0
 10
123900.0
 20
856300.0
 10
126700.0
 20
855100.0
 10
124900.0
 20
859000.0
 10
121700.0
 20
860900.0
 10
123300.0
 20
863500.0
 10
122900.0
 20
867000.0
 10
126800.0
 20
863900.0
 10
127600.0
 20
860500.0
 10
132700.0
 20
855700.0
 10
135400.0
 20
856100.0
 10
133800.0
 20
852900.0
 10
136600.0
 20
856400.0
 10
141600.0
 20
849600.0
 10
141000.0
 20
853400.0
 10
137500.0
 20
859900.0
 10
139600.0
 20
864300.0
 10
137200.0
 20
865200.0
 10
136600.0
 20
870400.0
 10
140100.0
 20
872600.0
 10
141600.0
 20
876000.0
 10
143300.0
 20
876300.0
 10
151800.0
 20
863100.0
 10
152300.0
 20
850400.0
 10
151100.0
 20
844800.0
 10
148500.0
 20
841500.0
 10
152300.0
 20
842800.0
 10
151400.0
 20
837200.0
 10
153400.0
 20
834300.0
 10
149900.0
 20
831500.0
 10
156500.0
 20
831400.0
 10
154300.0
 20
828100.0
 10
158500.0
 20
828900.0
 10
160400.0
 20
827000.0
 10
163500.0
 20
826400.0
 10
164800.0
 20
823700.0
 10
173000.0
 20
827000.0
 10
175700.0
 20
825500.0
 10
180200.0
 20
825200.0
 10
178900.0
 20
819500.0
 10
174800.0
 20
815300.0
 10
171400.0
 20
814700.0
 10
170100.0
 20
810100.0
 10
166800.0
 20
807900.0
 10
161400.0
 20
801300.0
 10
157000.0
 20
800200.0
 10
155900.0
 20
804000.0
 10
158700.0
 20
810100.0
 10
161700.0
 20
814000.0
 10
167700.0
 20
817400.0
 10
164300.0
 20
816200.0
 10
159200.0
 20
816400.0
 10
156000.0
 20
822700.0
 10
157000.0
 20
818800.0
 10
152700.0
 20
811500.0
 10
151600.0
 20
818300.0
 10
148600.0
 20
820000.0
 10
147700.0
 20
817800.0
 10
139000.0
 20
816100.0
 10
141800.0
 20
820500.0
 10
137500.0
 20
819200.0
 10
135700.0
 20
823200.0
 10
137900.0
 20
825300.0
 10
134200.0
 20
825600.0
 10
130199.99999999999
 20
833500.0
 10
134300.0
 20
835700.0
 10
140400.0
 20
831300.0
 10
135100.0
 20
837600.0
 10
131600.0
 20
837300.0
 10
132600.0
 20
838700.0
 10
131000.0
 20
839600.0
 10
131200.0
 20
843400.0
 10
128199.99999999999
 20
841300.0
 10
128100.0
 20
845200.0
 10
125400.0
 20
842300.0
 10
125500.0
 20
837700.0
 10
124500.0
 20
836900.0
 10
119100.0
 20
839200.0
  0
LWPOLYLINE
  5
111
330
17
100
AcDbEntity
  8
COASTLINE
100
AcDbPolyline
 90
112
 70
1
 10
103700.0
 20
882600.0
 10
96500.0
 20
892200.0
 10
96000.0
 20
894600.0
 10
97600.0
 20
894600.0
 10
98500.0
 20
891700.0
 10
104500.0
 20
897100.0
 10
108700.0
 20
897100.0
 10
106100.0
 20
900300.0
 10
111000.0
 20
902100.0
 10
113800.0
 20
900500.0
 10
112000.0
 20
902800.0
 10
113700.0
 20
904300.0
 10
110300.0
 20
904500.0
 10
107200.0
 20
907100.0
 10
103800.0
 20
907200.0
 10
101900.0
 20
909700.0
 10
100600.0
 20
909200.0
 10
98000.0
 20
911600.0
 10
101700.0
 20
913600.0
 10
101500.0
 20
915200.0
 10
109000.0
 20
917700.0
 10
101600.0
 20
916700.0
 10
102400.0
 20
918200.0
 10
103700.0
 20
918100.0
 10
102100.0
 20
918900.0
 10
104000.0
 20
921100.0
 10
100800.0
 20
919400.0
 10
98900.0
 20
923800.0
 10
98600.0
 20
927900.0
 10
100600.0
 20
931300.0
 10
99600.0
 20
932900.0
 10
105300.0
 20
933300.0
 10
103100.0
 20
936100.0
 10
104900.0
 20
939500.0
 10
111900.0
 20
935800.0
 10
110100.0
 20
935300.0
 10
113900.0
 20
923400.0
 10
112700.0
 20
930400.0
 10
113900.0
 20
932600.0
 10
118200.0
 20
933800.0
 10
121600.0
 20
929700.0
 10
123300.0
 20
932000.0
 10
121500.0
 20
933600.0
 10
120800.0
 20
936700.0
 10
119300.0
 20
936800.0
 10
117900.0
 20
940700.0
 10
119200.0
 20
941400.0
 10
117700.0
 20
943100.0
 10
124100.0
 20
948700.0
 10
133600.0
 20
951300.0
 10
146700.0
 20
961000.0
 10
151600.0
 20
966100.0
 10
153000.0
 20
965900.0
 10
156800.0
 20
955400.0
 10
155200.0
 20
954400.0
 10
153600.0
 20
949900.0
 10
156200.0
 20
947300.0
 10
152200.0
 20
944900.0
 10
151300.0
 20
942200.0
 10
146900.0
 20
939200.0
 10
146700.0
 20
936600.0
 10
143800.0
 20
935900.0
 10
144800.0
 20
934100.0
 10
149300.0
 20
933300.0
 10
156600.0
 20
937500.0
 10
155800.0
 20
932900.0
 10
151200.0
 20
929500.0
 10
141600.0
 20
933000.0
 10
143300.0
 20
927600.0
 10
142700.0
 20
925300.0
 10
138600.0
 20
924000.0
 10
135600.0
 20
921100.0
 10
133600.0
 20
922000.0
 10
131900.0
 20
920600.0
 10
127800.0
 20
920100.0
 10
130000.0
 20
919200.0
 10
140500.0
 20
921600.0
 10
142500.0
 20
916100.0
 10
140400.0
 20
914700.0
 10
143200.0
 20
913800.0
 10
138700.0
 20
910200.0
 10
131700.0
 20
912200.0
 10
131800.0
 20
910900.0
 10
136700.0
 20
907300.0
 10
133300.0
 20
903000.0
 10
130800.00000000001
 20
903900.0
 10
131400.0
 20
901500.0
 10
129000.0
 20
901200.0
 10
126200.0
 20
905800.0
 10
126500.0
 20
901100.0
 10
124200.0
 20
902800.0
 10
121900.0
 20
911300.0
 10
124800.0
 20
915700.0
 10
129199.99999999999
 20
916900.0
 10
123600.0
 20
917300.0
 10
123200.0
 20
915400.0
 10
118700.0
 20
911600.0
 10
123400.0
 20
902800.0
 10
122100.0
 20
902100.0
 10
123600.0
 20
900500.0
 10
123800.0
 20
897400.0
 10
116500.0
 20
900000.0
 10
115200.0
 20
898000.0
 10
117600.0
 20
896400.0
 10
118600.0
 20
892300.0
 10
115700.0
 20
891900.0
 10
116000.0
 20
890400.0
 10
112100.0
 20
893000.0
 10
112700.0
 20
890600.0
 10
109600.0
 20
887700.0
 10
110400.0
 20
886900.0
 10
103700.0
 20
882600.0
  0
LWPOLYLINE
  5
112
330
17
100
AcDbEntity
  8
COASTLINE
100
AcDbPolyline
 90
142
 70
1
 10
451100.0
 20
1173800.0
 10
453200.0
 20
1174500.0
 10
448300.0
 20
1167000.0
 10
448800.0
 20
1165900.0
 10
451400.0
 20
1168400.0
 10
451400.0
 20
1164300.0
 10
445800.0
 20
1162900.0
 10
451200.0
 20
1160000.0
 10
447800.0
 20
1156600.0
 10
448000.0
 20
1154900.0
 10
450500.0
 20
1154600.0
 10
447300.0
 20
1151900.0
 10
444800.0
 20
1154500.0
 10
445200.0
 20
1151500.0
 10
443300.0
 20
1150700.0
 10
445600.0
 20
1150000.0
 10
444500.0
 20
1146900.0
 10
446800.0
 20
1149200.0
 10
444900.0
 20
1143800.0
 10
447000.0
 20
1145700.0
 10
446800.0
 20
1143100.0
 10
448800.0
 20
1140900.0
 10
447200.0
 20
1140900.0
 10
447600.0
 20
1139300.0
 10
446700.0
 20
1139900.0
 10
444600.0
 20
1138600.0
 10
445100.0
 20
1136800.0
 10
443800.0
 20
1136100.0
 10
445400.0
 20
1134700.0
 10
445000.0
 20
1132000.0
 10
446600.0
 20
1130900.0
 10
445500.0
 20
1128400.0
 10
443600.0
 20
1128600.0
 10
444700.0
 20
1122700.0
 10
442100.0
 20
1123900.0
 10
440700.0
 20
1107900.0
 10
439600.0
 20
1110200.0
 10
438700.0
 20
1109100.0
 10
439200.0
 20
1111700.0
 10
436600.0
 20
1112100.0
 10
435000.0
 20
1113900.0
 10
436100.0
 20
1118000.0
 10
437900.0
 20
1118600.0
 10
436400.0
 20
1121600.0
 10
437900.0
 20
1121600.0
 10
441100.0
 20
1136900.0
 10
439600.0
 20
1141500.0
 10
440600.0
 20
1144800.0
 10
438200.0
 20
1144200.0
 10
440600.0
 20
1151400.0
 10
439600.0
 20
1151500.0
 10
437300.0
 20
1146800.0
 10
435700.0
 20
1151300.0
 10
432700.0
 20
1152900.0
 10
436100.0
 20
1147600.0
 10
435800.0
 20
1146000.0
 10
433500.0
 20
1147600.0
 10
433100.0
 20
1144000.0
 10
432300.0
 20
1145300.0
 10
430300.0
 20
1141400.0
 10
426300.0
 20
1145500.0
 10
427300.0
 20
1147400.0
 10
429700.0
 20
1148200.0
 10
427600.0
 20
1151100.0
 10
426400.0
 20
1147700.0
 10
425100.0
 20
1149600.0
 10
420900.0
 20
1148200.0
 10
418400.0
 20
1150600.0
 10
417200.0
 20
1155700.0
 10
420100.0
 20
1158600.0
 10
422000.0
 20
1158900.0
 10
425100.0
 20
1156600.0
 10
424600.0
 20
1158100.0
 10
426600.0
 20
1157400.0
 10
426200.0
 20
1158900.0
 10
428700.0
 20
1159300.0
 10
429600.0
 20
1155100.0
 10
430700.0
 20
1155900.0
 10
430000.0
 20
1158200.0
 10
431100.0
 20
1158200.0
 10
430700.0
 20
1159800.0
 10
432000.0
 20
1160400.0
 10
434700.0
 20
1158400.0
 10
435300.0
 20
1156000.0
 10
436800.0
 20
1158200.0
 10
435200.0
 20
1159800.0
 10
436300.0
 20
1162800.0
 10
437900.0
 20
1162100.0
 10
437200.0
 20
1163400.0
 10
440900.0
 20
1163700.0
 10
436600.0
 20
1165800.0
 10
436300.0
 20
1168200.0
 10
434600.0
 20
1166500.0
 10
433400.0
 20
1167500.0
 10
434000.0
 20
1171200.0
 10
431000.0
 20
1172000.0
 10
430500.0
 20
1178900.0
 10
428700.0
 20
1175000.0
 10
427600.0
 20
1176300.0
 10
428700.0
 20
1178100.0
 10
425800.0
 20
1177800.0
 10
424900.0
 20
1178800.0
 10
423600.0
 20
1177100.0
 10
421600.0
 20
1177800.0
 10
422800.0
 20
1181000.0
 10
424500.0
 20
1181000.0
 10
426000.0
 20
1186000.0
 10
430000.0
 20
1180700.0
 10
432100.0
 20
1180000.0
 10
433900.0
 20
1181100.0
 10
428600.0
 20
1184100.0
 10
430100.0
 20
1187200.0
 10
432400.0
 20
1188700.0
 10
431900.0
 20
1191800.0
 10
434800.0
 20
1192300.0
 10
437600.0
 20
1190300.0
 10
437100.0
 20
1193300.0
 10
438300.0
 20
1195700.0
 10
438900.0
 20
1190900.0
 10
436500.0
 20
1183500.0
 10
437700.0
 20
1183500.0
 10
436500.0
 20
1182600.0
 10
437700.0
 20
1181900.0
 10
436600.0
 20
1178200.0
 10
438800.0
 20
1178900.0
 10
434800.0
 20
1168900.0
 10
437400.0
 20
1169700.0
 10
437300.0
 20
1171700.0
 10
438800.0
 20
1172900.0
 10
442300.0
 20
1173600.0
 10
438900.0
 20
1176600.0
 10
440100.0
 20
1178100.0
 10
440800.0
 20
1175900.0
 10
443100.0
 20
1179600.0
 10
446800.0
 20
1172200.0
 10
444900.0
 20
1172300.0
 10
443000.0
 20
1169700.0
 10
445000.0
 20
1170600.0
 10
444200.0
 20
1169000.0
 10
446100.0
 20
1170100.0
 10
447300.0
 20
1167500.0
 10
451100.0
 20
1173800.0
  0
LWPOLYLINE
  5
113
330
17
100
AcDbEntity
  8
COASTLINE
100
AcDbPolyline
 90
5
 70
1
 10
-119300.0
 20
197700.0
 10
-122200.0
 20
196100.0
 10
-123000.0
 20
196700.0
 10
-120300.0
 20
198900.0
 10
-119300.0
 20
197700.0
  0
LWPOLYLINE
  5
114
330
17
100
AcDbEntity
  8
COASTLINE
100
AcDbPolyline
 90
5
 70
1
 10
-113100.0
 20
406100.0
 10
-111900.0
 20
406600.0
 10
-108700.0
 20
405000.0
 10
-112900.0
 20
404200.0
 10
-113100.0
 20
406100.0
  0
LWPOLYLINE
  5
115
330
17
100
AcDbEntity
  8
COASTLINE
100
AcDbPolyline
 90
5
 70
1
 10
-122800.0
 20
464000.0
 10
-125000.0
 20
462500.0
 10
-129800.00000000001
 20
463200.0
 10
-125100.0
 20
466200.0
 10
-122800.0
 20
464000.0
  0
ENDSEC
  0
SECTION
  2
OBJECTS
  0
DICTIONARY
  5
A
330
0
100
AcDbDictionary
281
1
  3
ACAD_COLOR
350
B
  3
ACAD_GROUP
350
C
  3
ACAD_LAYOUT
350
D
  3
ACAD_MATERIAL
350
E
  3
ACAD_MLEADERSTYLE
350
F
  3
ACAD_MLINESTYLE
350
10
  3
ACAD_PLOTSETTINGS
350
11
  3
ACAD_PLOTSTYLENAME
350
12
  3
ACAD_SCALELIST
350
14
  3
ACAD_TABLESTYLE
350
15
  3
ACAD_VISUALSTYLE
350
16
  3
EZDXF_META
350
2D
  0
DICTIONARY
  5
B
330
A
100
AcDbDictionary
281
1
  0
DICTIONARY
  5
C
330
A
100
AcDbDictionary
281
1
  0
DICTIONARY
  5
D
330
A
100
AcDbDictionary
281
1
  3
Model
350
1A
  3
Layout1
350
1E
  0
DICTIONARY
  5
E
330
A
100
AcDbDictionary
281
1
  3
ByBlock
350
1F
  3
ByLayer
350
20
  3
Global
350
21
  0
DICTIONARY
  5
F
330
A
100
AcDbDictionary
281
1
  3
Standard
350
2C
  0
DICTIONARY
  5
10
330
A
100
AcDbDictionary
281
1
  3
Standard
350
22
  0
DICTIONARY
  5
11
330
A
100
AcDbDictionary
281
1
  0
ACDBDICTIONARYWDFLT
  5
12
330
A
100
AcDbDictionary
281
1
  3
Normal
350
13
100
AcDbDictionaryWithDefault
340
13
  0
ACDBPLACEHOLDER
  5
13
330
12
  0
DICTIONARY
  5
14
330
A
100
AcDbDictionary
281
1
  0
DICTIONARY
  5
15
330
A
100
AcDbDictionary
281
1
  0
DICTIONARY
  5
16
330
A
100
AcDbDictionary
281
1
  0
LAYOUT
  5
1A
330
D
100
AcDbPlotSettings
  1

  4
A3
  6

 40
7.5
 41
20.0
 42
7.5
 43
20.0
 44
420.0
 45
297.0
 46
0.0
 47
0.0
 48
0.0
 49
0.0
140
0.0
141
0.0
142
1.0
143
1.0
 70
1024
 72
1
 73
0
 74
5
  7

 75
16
 76
0
 77
2
 78
300
147
1.0
148
0.0
149
0.0
100
AcDbLayout
  1
Model
 70
1
 71
0
 10
0.0
 20
0.0
 11
420.0
 21
297.0
 12
0.0
 22
0.0
 32
0.0
 14
1e+20
 24
1e+20
 34
1e+20
 15
-1e+20
 25
-1e+20
 35
-1e+20
146
0.0
 13
0.0
 23
0.0
 33
0.0
 16
1.0
 26
0.0
 36
0.0
 17
0.0
 27
1.0
 37
0.0
 76
1
330
17
  0
LAYOUT
  5
1E
330
D
100
AcDbPlotSettings
  1

  4
A3
  6

 40
7.5
 41
20.0
 42
7.5
 43
20.0
 44
420.0
 45
297.0
 46
0.0
 47
0.0
 48
0.0
 49
0.0
140
0.0
141
0.0
142
1.0
143
1.0
 70
0
 72
1
 73
0
 74
5
  7

 75
16
 76
0
 77
2
 78
300
147
1.0
148
0.0
149
0.0
100
AcDbLayout
  1
Layout1
 70
1
 71
1
 10
0.0
 20
0.0
 11
420.0
 21
297.0
 12
0.0
 22
0.0
 32
0.0
 14
1e+20
 24
1e+20
 34
1e+20
 15
-1e+20
 25
-1e+20
 35
-1e+20
146
0.0
 13
0.0
 23
0.0
 33
0.0
 16
1.0
 26
0.0
 36
0.0
 17
0.0
 27
1.0
 37
0.0
 76
1
330
1B
  0
MATERIAL
  5
1F
102
{ACAD_REACTORS
330
E
102
}
330
E
100
AcDbMaterial
  1
ByBlock
  2

 70
0
 40
1.0
 71
1
 41
1.0
 91
-1023410177
 42
1.0
 72
1
  3

 73
1
 74
1
 75
1
 44
0.5
 73
0
 45
1.0
 46
1.0
 77
1
  4

 78
1
 79
1
170
1
 48
1.0
171
1
  6

172
1
173
1
174
1
140
1.0
141
1.0
175
1
  7

176
1
177
1
178
1
143
1.0
179
1
  8

270
1
271
1
272
1
145
1.0
146
1.0
273
1
  9

274
1
275
1
276
1
 42
1.0
 72
1
  3

 73
1
 74
1
 75
1
 94
63
  0
MATERIAL
  5
20
102
{ACAD_REACTORS
330
E
102
}
330
E
100
AcDbMaterial
  1
ByLayer
  2

 70
0
 40
1.0
 71
1
 41
1.0
 91
-1023410177
 42
1.0
 72
1
  3

 73
1
 74
1
 75
1
 44
0.5
 73
0
 45
1.0
 46
1.0
 77
1
  4

 78
1
 79
1
170
1
 48
1.0
171
1
  6

172
1
173
1
174
1
140
1.0
141
1.0
175
1
  7

176
1
177
1
178
1
143
1.0
179
1
  8

270
1
271
1
272
1
145
1.0
146
1.0
273
1
  9

274
1
275
1
276
1
 42
1.0
 72
1
  3

 73
1
 74
1
 75
1
 94
63
  0
MATERIAL
  5
21
102
{ACAD_REACTORS
330
E
102
}
330
E
100
AcDbMaterial
  1
Global
  2

 70
0
 40
1.0
 71
1
 41
1.0
 91
-1023410177
 42
1.0
 72
1
  3

 73
1
 74
1
 75
1
 44
0.5
 73
0
 45
1.0
 46
1.0
 77
1
  4

 78
1
 79
1
170
1
 48
1.0
171
1
  6

172
1
173
1
174
1
140
1.0
141
1.0
175
1
  7

176
1
177
1
178
1
143
1.0
179
1
  8

270
1
271
1
272
1
145
1.0
146
1.0
273
1
  9

274
1
275
1
276
1
 42
1.0
 72
1
  3

 73
1
 74
1
 75
1
 94
63
  0
MLINESTYLE
  5
22
102
{ACAD_REACTORS
330
10
102
}
330
10
100
AcDbMlineStyle
  2
Standard
 70
0
  3

 62
256
 51
90.0
 52
90.0
 71
2
 49
0.5
 62
256
  6
BYLAYER
 49
-0.5
 62
256
  6
BYLAYER
  0
MLEADERSTYLE
  5
2C
102
{ACAD_REACTORS
330
F
102
}
330
F
100
AcDbMLeaderStyle
179
2
170
2
171
1
172
0
 90
2
 40
0.0
 41
0.0
173
1
 91
-1056964608
 92
-2
290
1
 42
2.0
291
1
 43
8.0
  3
Standard
 44
4.0
300

342
29
174
1
175
1
176
0
178
1
 93
-1056964608
 45
4.0
292
0
297
0
 46
4.0
 94
-1056964608
 47
1.0
 49
1.0
140
1.0
294
1
141
0.0
177
0
142
1.0
295
0
296
0
143
3.75
271
0
272
9
273
9
  0
DICTIONARY
  5
2D
330
A
100
AcDbDictionary
280
1
281
1
  3
CREATED_BY_EZDXF
350
2E
  3
WRITTEN_BY_EZDXF
350
118
  0
DICTIONARYVAR
  5
2E
330
2D
100
DictionaryVariables
280
0
  1
1.4.4 @ 2026-10-01T14:59:29.209260+00:00
  0
DICTIONARYVAR
  5
118
330
2D
100
DictionaryVariables
280
0
  1
1.4.4 @ 2026-10-01T14:59:29.301764+00:00
  0
ENDSEC
  0
EOF
